ISO-10303-21;
HEADER;
FILE_DESCRIPTION(('Open CASCADE Model'),'2;1');
FILE_NAME('Open CASCADE Shape Model','2026-09-28T08:16:22',('Author'),(
    'Open CASCADE'),'Open CASCADE STEP processor 7.9','Open CASCADE 7.9'
  ,'Unknown');
FILE_SCHEMA(('AUTOMOTIVE_DESIGN { 1 0 10303 214 1 1 1 1 }'));
ENDSEC;
DATA;
#1 = APPLICATION_PROTOCOL_DEFINITION('international standard',
  'automotive_design',2000,#2);
#2 = APPLICATION_CONTEXT(
  'core data for automotive mechanical design processes');
#3 = SHAPE_DEFINITION_REPRESENTATION(#4,#10);
#4 = PRODUCT_DEFINITION_SHAPE('','',#5);
#5 = PRODUCT_DEFINITION('design','',#6,#9);
#6 = PRODUCT_DEFINITION_FORMATION('','',#7);
#7 = PRODUCT('Open CASCADE STEP translator 7.9 1',
  'Open CASCADE STEP translator 7.9 1','',(#8));
#8 = PRODUCT_CONTEXT('',#2,'mechanical');
#9 = PRODUCT_DEFINITION_CONTEXT('part definition',#2,'design');
#10 = SHAPE_REPRESENTATION('',(#11,#15,#19,#23),#27);
#11 = AXIS2_PLACEMENT_3D('',#12,#13,#14);
#12 = CARTESIAN_POINT('',(0.,0.,0.));
#13 = DIRECTION('',(0.,0.,1.));
#14 = DIRECTION('',(1.,0.,-0.));
#15 = AXIS2_PLACEMENT_3D('',#16,#17,#18);
#16 = CARTESIAN_POINT('',(0.,0.,0.));
#17 = DIRECTION('',(0.,0.,1.));
#18 = DIRECTION('',(1.,0.,-0.));
#19 = AXIS2_PLACEMENT_3D('',#20,#21,#22);
#20 = CARTESIAN_POINT('',(0.,0.,0.));
#21 = DIRECTION('',(0.,0.,1.));
#22 = DIRECTION('',(1.,0.,-0.));
#23 = AXIS2_PLACEMENT_3D('',#24,#25,#26);
#24 = CARTESIAN_POINT('',(0.,0.,0.));
#25 = DIRECTION('',(0.,0.,1.));
#26 = DIRECTION('',(1.,0.,-0.));
#27 = ( GEOMETRIC_REPRESENTATION_CONTEXT(3) 
GLOBAL_UNCERTAINTY_ASSIGNED_CONTEXT((#31)) GLOBAL_UNIT_ASSIGNED_CONTEXT(
(#28,#29,#30)) REPRESENTATION_CONTEXT('Context #1',
  '3D Context with UNIT and UNCERTAINTY') );
#28 = ( LENGTH_UNIT() NAMED_UNIT(*) SI_UNIT(.MILLI.,.METRE.) );
#29 = ( NAMED_UNIT(*) PLANE_ANGLE_UNIT() SI_UNIT($,.RADIAN.) );
#30 = ( NAMED_UNIT(*) SI_UNIT($,.STERADIAN.) SOLID_ANGLE_UNIT() );
#31 = UNCERTAINTY_MEASURE_WITH_UNIT(LENGTH_MEASURE(1.E-07),#28,
  'distance_accuracy_value','confusion accuracy');
#32 = PRODUCT_RELATED_PRODUCT_CATEGORY('part',$,(#7));
#33 = SHAPE_DEFINITION_REPRESENTATION(#34,#40);
#34 = PRODUCT_DEFINITION_SHAPE('','',#35);
#35 = PRODUCT_DEFINITION('design','',#36,#39);
#36 = PRODUCT_DEFINITION_FORMATION('','',#37);
#37 = PRODUCT('Open CASCADE STEP translator 7.9 1.1',
  'Open CASCADE STEP translator 7.9 1.1','',(#38));
#38 = PRODUCT_CONTEXT('',#2,'mechanical');
#39 = PRODUCT_DEFINITION_CONTEXT('part definition',#2,'design');
#40 = ADVANCED_BREP_SHAPE_REPRESENTATION('',(#11,#41),#6548);
#41 = MANIFOLD_SOLID_BREP('',#42);
#42 = CLOSED_SHELL('',(#43,#163,#1652,#1706,#1756,#2520,#2547,#2624,
    #2651,#2829,#2879,#2928,#2977,#3024,#3101,#3150,#3199,#3253,#3303,
    #3352,#3401,#3429,#3506,#3555,#3604,#3658,#3708,#3757,#3806,#3834,
    #3911,#3960,#4009,#4063,#4113,#4162,#4211,#4239,#4316,#4365,#4414,
    #4468,#4518,#4567,#4616,#4644,#4721,#4770,#4820,#4869,#4919,#4968,
    #5022,#5049,#5076,#5103,#5130,#5157,#5234,#5281,#5331,#5383,#5437,
    #5484,#5532,#5584,#5738,#5787,#5837,#5887,#5937,#5965,#5992,#5998,
    #6004,#6015,#6026,#6037,#6048,#6059,#6209,#6241,#6281,#6357,#6406,
    #6455,#6482,#6537,#6544));
#43 = ADVANCED_FACE('',(#44),#58,.F.);
#44 = FACE_BOUND('',#45,.F.);
#45 = EDGE_LOOP('',(#46,#81,#109,#137));
#46 = ORIENTED_EDGE('',*,*,#47,.F.);
#47 = EDGE_CURVE('',#48,#50,#52,.T.);
#48 = VERTEX_POINT('',#49);
#49 = CARTESIAN_POINT('',(137.98,-153.796,-6.85));
#50 = VERTEX_POINT('',#51);
#51 = CARTESIAN_POINT('',(159.02,-153.796,-6.85));
#52 = SURFACE_CURVE('',#53,(#57,#69),.PCURVE_S1.);
#53 = LINE('',#54,#55);
#54 = CARTESIAN_POINT('',(135.98,-153.796,-6.85));
#55 = VECTOR('',#56,1.);
#56 = DIRECTION('',(1.,0.,0.));
#57 = PCURVE('',#58,#63);
#58 = PLANE('',#59);
#59 = AXIS2_PLACEMENT_3D('',#60,#61,#62);
#60 = CARTESIAN_POINT('',(135.98,-153.796,-6.85));
#61 = DIRECTION('',(0.,1.,0.));
#62 = DIRECTION('',(1.,0.,0.));
#63 = DEFINITIONAL_REPRESENTATION('',(#64),#68);
#64 = LINE('',#65,#66);
#65 = CARTESIAN_POINT('',(0.,0.));
#66 = VECTOR('',#67,1.);
#67 = DIRECTION('',(1.,0.));
#68 = ( GEOMETRIC_REPRESENTATION_CONTEXT(2) 
PARAMETRIC_REPRESENTATION_CONTEXT() REPRESENTATION_CONTEXT('2D SPACE',''
  ) );
#69 = PCURVE('',#70,#75);
#70 = PLANE('',#71);
#71 = AXIS2_PLACEMENT_3D('',#72,#73,#74);
#72 = CARTESIAN_POINT('',(148.5,-120.928,-6.85));
#73 = DIRECTION('',(0.,0.,1.));
#74 = DIRECTION('',(1.,0.,-0.));
#75 = DEFINITIONAL_REPRESENTATION('',(#76),#80);
#76 = LINE('',#77,#78);
#77 = CARTESIAN_POINT('',(-12.52,-32.868));
#78 = VECTOR('',#79,1.);
#79 = DIRECTION('',(1.,0.));
#80 = ( GEOMETRIC_REPRESENTATION_CONTEXT(2) 
PARAMETRIC_REPRESENTATION_CONTEXT() REPRESENTATION_CONTEXT('2D SPACE',''
  ) );
#81 = ORIENTED_EDGE('',*,*,#82,.T.);
#82 = EDGE_CURVE('',#48,#83,#85,.T.);
#83 = VERTEX_POINT('',#84);
#84 = CARTESIAN_POINT('',(137.98,-153.796,0.));
#85 = SURFACE_CURVE('',#86,(#90,#97),.PCURVE_S1.);
#86 = LINE('',#87,#88);
#87 = CARTESIAN_POINT('',(137.98,-153.796,-6.85));
#88 = VECTOR('',#89,1.);
#89 = DIRECTION('',(0.,0.,1.));
#90 = PCURVE('',#58,#91);
#91 = DEFINITIONAL_REPRESENTATION('',(#92),#96);
#92 = LINE('',#93,#94);
#93 = CARTESIAN_POINT('',(2.,0.));
#94 = VECTOR('',#95,1.);
#95 = DIRECTION('',(0.,-1.));
#96 = ( GEOMETRIC_REPRESENTATION_CONTEXT(2) 
PARAMETRIC_REPRESENTATION_CONTEXT() REPRESENTATION_CONTEXT('2D SPACE',''
  ) );
#97 = PCURVE('',#98,#103);
#98 = CYLINDRICAL_SURFACE('',#99,2.);
#99 = AXIS2_PLACEMENT_3D('',#100,#101,#102);
#100 = CARTESIAN_POINT('',(137.98,-151.796,-6.85));
#101 = DIRECTION('',(0.,0.,1.));
#102 = DIRECTION('',(0.,-1.,0.));
#103 = DEFINITIONAL_REPRESENTATION('',(#104),#108);
#104 = LINE('',#105,#106);
#105 = CARTESIAN_POINT('',(-0.,0.));
#106 = VECTOR('',#107,1.);
#107 = DIRECTION('',(-0.,1.));
#108 = ( GEOMETRIC_REPRESENTATION_CONTEXT(2) 
PARAMETRIC_REPRESENTATION_CONTEXT() REPRESENTATION_CONTEXT('2D SPACE',''
  ) );
#109 = ORIENTED_EDGE('',*,*,#110,.T.);
#110 = EDGE_CURVE('',#83,#111,#113,.T.);
#111 = VERTEX_POINT('',#112);
#112 = CARTESIAN_POINT('',(159.02,-153.796,0.));
#113 = SURFACE_CURVE('',#114,(#118,#125),.PCURVE_S1.);
#114 = LINE('',#115,#116);
#115 = CARTESIAN_POINT('',(135.98,-153.796,0.));
#116 = VECTOR('',#117,1.);
#117 = DIRECTION('',(1.,0.,0.));
#118 = PCURVE('',#58,#119);
#119 = DEFINITIONAL_REPRESENTATION('',(#120),#124);
#120 = LINE('',#121,#122);
#121 = CARTESIAN_POINT('',(0.,-6.85));
#122 = VECTOR('',#123,1.);
#123 = DIRECTION('',(1.,0.));
#124 = ( GEOMETRIC_REPRESENTATION_CONTEXT(2) 
PARAMETRIC_REPRESENTATION_CONTEXT() REPRESENTATION_CONTEXT('2D SPACE',''
  ) );
#125 = PCURVE('',#126,#131);
#126 = PLANE('',#127);
#127 = AXIS2_PLACEMENT_3D('',#128,#129,#130);
#128 = CARTESIAN_POINT('',(148.5,-120.928,0.));
#129 = DIRECTION('',(0.,0.,1.));
#130 = DIRECTION('',(1.,0.,-0.));
#131 = DEFINITIONAL_REPRESENTATION('',(#132),#136);
#132 = LINE('',#133,#134);
#133 = CARTESIAN_POINT('',(-12.52,-32.868));
#134 = VECTOR('',#135,1.);
#135 = DIRECTION('',(1.,0.));
#136 = ( GEOMETRIC_REPRESENTATION_CONTEXT(2) 
PARAMETRIC_REPRESENTATION_CONTEXT() REPRESENTATION_CONTEXT('2D SPACE',''
  ) );
#137 = ORIENTED_EDGE('',*,*,#138,.F.);
#138 = EDGE_CURVE('',#50,#111,#139,.T.);
#139 = SURFACE_CURVE('',#140,(#144,#151),.PCURVE_S1.);
#140 = LINE('',#141,#142);
#141 = CARTESIAN_POINT('',(159.02,-153.796,-6.85));
#142 = VECTOR('',#143,1.);
#143 = DIRECTION('',(0.,0.,1.));
#144 = PCURVE('',#58,#145);
#145 = DEFINITIONAL_REPRESENTATION('',(#146),#150);
#146 = LINE('',#147,#148);
#147 = CARTESIAN_POINT('',(23.04,0.));
#148 = VECTOR('',#149,1.);
#149 = DIRECTION('',(0.,-1.));
#150 = ( GEOMETRIC_REPRESENTATION_CONTEXT(2) 
PARAMETRIC_REPRESENTATION_CONTEXT() REPRESENTATION_CONTEXT('2D SPACE',''
  ) );
#151 = PCURVE('',#152,#157);
#152 = CYLINDRICAL_SURFACE('',#153,2.);
#153 = AXIS2_PLACEMENT_3D('',#154,#155,#156);
#154 = CARTESIAN_POINT('',(159.02,-151.796,-6.85));
#155 = DIRECTION('',(0.,0.,1.));
#156 = DIRECTION('',(0.,-1.,0.));
#157 = DEFINITIONAL_REPRESENTATION('',(#158),#162);
#158 = LINE('',#159,#160);
#159 = CARTESIAN_POINT('',(0.,0.));
#160 = VECTOR('',#161,1.);
#161 = DIRECTION('',(0.,1.));
#162 = ( GEOMETRIC_REPRESENTATION_CONTEXT(2) 
PARAMETRIC_REPRESENTATION_CONTEXT() REPRESENTATION_CONTEXT('2D SPACE',''
  ) );
#163 = ADVANCED_FACE('',(#164,#511,#542,#764,#986,#1208,#1430),#70,.F.);
#164 = FACE_BOUND('',#165,.F.);
#165 = EDGE_LOOP('',(#166,#194,#195,#219,#247,#276,#304,#333,#357,#380,
    #409,#433,#456,#485));
#166 = ORIENTED_EDGE('',*,*,#167,.F.);
#167 = EDGE_CURVE('',#48,#168,#170,.T.);
#168 = VERTEX_POINT('',#169);
#169 = CARTESIAN_POINT('',(135.98,-151.796,-6.85));
#170 = SURFACE_CURVE('',#171,(#176,#187),.PCURVE_S1.);
#171 = CIRCLE('',#172,2.);
#172 = AXIS2_PLACEMENT_3D('',#173,#174,#175);
#173 = CARTESIAN_POINT('',(137.98,-151.796,-6.85));
#174 = DIRECTION('',(-0.,-0.,-1.));
#175 = DIRECTION('',(0.,-1.,0.));
#176 = PCURVE('',#70,#177);
#177 = DEFINITIONAL_REPRESENTATION('',(#178),#186);
#178 = ( BOUNDED_CURVE() B_SPLINE_CURVE(2,(#179,#180,#181,#182,#183,#184
,#185),.UNSPECIFIED.,.T.,.F.) B_SPLINE_CURVE_WITH_KNOTS((1,2,2,2,2,1),(
    -2.094395102393,0.,2.094395102393,4.188790204786,6.28318530718,
8.377580409573),.UNSPECIFIED.) CURVE() GEOMETRIC_REPRESENTATION_ITEM() 
RATIONAL_B_SPLINE_CURVE((1.,0.5,1.,0.5,1.,0.5,1.)) REPRESENTATION_ITEM(
  '') );
#179 = CARTESIAN_POINT('',(-10.52,-32.868));
#180 = CARTESIAN_POINT('',(-13.98410161513,-32.868));
#181 = CARTESIAN_POINT('',(-12.25205080756,-29.868));
#182 = CARTESIAN_POINT('',(-10.52,-26.868));
#183 = CARTESIAN_POINT('',(-8.787949192431,-29.868));
#184 = CARTESIAN_POINT('',(-7.055898384862,-32.868));
#185 = CARTESIAN_POINT('',(-10.52,-32.868));
#186 = ( GEOMETRIC_REPRESENTATION_CONTEXT(2) 
PARAMETRIC_REPRESENTATION_CONTEXT() REPRESENTATION_CONTEXT('2D SPACE',''
  ) );
#187 = PCURVE('',#98,#188);
#188 = DEFINITIONAL_REPRESENTATION('',(#189),#193);
#189 = LINE('',#190,#191);
#190 = CARTESIAN_POINT('',(-0.,0.));
#191 = VECTOR('',#192,1.);
#192 = DIRECTION('',(-1.,0.));
#193 = ( GEOMETRIC_REPRESENTATION_CONTEXT(2) 
PARAMETRIC_REPRESENTATION_CONTEXT() REPRESENTATION_CONTEXT('2D SPACE',''
  ) );
#194 = ORIENTED_EDGE('',*,*,#47,.T.);
#195 = ORIENTED_EDGE('',*,*,#196,.T.);
#196 = EDGE_CURVE('',#50,#197,#199,.T.);
#197 = VERTEX_POINT('',#198);
#198 = CARTESIAN_POINT('',(161.02,-151.796,-6.85));
#199 = SURFACE_CURVE('',#200,(#205,#212),.PCURVE_S1.);
#200 = CIRCLE('',#201,2.);
#201 = AXIS2_PLACEMENT_3D('',#202,#203,#204);
#202 = CARTESIAN_POINT('',(159.02,-151.796,-6.85));
#203 = DIRECTION('',(0.,0.,1.));
#204 = DIRECTION('',(0.,-1.,0.));
#205 = PCURVE('',#70,#206);
#206 = DEFINITIONAL_REPRESENTATION('',(#207),#211);
#207 = CIRCLE('',#208,2.);
#208 = AXIS2_PLACEMENT_2D('',#209,#210);
#209 = CARTESIAN_POINT('',(10.52,-30.868));
#210 = DIRECTION('',(0.,-1.));
#211 = ( GEOMETRIC_REPRESENTATION_CONTEXT(2) 
PARAMETRIC_REPRESENTATION_CONTEXT() REPRESENTATION_CONTEXT('2D SPACE',''
  ) );
#212 = PCURVE('',#152,#213);
#213 = DEFINITIONAL_REPRESENTATION('',(#214),#218);
#214 = LINE('',#215,#216);
#215 = CARTESIAN_POINT('',(0.,0.));
#216 = VECTOR('',#217,1.);
#217 = DIRECTION('',(1.,0.));
#218 = ( GEOMETRIC_REPRESENTATION_CONTEXT(2) 
PARAMETRIC_REPRESENTATION_CONTEXT() REPRESENTATION_CONTEXT('2D SPACE',''
  ) );
#219 = ORIENTED_EDGE('',*,*,#220,.T.);
#220 = EDGE_CURVE('',#197,#221,#223,.T.);
#221 = VERTEX_POINT('',#222);
#222 = CARTESIAN_POINT('',(161.02,-90.06,-6.85));
#223 = SURFACE_CURVE('',#224,(#228,#235),.PCURVE_S1.);
#224 = LINE('',#225,#226);
#225 = CARTESIAN_POINT('',(161.02,-153.796,-6.85));
#226 = VECTOR('',#227,1.);
#227 = DIRECTION('',(0.,1.,0.));
#228 = PCURVE('',#70,#229);
#229 = DEFINITIONAL_REPRESENTATION('',(#230),#234);
#230 = LINE('',#231,#232);
#231 = CARTESIAN_POINT('',(12.52,-32.868));
#232 = VECTOR('',#233,1.);
#233 = DIRECTION('',(0.,1.));
#234 = ( GEOMETRIC_REPRESENTATION_CONTEXT(2) 
PARAMETRIC_REPRESENTATION_CONTEXT() REPRESENTATION_CONTEXT('2D SPACE',''
  ) );
#235 = PCURVE('',#236,#241);
#236 = PLANE('',#237);
#237 = AXIS2_PLACEMENT_3D('',#238,#239,#240);
#238 = CARTESIAN_POINT('',(161.02,-153.796,-6.85));
#239 = DIRECTION('',(-1.,0.,0.));
#240 = DIRECTION('',(0.,1.,0.));
#241 = DEFINITIONAL_REPRESENTATION('',(#242),#246);
#242 = LINE('',#243,#244);
#243 = CARTESIAN_POINT('',(0.,0.));
#244 = VECTOR('',#245,1.);
#245 = DIRECTION('',(1.,0.));
#246 = ( GEOMETRIC_REPRESENTATION_CONTEXT(2) 
PARAMETRIC_REPRESENTATION_CONTEXT() REPRESENTATION_CONTEXT('2D SPACE',''
  ) );
#247 = ORIENTED_EDGE('',*,*,#248,.T.);
#248 = EDGE_CURVE('',#221,#249,#251,.T.);
#249 = VERTEX_POINT('',#250);
#250 = CARTESIAN_POINT('',(159.02,-88.06,-6.85));
#251 = SURFACE_CURVE('',#252,(#257,#264),.PCURVE_S1.);
#252 = CIRCLE('',#253,2.);
#253 = AXIS2_PLACEMENT_3D('',#254,#255,#256);
#254 = CARTESIAN_POINT('',(159.02,-90.06,-6.85));
#255 = DIRECTION('',(0.,0.,1.));
#256 = DIRECTION('',(0.,-1.,0.));
#257 = PCURVE('',#70,#258);
#258 = DEFINITIONAL_REPRESENTATION('',(#259),#263);
#259 = CIRCLE('',#260,2.);
#260 = AXIS2_PLACEMENT_2D('',#261,#262);
#261 = CARTESIAN_POINT('',(10.52,30.868));
#262 = DIRECTION('',(0.,-1.));
#263 = ( GEOMETRIC_REPRESENTATION_CONTEXT(2) 
PARAMETRIC_REPRESENTATION_CONTEXT() REPRESENTATION_CONTEXT('2D SPACE',''
  ) );
#264 = PCURVE('',#265,#270);
#265 = CYLINDRICAL_SURFACE('',#266,2.);
#266 = AXIS2_PLACEMENT_3D('',#267,#268,#269);
#267 = CARTESIAN_POINT('',(159.02,-90.06,-6.85));
#268 = DIRECTION('',(0.,0.,1.));
#269 = DIRECTION('',(1.,0.,-0.));
#270 = DEFINITIONAL_REPRESENTATION('',(#271),#275);
#271 = LINE('',#272,#273);
#272 = CARTESIAN_POINT('',(-1.570796326795,0.));
#273 = VECTOR('',#274,1.);
#274 = DIRECTION('',(1.,0.));
#275 = ( GEOMETRIC_REPRESENTATION_CONTEXT(2) 
PARAMETRIC_REPRESENTATION_CONTEXT() REPRESENTATION_CONTEXT('2D SPACE',''
  ) );
#276 = ORIENTED_EDGE('',*,*,#277,.T.);
#277 = EDGE_CURVE('',#249,#278,#280,.T.);
#278 = VERTEX_POINT('',#279);
#279 = CARTESIAN_POINT('',(157.61498123308,-88.06,-6.85));
#280 = SURFACE_CURVE('',#281,(#285,#292),.PCURVE_S1.);
#281 = LINE('',#282,#283);
#282 = CARTESIAN_POINT('',(161.02,-88.06,-6.85));
#283 = VECTOR('',#284,1.);
#284 = DIRECTION('',(-1.,0.,0.));
#285 = PCURVE('',#70,#286);
#286 = DEFINITIONAL_REPRESENTATION('',(#287),#291);
#287 = LINE('',#288,#289);
#288 = CARTESIAN_POINT('',(12.52,32.868));
#289 = VECTOR('',#290,1.);
#290 = DIRECTION('',(-1.,0.));
#291 = ( GEOMETRIC_REPRESENTATION_CONTEXT(2) 
PARAMETRIC_REPRESENTATION_CONTEXT() REPRESENTATION_CONTEXT('2D SPACE',''
  ) );
#292 = PCURVE('',#293,#298);
#293 = PLANE('',#294);
#294 = AXIS2_PLACEMENT_3D('',#295,#296,#297);
#295 = CARTESIAN_POINT('',(161.02,-88.06,-6.85));
#296 = DIRECTION('',(0.,-1.,0.));
#297 = DIRECTION('',(-1.,0.,0.));
#298 = DEFINITIONAL_REPRESENTATION('',(#299),#303);
#299 = LINE('',#300,#301);
#300 = CARTESIAN_POINT('',(0.,-0.));
#301 = VECTOR('',#302,1.);
#302 = DIRECTION('',(1.,0.));
#303 = ( GEOMETRIC_REPRESENTATION_CONTEXT(2) 
PARAMETRIC_REPRESENTATION_CONTEXT() REPRESENTATION_CONTEXT('2D SPACE',''
  ) );
#304 = ORIENTED_EDGE('',*,*,#305,.F.);
#305 = EDGE_CURVE('',#306,#278,#308,.T.);
#306 = VERTEX_POINT('',#307);
#307 = CARTESIAN_POINT('',(159.596,-90.951,-6.85));
#308 = SURFACE_CURVE('',#309,(#314,#321),.PCURVE_S1.);
#309 = CIRCLE('',#310,3.1);
#310 = AXIS2_PLACEMENT_3D('',#311,#312,#313);
#311 = CARTESIAN_POINT('',(156.496,-90.951,-6.85));
#312 = DIRECTION('',(0.,0.,1.));
#313 = DIRECTION('',(1.,0.,0.));
#314 = PCURVE('',#70,#315);
#315 = DEFINITIONAL_REPRESENTATION('',(#316),#320);
#316 = CIRCLE('',#317,3.1);
#317 = AXIS2_PLACEMENT_2D('',#318,#319);
#318 = CARTESIAN_POINT('',(7.996,29.977));
#319 = DIRECTION('',(1.,0.));
#320 = ( GEOMETRIC_REPRESENTATION_CONTEXT(2) 
PARAMETRIC_REPRESENTATION_CONTEXT() REPRESENTATION_CONTEXT('2D SPACE',''
  ) );
#321 = PCURVE('',#322,#327);
#322 = CONICAL_SURFACE('',#323,3.1,0.688924388215);
#323 = AXIS2_PLACEMENT_3D('',#324,#325,#326);
#324 = CARTESIAN_POINT('',(156.496,-90.951,-6.85));
#325 = DIRECTION('',(-0.,-0.,-1.));
#326 = DIRECTION('',(1.,0.,0.));
#327 = DEFINITIONAL_REPRESENTATION('',(#328),#332);
#328 = LINE('',#329,#330);
#329 = CARTESIAN_POINT('',(-0.,-0.));
#330 = VECTOR('',#331,1.);
#331 = DIRECTION('',(-1.,-0.));
#332 = ( GEOMETRIC_REPRESENTATION_CONTEXT(2) 
PARAMETRIC_REPRESENTATION_CONTEXT() REPRESENTATION_CONTEXT('2D SPACE',''
  ) );
#333 = ORIENTED_EDGE('',*,*,#334,.F.);
#334 = EDGE_CURVE('',#335,#306,#337,.T.);
#335 = VERTEX_POINT('',#336);
#336 = CARTESIAN_POINT('',(155.37701876691,-88.06,-6.85));
#337 = SURFACE_CURVE('',#338,(#343,#350),.PCURVE_S1.);
#338 = CIRCLE('',#339,3.1);
#339 = AXIS2_PLACEMENT_3D('',#340,#341,#342);
#340 = CARTESIAN_POINT('',(156.496,-90.951,-6.85));
#341 = DIRECTION('',(0.,0.,1.));
#342 = DIRECTION('',(1.,0.,0.));
#343 = PCURVE('',#70,#344);
#344 = DEFINITIONAL_REPRESENTATION('',(#345),#349);
#345 = CIRCLE('',#346,3.1);
#346 = AXIS2_PLACEMENT_2D('',#347,#348);
#347 = CARTESIAN_POINT('',(7.996,29.977));
#348 = DIRECTION('',(1.,0.));
#349 = ( GEOMETRIC_REPRESENTATION_CONTEXT(2) 
PARAMETRIC_REPRESENTATION_CONTEXT() REPRESENTATION_CONTEXT('2D SPACE',''
  ) );
#350 = PCURVE('',#322,#351);
#351 = DEFINITIONAL_REPRESENTATION('',(#352),#356);
#352 = LINE('',#353,#354);
#353 = CARTESIAN_POINT('',(-0.,-0.));
#354 = VECTOR('',#355,1.);
#355 = DIRECTION('',(-1.,-0.));
#356 = ( GEOMETRIC_REPRESENTATION_CONTEXT(2) 
PARAMETRIC_REPRESENTATION_CONTEXT() REPRESENTATION_CONTEXT('2D SPACE',''
  ) );
#357 = ORIENTED_EDGE('',*,*,#358,.T.);
#358 = EDGE_CURVE('',#335,#359,#361,.T.);
#359 = VERTEX_POINT('',#360);
#360 = CARTESIAN_POINT('',(141.61498123308,-88.06,-6.85));
#361 = SURFACE_CURVE('',#362,(#366,#373),.PCURVE_S1.);
#362 = LINE('',#363,#364);
#363 = CARTESIAN_POINT('',(161.02,-88.06,-6.85));
#364 = VECTOR('',#365,1.);
#365 = DIRECTION('',(-1.,0.,0.));
#366 = PCURVE('',#70,#367);
#367 = DEFINITIONAL_REPRESENTATION('',(#368),#372);
#368 = LINE('',#369,#370);
#369 = CARTESIAN_POINT('',(12.52,32.868));
#370 = VECTOR('',#371,1.);
#371 = DIRECTION('',(-1.,0.));
#372 = ( GEOMETRIC_REPRESENTATION_CONTEXT(2) 
PARAMETRIC_REPRESENTATION_CONTEXT() REPRESENTATION_CONTEXT('2D SPACE',''
  ) );
#373 = PCURVE('',#293,#374);
#374 = DEFINITIONAL_REPRESENTATION('',(#375),#379);
#375 = LINE('',#376,#377);
#376 = CARTESIAN_POINT('',(0.,-0.));
#377 = VECTOR('',#378,1.);
#378 = DIRECTION('',(1.,0.));
#379 = ( GEOMETRIC_REPRESENTATION_CONTEXT(2) 
PARAMETRIC_REPRESENTATION_CONTEXT() REPRESENTATION_CONTEXT('2D SPACE',''
  ) );
#380 = ORIENTED_EDGE('',*,*,#381,.F.);
#381 = EDGE_CURVE('',#382,#359,#384,.T.);
#382 = VERTEX_POINT('',#383);
#383 = CARTESIAN_POINT('',(143.596,-90.951,-6.85));
#384 = SURFACE_CURVE('',#385,(#390,#397),.PCURVE_S1.);
#385 = CIRCLE('',#386,3.1);
#386 = AXIS2_PLACEMENT_3D('',#387,#388,#389);
#387 = CARTESIAN_POINT('',(140.496,-90.951,-6.85));
#388 = DIRECTION('',(0.,0.,1.));
#389 = DIRECTION('',(1.,0.,0.));
#390 = PCURVE('',#70,#391);
#391 = DEFINITIONAL_REPRESENTATION('',(#392),#396);
#392 = CIRCLE('',#393,3.1);
#393 = AXIS2_PLACEMENT_2D('',#394,#395);
#394 = CARTESIAN_POINT('',(-8.004,29.977));
#395 = DIRECTION('',(1.,0.));
#396 = ( GEOMETRIC_REPRESENTATION_CONTEXT(2) 
PARAMETRIC_REPRESENTATION_CONTEXT() REPRESENTATION_CONTEXT('2D SPACE',''
  ) );
#397 = PCURVE('',#398,#403);
#398 = CONICAL_SURFACE('',#399,3.1,0.688924388215);
#399 = AXIS2_PLACEMENT_3D('',#400,#401,#402);
#400 = CARTESIAN_POINT('',(140.496,-90.951,-6.85));
#401 = DIRECTION('',(-0.,-0.,-1.));
#402 = DIRECTION('',(1.,0.,0.));
#403 = DEFINITIONAL_REPRESENTATION('',(#404),#408);
#404 = LINE('',#405,#406);
#405 = CARTESIAN_POINT('',(-0.,-0.));
#406 = VECTOR('',#407,1.);
#407 = DIRECTION('',(-1.,-0.));
#408 = ( GEOMETRIC_REPRESENTATION_CONTEXT(2) 
PARAMETRIC_REPRESENTATION_CONTEXT() REPRESENTATION_CONTEXT('2D SPACE',''
  ) );
#409 = ORIENTED_EDGE('',*,*,#410,.F.);
#410 = EDGE_CURVE('',#411,#382,#413,.T.);
#411 = VERTEX_POINT('',#412);
#412 = CARTESIAN_POINT('',(139.37701876691,-88.06,-6.85));
#413 = SURFACE_CURVE('',#414,(#419,#426),.PCURVE_S1.);
#414 = CIRCLE('',#415,3.1);
#415 = AXIS2_PLACEMENT_3D('',#416,#417,#418);
#416 = CARTESIAN_POINT('',(140.496,-90.951,-6.85));
#417 = DIRECTION('',(0.,0.,1.));
#418 = DIRECTION('',(1.,0.,0.));
#419 = PCURVE('',#70,#420);
#420 = DEFINITIONAL_REPRESENTATION('',(#421),#425);
#421 = CIRCLE('',#422,3.1);
#422 = AXIS2_PLACEMENT_2D('',#423,#424);
#423 = CARTESIAN_POINT('',(-8.004,29.977));
#424 = DIRECTION('',(1.,0.));
#425 = ( GEOMETRIC_REPRESENTATION_CONTEXT(2) 
PARAMETRIC_REPRESENTATION_CONTEXT() REPRESENTATION_CONTEXT('2D SPACE',''
  ) );
#426 = PCURVE('',#398,#427);
#427 = DEFINITIONAL_REPRESENTATION('',(#428),#432);
#428 = LINE('',#429,#430);
#429 = CARTESIAN_POINT('',(-0.,-0.));
#430 = VECTOR('',#431,1.);
#431 = DIRECTION('',(-1.,-0.));
#432 = ( GEOMETRIC_REPRESENTATION_CONTEXT(2) 
PARAMETRIC_REPRESENTATION_CONTEXT() REPRESENTATION_CONTEXT('2D SPACE',''
  ) );
#433 = ORIENTED_EDGE('',*,*,#434,.T.);
#434 = EDGE_CURVE('',#411,#435,#437,.T.);
#435 = VERTEX_POINT('',#436);
#436 = CARTESIAN_POINT('',(137.98,-88.06,-6.85));
#437 = SURFACE_CURVE('',#438,(#442,#449),.PCURVE_S1.);
#438 = LINE('',#439,#440);
#439 = CARTESIAN_POINT('',(161.02,-88.06,-6.85));
#440 = VECTOR('',#441,1.);
#441 = DIRECTION('',(-1.,0.,0.));
#442 = PCURVE('',#70,#443);
#443 = DEFINITIONAL_REPRESENTATION('',(#444),#448);
#444 = LINE('',#445,#446);
#445 = CARTESIAN_POINT('',(12.52,32.868));
#446 = VECTOR('',#447,1.);
#447 = DIRECTION('',(-1.,0.));
#448 = ( GEOMETRIC_REPRESENTATION_CONTEXT(2) 
PARAMETRIC_REPRESENTATION_CONTEXT() REPRESENTATION_CONTEXT('2D SPACE',''
  ) );
#449 = PCURVE('',#293,#450);
#450 = DEFINITIONAL_REPRESENTATION('',(#451),#455);
#451 = LINE('',#452,#453);
#452 = CARTESIAN_POINT('',(0.,-0.));
#453 = VECTOR('',#454,1.);
#454 = DIRECTION('',(1.,0.));
#455 = ( GEOMETRIC_REPRESENTATION_CONTEXT(2) 
PARAMETRIC_REPRESENTATION_CONTEXT() REPRESENTATION_CONTEXT('2D SPACE',''
  ) );
#456 = ORIENTED_EDGE('',*,*,#457,.T.);
#457 = EDGE_CURVE('',#435,#458,#460,.T.);
#458 = VERTEX_POINT('',#459);
#459 = CARTESIAN_POINT('',(135.98,-90.06,-6.85));
#460 = SURFACE_CURVE('',#461,(#466,#473),.PCURVE_S1.);
#461 = CIRCLE('',#462,2.);
#462 = AXIS2_PLACEMENT_3D('',#463,#464,#465);
#463 = CARTESIAN_POINT('',(137.98,-90.06,-6.85));
#464 = DIRECTION('',(0.,0.,1.));
#465 = DIRECTION('',(0.,-1.,0.));
#466 = PCURVE('',#70,#467);
#467 = DEFINITIONAL_REPRESENTATION('',(#468),#472);
#468 = CIRCLE('',#469,2.);
#469 = AXIS2_PLACEMENT_2D('',#470,#471);
#470 = CARTESIAN_POINT('',(-10.52,30.868));
#471 = DIRECTION('',(0.,-1.));
#472 = ( GEOMETRIC_REPRESENTATION_CONTEXT(2) 
PARAMETRIC_REPRESENTATION_CONTEXT() REPRESENTATION_CONTEXT('2D SPACE',''
  ) );
#473 = PCURVE('',#474,#479);
#474 = CYLINDRICAL_SURFACE('',#475,2.);
#475 = AXIS2_PLACEMENT_3D('',#476,#477,#478);
#476 = CARTESIAN_POINT('',(137.98,-90.06,-6.85));
#477 = DIRECTION('',(0.,0.,1.));
#478 = DIRECTION('',(-0.,1.,0.));
#479 = DEFINITIONAL_REPRESENTATION('',(#480),#484);
#480 = LINE('',#481,#482);
#481 = CARTESIAN_POINT('',(-3.14159265359,0.));
#482 = VECTOR('',#483,1.);
#483 = DIRECTION('',(1.,0.));
#484 = ( GEOMETRIC_REPRESENTATION_CONTEXT(2) 
PARAMETRIC_REPRESENTATION_CONTEXT() REPRESENTATION_CONTEXT('2D SPACE',''
  ) );
#485 = ORIENTED_EDGE('',*,*,#486,.T.);
#486 = EDGE_CURVE('',#458,#168,#487,.T.);
#487 = SURFACE_CURVE('',#488,(#492,#499),.PCURVE_S1.);
#488 = LINE('',#489,#490);
#489 = CARTESIAN_POINT('',(135.98,-88.06,-6.85));
#490 = VECTOR('',#491,1.);
#491 = DIRECTION('',(0.,-1.,0.));
#492 = PCURVE('',#70,#493);
#493 = DEFINITIONAL_REPRESENTATION('',(#494),#498);
#494 = LINE('',#495,#496);
#495 = CARTESIAN_POINT('',(-12.52,32.868));
#496 = VECTOR('',#497,1.);
#497 = DIRECTION('',(0.,-1.));
#498 = ( GEOMETRIC_REPRESENTATION_CONTEXT(2) 
PARAMETRIC_REPRESENTATION_CONTEXT() REPRESENTATION_CONTEXT('2D SPACE',''
  ) );
#499 = PCURVE('',#500,#505);
#500 = PLANE('',#501);
#501 = AXIS2_PLACEMENT_3D('',#502,#503,#504);
#502 = CARTESIAN_POINT('',(135.98,-88.06,-6.85));
#503 = DIRECTION('',(1.,0.,-0.));
#504 = DIRECTION('',(0.,-1.,0.));
#505 = DEFINITIONAL_REPRESENTATION('',(#506),#510);
#506 = LINE('',#507,#508);
#507 = CARTESIAN_POINT('',(0.,0.));
#508 = VECTOR('',#509,1.);
#509 = DIRECTION('',(1.,0.));
#510 = ( GEOMETRIC_REPRESENTATION_CONTEXT(2) 
PARAMETRIC_REPRESENTATION_CONTEXT() REPRESENTATION_CONTEXT('2D SPACE',''
  ) );
#511 = FACE_BOUND('',#512,.F.);
#512 = EDGE_LOOP('',(#513));
#513 = ORIENTED_EDGE('',*,*,#514,.F.);
#514 = EDGE_CURVE('',#515,#515,#517,.T.);
#515 = VERTEX_POINT('',#516);
#516 = CARTESIAN_POINT('',(150.7,-150.696,-6.85));
#517 = SURFACE_CURVE('',#518,(#523,#530),.PCURVE_S1.);
#518 = CIRCLE('',#519,2.2);
#519 = AXIS2_PLACEMENT_3D('',#520,#521,#522);
#520 = CARTESIAN_POINT('',(148.5,-150.696,-6.85));
#521 = DIRECTION('',(0.,0.,1.));
#522 = DIRECTION('',(1.,0.,0.));
#523 = PCURVE('',#70,#524);
#524 = DEFINITIONAL_REPRESENTATION('',(#525),#529);
#525 = CIRCLE('',#526,2.2);
#526 = AXIS2_PLACEMENT_2D('',#527,#528);
#527 = CARTESIAN_POINT('',(0.,-29.768));
#528 = DIRECTION('',(1.,0.));
#529 = ( GEOMETRIC_REPRESENTATION_CONTEXT(2) 
PARAMETRIC_REPRESENTATION_CONTEXT() REPRESENTATION_CONTEXT('2D SPACE',''
  ) );
#530 = PCURVE('',#531,#536);
#531 = CONICAL_SURFACE('',#532,2.2,0.694738276197);
#532 = AXIS2_PLACEMENT_3D('',#533,#534,#535);
#533 = CARTESIAN_POINT('',(148.5,-150.696,-6.85));
#534 = DIRECTION('',(-0.,-0.,-1.));
#535 = DIRECTION('',(1.,0.,0.));
#536 = DEFINITIONAL_REPRESENTATION('',(#537),#541);
#537 = LINE('',#538,#539);
#538 = CARTESIAN_POINT('',(-0.,-0.));
#539 = VECTOR('',#540,1.);
#540 = DIRECTION('',(-1.,-0.));
#541 = ( GEOMETRIC_REPRESENTATION_CONTEXT(2) 
PARAMETRIC_REPRESENTATION_CONTEXT() REPRESENTATION_CONTEXT('2D SPACE',''
  ) );
#542 = FACE_BOUND('',#543,.F.);
#543 = EDGE_LOOP('',(#544,#575,#601,#630,#656,#685,#711,#740));
#544 = ORIENTED_EDGE('',*,*,#545,.F.);
#545 = EDGE_CURVE('',#546,#548,#550,.T.);
#546 = VERTEX_POINT('',#547);
#547 = CARTESIAN_POINT('',(140.6,-146.,-6.85));
#548 = VERTEX_POINT('',#549);
#549 = CARTESIAN_POINT('',(141.1,-145.5,-6.85));
#550 = SURFACE_CURVE('',#551,(#556,#563),.PCURVE_S1.);
#551 = CIRCLE('',#552,0.5);
#552 = AXIS2_PLACEMENT_3D('',#553,#554,#555);
#553 = CARTESIAN_POINT('',(140.6,-145.5,-6.85));
#554 = DIRECTION('',(0.,0.,1.));
#555 = DIRECTION('',(0.,-1.,0.));
#556 = PCURVE('',#70,#557);
#557 = DEFINITIONAL_REPRESENTATION('',(#558),#562);
#558 = CIRCLE('',#559,0.5);
#559 = AXIS2_PLACEMENT_2D('',#560,#561);
#560 = CARTESIAN_POINT('',(-7.9,-24.572));
#561 = DIRECTION('',(0.,-1.));
#562 = ( GEOMETRIC_REPRESENTATION_CONTEXT(2) 
PARAMETRIC_REPRESENTATION_CONTEXT() REPRESENTATION_CONTEXT('2D SPACE',''
  ) );
#563 = PCURVE('',#564,#569);
#564 = CYLINDRICAL_SURFACE('',#565,0.5);
#565 = AXIS2_PLACEMENT_3D('',#566,#567,#568);
#566 = CARTESIAN_POINT('',(140.6,-145.5,-7.85));
#567 = DIRECTION('',(0.,0.,1.));
#568 = DIRECTION('',(0.,-1.,0.));
#569 = DEFINITIONAL_REPRESENTATION('',(#570),#574);
#570 = LINE('',#571,#572);
#571 = CARTESIAN_POINT('',(0.,1.));
#572 = VECTOR('',#573,1.);
#573 = DIRECTION('',(1.,0.));
#574 = ( GEOMETRIC_REPRESENTATION_CONTEXT(2) 
PARAMETRIC_REPRESENTATION_CONTEXT() REPRESENTATION_CONTEXT('2D SPACE',''
  ) );
#575 = ORIENTED_EDGE('',*,*,#576,.T.);
#576 = EDGE_CURVE('',#546,#577,#579,.T.);
#577 = VERTEX_POINT('',#578);
#578 = CARTESIAN_POINT('',(140.4,-146.,-6.85));
#579 = SURFACE_CURVE('',#580,(#584,#590),.PCURVE_S1.);
#580 = LINE('',#581,#582);
#581 = CARTESIAN_POINT('',(144.2,-146.,-6.85));
#582 = VECTOR('',#583,1.);
#583 = DIRECTION('',(-1.,0.,0.));
#584 = PCURVE('',#70,#585);
#585 = DEFINITIONAL_REPRESENTATION('',(#586),#589);
#586 = B_SPLINE_CURVE_WITH_KNOTS('',1,(#587,#588),.UNSPECIFIED.,.F.,.F.,
  (2,2),(3.6,3.8),.PIECEWISE_BEZIER_KNOTS.);
#587 = CARTESIAN_POINT('',(-7.9,-25.072));
#588 = CARTESIAN_POINT('',(-8.1,-25.072));
#589 = ( GEOMETRIC_REPRESENTATION_CONTEXT(2) 
PARAMETRIC_REPRESENTATION_CONTEXT() REPRESENTATION_CONTEXT('2D SPACE',''
  ) );
#590 = PCURVE('',#591,#596);
#591 = PLANE('',#592);
#592 = AXIS2_PLACEMENT_3D('',#593,#594,#595);
#593 = CARTESIAN_POINT('',(139.9,-146.,-7.85));
#594 = DIRECTION('',(0.,1.,0.));
#595 = DIRECTION('',(1.,0.,0.));
#596 = DEFINITIONAL_REPRESENTATION('',(#597),#600);
#597 = B_SPLINE_CURVE_WITH_KNOTS('',1,(#598,#599),.UNSPECIFIED.,.F.,.F.,
  (2,2),(3.6,3.8),.PIECEWISE_BEZIER_KNOTS.);
#598 = CARTESIAN_POINT('',(0.7,-1.));
#599 = CARTESIAN_POINT('',(0.5,-1.));
#600 = ( GEOMETRIC_REPRESENTATION_CONTEXT(2) 
PARAMETRIC_REPRESENTATION_CONTEXT() REPRESENTATION_CONTEXT('2D SPACE',''
  ) );
#601 = ORIENTED_EDGE('',*,*,#602,.F.);
#602 = EDGE_CURVE('',#603,#577,#605,.T.);
#603 = VERTEX_POINT('',#604);
#604 = CARTESIAN_POINT('',(139.9,-145.5,-6.85));
#605 = SURFACE_CURVE('',#606,(#611,#618),.PCURVE_S1.);
#606 = CIRCLE('',#607,0.5);
#607 = AXIS2_PLACEMENT_3D('',#608,#609,#610);
#608 = CARTESIAN_POINT('',(140.4,-145.5,-6.85));
#609 = DIRECTION('',(0.,0.,1.));
#610 = DIRECTION('',(0.,-1.,0.));
#611 = PCURVE('',#70,#612);
#612 = DEFINITIONAL_REPRESENTATION('',(#613),#617);
#613 = CIRCLE('',#614,0.5);
#614 = AXIS2_PLACEMENT_2D('',#615,#616);
#615 = CARTESIAN_POINT('',(-8.1,-24.572));
#616 = DIRECTION('',(0.,-1.));
#617 = ( GEOMETRIC_REPRESENTATION_CONTEXT(2) 
PARAMETRIC_REPRESENTATION_CONTEXT() REPRESENTATION_CONTEXT('2D SPACE',''
  ) );
#618 = PCURVE('',#619,#624);
#619 = CYLINDRICAL_SURFACE('',#620,0.5);
#620 = AXIS2_PLACEMENT_3D('',#621,#622,#623);
#621 = CARTESIAN_POINT('',(140.4,-145.5,-7.85));
#622 = DIRECTION('',(0.,0.,1.));
#623 = DIRECTION('',(0.,-1.,0.));
#624 = DEFINITIONAL_REPRESENTATION('',(#625),#629);
#625 = LINE('',#626,#627);
#626 = CARTESIAN_POINT('',(-6.28318530718,1.));
#627 = VECTOR('',#628,1.);
#628 = DIRECTION('',(1.,-0.));
#629 = ( GEOMETRIC_REPRESENTATION_CONTEXT(2) 
PARAMETRIC_REPRESENTATION_CONTEXT() REPRESENTATION_CONTEXT('2D SPACE',''
  ) );
#630 = ORIENTED_EDGE('',*,*,#631,.T.);
#631 = EDGE_CURVE('',#603,#632,#634,.T.);
#632 = VERTEX_POINT('',#633);
#633 = CARTESIAN_POINT('',(139.9,-96.5,-6.85));
#634 = SURFACE_CURVE('',#635,(#639,#645),.PCURVE_S1.);
#635 = LINE('',#636,#637);
#636 = CARTESIAN_POINT('',(139.9,-108.464,-6.85));
#637 = VECTOR('',#638,1.);
#638 = DIRECTION('',(-0.,1.,0.));
#639 = PCURVE('',#70,#640);
#640 = DEFINITIONAL_REPRESENTATION('',(#641),#644);
#641 = B_SPLINE_CURVE_WITH_KNOTS('',1,(#642,#643),.UNSPECIFIED.,.F.,.F.,
  (2,2),(-37.036,11.964),.PIECEWISE_BEZIER_KNOTS.);
#642 = CARTESIAN_POINT('',(-8.6,-24.572));
#643 = CARTESIAN_POINT('',(-8.6,24.428));
#644 = ( GEOMETRIC_REPRESENTATION_CONTEXT(2) 
PARAMETRIC_REPRESENTATION_CONTEXT() REPRESENTATION_CONTEXT('2D SPACE',''
  ) );
#645 = PCURVE('',#646,#651);
#646 = PLANE('',#647);
#647 = AXIS2_PLACEMENT_3D('',#648,#649,#650);
#648 = CARTESIAN_POINT('',(139.9,-96.,-7.85));
#649 = DIRECTION('',(1.,0.,-0.));
#650 = DIRECTION('',(0.,-1.,0.));
#651 = DEFINITIONAL_REPRESENTATION('',(#652),#655);
#652 = B_SPLINE_CURVE_WITH_KNOTS('',1,(#653,#654),.UNSPECIFIED.,.F.,.F.,
  (2,2),(-37.036,11.964),.PIECEWISE_BEZIER_KNOTS.);
#653 = CARTESIAN_POINT('',(49.5,-1.));
#654 = CARTESIAN_POINT('',(0.5,-1.));
#655 = ( GEOMETRIC_REPRESENTATION_CONTEXT(2) 
PARAMETRIC_REPRESENTATION_CONTEXT() REPRESENTATION_CONTEXT('2D SPACE',''
  ) );
#656 = ORIENTED_EDGE('',*,*,#657,.F.);
#657 = EDGE_CURVE('',#658,#632,#660,.T.);
#658 = VERTEX_POINT('',#659);
#659 = CARTESIAN_POINT('',(140.4,-96.,-6.85));
#660 = SURFACE_CURVE('',#661,(#666,#673),.PCURVE_S1.);
#661 = CIRCLE('',#662,0.5);
#662 = AXIS2_PLACEMENT_3D('',#663,#664,#665);
#663 = CARTESIAN_POINT('',(140.4,-96.5,-6.85));
#664 = DIRECTION('',(0.,0.,1.));
#665 = DIRECTION('',(-0.,1.,0.));
#666 = PCURVE('',#70,#667);
#667 = DEFINITIONAL_REPRESENTATION('',(#668),#672);
#668 = CIRCLE('',#669,0.5);
#669 = AXIS2_PLACEMENT_2D('',#670,#671);
#670 = CARTESIAN_POINT('',(-8.1,24.428));
#671 = DIRECTION('',(0.,1.));
#672 = ( GEOMETRIC_REPRESENTATION_CONTEXT(2) 
PARAMETRIC_REPRESENTATION_CONTEXT() REPRESENTATION_CONTEXT('2D SPACE',''
  ) );
#673 = PCURVE('',#674,#679);
#674 = CYLINDRICAL_SURFACE('',#675,0.5);
#675 = AXIS2_PLACEMENT_3D('',#676,#677,#678);
#676 = CARTESIAN_POINT('',(140.4,-96.5,-7.85));
#677 = DIRECTION('',(0.,0.,1.));
#678 = DIRECTION('',(-0.,1.,0.));
#679 = DEFINITIONAL_REPRESENTATION('',(#680),#684);
#680 = LINE('',#681,#682);
#681 = CARTESIAN_POINT('',(0.,1.));
#682 = VECTOR('',#683,1.);
#683 = DIRECTION('',(1.,0.));
#684 = ( GEOMETRIC_REPRESENTATION_CONTEXT(2) 
PARAMETRIC_REPRESENTATION_CONTEXT() REPRESENTATION_CONTEXT('2D SPACE',''
  ) );
#685 = ORIENTED_EDGE('',*,*,#686,.T.);
#686 = EDGE_CURVE('',#658,#687,#689,.T.);
#687 = VERTEX_POINT('',#688);
#688 = CARTESIAN_POINT('',(140.6,-96.,-6.85));
#689 = SURFACE_CURVE('',#690,(#694,#700),.PCURVE_S1.);
#690 = LINE('',#691,#692);
#691 = CARTESIAN_POINT('',(144.8,-96.,-6.85));
#692 = VECTOR('',#693,1.);
#693 = DIRECTION('',(1.,0.,-0.));
#694 = PCURVE('',#70,#695);
#695 = DEFINITIONAL_REPRESENTATION('',(#696),#699);
#696 = B_SPLINE_CURVE_WITH_KNOTS('',1,(#697,#698),.UNSPECIFIED.,.F.,.F.,
  (2,2),(-4.4,-4.2),.PIECEWISE_BEZIER_KNOTS.);
#697 = CARTESIAN_POINT('',(-8.1,24.928));
#698 = CARTESIAN_POINT('',(-7.9,24.928));
#699 = ( GEOMETRIC_REPRESENTATION_CONTEXT(2) 
PARAMETRIC_REPRESENTATION_CONTEXT() REPRESENTATION_CONTEXT('2D SPACE',''
  ) );
#700 = PCURVE('',#701,#706);
#701 = PLANE('',#702);
#702 = AXIS2_PLACEMENT_3D('',#703,#704,#705);
#703 = CARTESIAN_POINT('',(141.1,-96.,-7.85));
#704 = DIRECTION('',(0.,-1.,0.));
#705 = DIRECTION('',(-1.,0.,0.));
#706 = DEFINITIONAL_REPRESENTATION('',(#707),#710);
#707 = B_SPLINE_CURVE_WITH_KNOTS('',1,(#708,#709),.UNSPECIFIED.,.F.,.F.,
  (2,2),(-4.4,-4.2),.PIECEWISE_BEZIER_KNOTS.);
#708 = CARTESIAN_POINT('',(0.7,-1.));
#709 = CARTESIAN_POINT('',(0.5,-1.));
#710 = ( GEOMETRIC_REPRESENTATION_CONTEXT(2) 
PARAMETRIC_REPRESENTATION_CONTEXT() REPRESENTATION_CONTEXT('2D SPACE',''
  ) );
#711 = ORIENTED_EDGE('',*,*,#712,.F.);
#712 = EDGE_CURVE('',#713,#687,#715,.T.);
#713 = VERTEX_POINT('',#714);
#714 = CARTESIAN_POINT('',(141.1,-96.5,-6.85));
#715 = SURFACE_CURVE('',#716,(#721,#728),.PCURVE_S1.);
#716 = CIRCLE('',#717,0.5);
#717 = AXIS2_PLACEMENT_3D('',#718,#719,#720);
#718 = CARTESIAN_POINT('',(140.6,-96.5,-6.85));
#719 = DIRECTION('',(0.,0.,1.));
#720 = DIRECTION('',(1.,0.,-0.));
#721 = PCURVE('',#70,#722);
#722 = DEFINITIONAL_REPRESENTATION('',(#723),#727);
#723 = CIRCLE('',#724,0.5);
#724 = AXIS2_PLACEMENT_2D('',#725,#726);
#725 = CARTESIAN_POINT('',(-7.9,24.428));
#726 = DIRECTION('',(1.,0.));
#727 = ( GEOMETRIC_REPRESENTATION_CONTEXT(2) 
PARAMETRIC_REPRESENTATION_CONTEXT() REPRESENTATION_CONTEXT('2D SPACE',''
  ) );
#728 = PCURVE('',#729,#734);
#729 = CYLINDRICAL_SURFACE('',#730,0.5);
#730 = AXIS2_PLACEMENT_3D('',#731,#732,#733);
#731 = CARTESIAN_POINT('',(140.6,-96.5,-7.85));
#732 = DIRECTION('',(0.,0.,1.));
#733 = DIRECTION('',(1.,0.,-0.));
#734 = DEFINITIONAL_REPRESENTATION('',(#735),#739);
#735 = LINE('',#736,#737);
#736 = CARTESIAN_POINT('',(0.,1.));
#737 = VECTOR('',#738,1.);
#738 = DIRECTION('',(1.,0.));
#739 = ( GEOMETRIC_REPRESENTATION_CONTEXT(2) 
PARAMETRIC_REPRESENTATION_CONTEXT() REPRESENTATION_CONTEXT('2D SPACE',''
  ) );
#740 = ORIENTED_EDGE('',*,*,#741,.T.);
#741 = EDGE_CURVE('',#713,#548,#742,.T.);
#742 = SURFACE_CURVE('',#743,(#747,#753),.PCURVE_S1.);
#743 = LINE('',#744,#745);
#744 = CARTESIAN_POINT('',(141.1,-133.464,-6.85));
#745 = VECTOR('',#746,1.);
#746 = DIRECTION('',(0.,-1.,0.));
#747 = PCURVE('',#70,#748);
#748 = DEFINITIONAL_REPRESENTATION('',(#749),#752);
#749 = B_SPLINE_CURVE_WITH_KNOTS('',1,(#750,#751),.UNSPECIFIED.,.F.,.F.,
  (2,2),(-36.964,12.036),.PIECEWISE_BEZIER_KNOTS.);
#750 = CARTESIAN_POINT('',(-7.4,24.428));
#751 = CARTESIAN_POINT('',(-7.4,-24.572));
#752 = ( GEOMETRIC_REPRESENTATION_CONTEXT(2) 
PARAMETRIC_REPRESENTATION_CONTEXT() REPRESENTATION_CONTEXT('2D SPACE',''
  ) );
#753 = PCURVE('',#754,#759);
#754 = PLANE('',#755);
#755 = AXIS2_PLACEMENT_3D('',#756,#757,#758);
#756 = CARTESIAN_POINT('',(141.1,-146.,-7.85));
#757 = DIRECTION('',(-1.,0.,0.));
#758 = DIRECTION('',(0.,1.,0.));
#759 = DEFINITIONAL_REPRESENTATION('',(#760),#763);
#760 = B_SPLINE_CURVE_WITH_KNOTS('',1,(#761,#762),.UNSPECIFIED.,.F.,.F.,
  (2,2),(-36.964,12.036),.PIECEWISE_BEZIER_KNOTS.);
#761 = CARTESIAN_POINT('',(49.5,-1.));
#762 = CARTESIAN_POINT('',(0.5,-1.));
#763 = ( GEOMETRIC_REPRESENTATION_CONTEXT(2) 
PARAMETRIC_REPRESENTATION_CONTEXT() REPRESENTATION_CONTEXT('2D SPACE',''
  ) );
#764 = FACE_BOUND('',#765,.F.);
#765 = EDGE_LOOP('',(#766,#797,#823,#852,#878,#907,#933,#962));
#766 = ORIENTED_EDGE('',*,*,#767,.F.);
#767 = EDGE_CURVE('',#768,#770,#772,.T.);
#768 = VERTEX_POINT('',#769);
#769 = CARTESIAN_POINT('',(144.6,-146.,-6.85));
#770 = VERTEX_POINT('',#771);
#771 = CARTESIAN_POINT('',(145.1,-145.5,-6.85));
#772 = SURFACE_CURVE('',#773,(#778,#785),.PCURVE_S1.);
#773 = CIRCLE('',#774,0.5);
#774 = AXIS2_PLACEMENT_3D('',#775,#776,#777);
#775 = CARTESIAN_POINT('',(144.6,-145.5,-6.85));
#776 = DIRECTION('',(0.,0.,1.));
#777 = DIRECTION('',(0.,-1.,0.));
#778 = PCURVE('',#70,#779);
#779 = DEFINITIONAL_REPRESENTATION('',(#780),#784);
#780 = CIRCLE('',#781,0.5);
#781 = AXIS2_PLACEMENT_2D('',#782,#783);
#782 = CARTESIAN_POINT('',(-3.9,-24.572));
#783 = DIRECTION('',(0.,-1.));
#784 = ( GEOMETRIC_REPRESENTATION_CONTEXT(2) 
PARAMETRIC_REPRESENTATION_CONTEXT() REPRESENTATION_CONTEXT('2D SPACE',''
  ) );
#785 = PCURVE('',#786,#791);
#786 = CYLINDRICAL_SURFACE('',#787,0.5);
#787 = AXIS2_PLACEMENT_3D('',#788,#789,#790);
#788 = CARTESIAN_POINT('',(144.6,-145.5,-7.85));
#789 = DIRECTION('',(0.,0.,1.));
#790 = DIRECTION('',(0.,-1.,0.));
#791 = DEFINITIONAL_REPRESENTATION('',(#792),#796);
#792 = LINE('',#793,#794);
#793 = CARTESIAN_POINT('',(0.,1.));
#794 = VECTOR('',#795,1.);
#795 = DIRECTION('',(1.,0.));
#796 = ( GEOMETRIC_REPRESENTATION_CONTEXT(2) 
PARAMETRIC_REPRESENTATION_CONTEXT() REPRESENTATION_CONTEXT('2D SPACE',''
  ) );
#797 = ORIENTED_EDGE('',*,*,#798,.T.);
#798 = EDGE_CURVE('',#768,#799,#801,.T.);
#799 = VERTEX_POINT('',#800);
#800 = CARTESIAN_POINT('',(144.4,-146.,-6.85));
#801 = SURFACE_CURVE('',#802,(#806,#812),.PCURVE_S1.);
#802 = LINE('',#803,#804);
#803 = CARTESIAN_POINT('',(146.2,-146.,-6.85));
#804 = VECTOR('',#805,1.);
#805 = DIRECTION('',(-1.,0.,0.));
#806 = PCURVE('',#70,#807);
#807 = DEFINITIONAL_REPRESENTATION('',(#808),#811);
#808 = B_SPLINE_CURVE_WITH_KNOTS('',1,(#809,#810),.UNSPECIFIED.,.F.,.F.,
  (2,2),(1.6,1.8),.PIECEWISE_BEZIER_KNOTS.);
#809 = CARTESIAN_POINT('',(-3.9,-25.072));
#810 = CARTESIAN_POINT('',(-4.1,-25.072));
#811 = ( GEOMETRIC_REPRESENTATION_CONTEXT(2) 
PARAMETRIC_REPRESENTATION_CONTEXT() REPRESENTATION_CONTEXT('2D SPACE',''
  ) );
#812 = PCURVE('',#813,#818);
#813 = PLANE('',#814);
#814 = AXIS2_PLACEMENT_3D('',#815,#816,#817);
#815 = CARTESIAN_POINT('',(143.9,-146.,-7.85));
#816 = DIRECTION('',(0.,1.,0.));
#817 = DIRECTION('',(1.,0.,0.));
#818 = DEFINITIONAL_REPRESENTATION('',(#819),#822);
#819 = B_SPLINE_CURVE_WITH_KNOTS('',1,(#820,#821),.UNSPECIFIED.,.F.,.F.,
  (2,2),(1.6,1.8),.PIECEWISE_BEZIER_KNOTS.);
#820 = CARTESIAN_POINT('',(0.7,-1.));
#821 = CARTESIAN_POINT('',(0.5,-1.));
#822 = ( GEOMETRIC_REPRESENTATION_CONTEXT(2) 
PARAMETRIC_REPRESENTATION_CONTEXT() REPRESENTATION_CONTEXT('2D SPACE',''
  ) );
#823 = ORIENTED_EDGE('',*,*,#824,.F.);
#824 = EDGE_CURVE('',#825,#799,#827,.T.);
#825 = VERTEX_POINT('',#826);
#826 = CARTESIAN_POINT('',(143.9,-145.5,-6.85));
#827 = SURFACE_CURVE('',#828,(#833,#840),.PCURVE_S1.);
#828 = CIRCLE('',#829,0.5);
#829 = AXIS2_PLACEMENT_3D('',#830,#831,#832);
#830 = CARTESIAN_POINT('',(144.4,-145.5,-6.85));
#831 = DIRECTION('',(0.,0.,1.));
#832 = DIRECTION('',(0.,-1.,0.));
#833 = PCURVE('',#70,#834);
#834 = DEFINITIONAL_REPRESENTATION('',(#835),#839);
#835 = CIRCLE('',#836,0.5);
#836 = AXIS2_PLACEMENT_2D('',#837,#838);
#837 = CARTESIAN_POINT('',(-4.1,-24.572));
#838 = DIRECTION('',(0.,-1.));
#839 = ( GEOMETRIC_REPRESENTATION_CONTEXT(2) 
PARAMETRIC_REPRESENTATION_CONTEXT() REPRESENTATION_CONTEXT('2D SPACE',''
  ) );
#840 = PCURVE('',#841,#846);
#841 = CYLINDRICAL_SURFACE('',#842,0.5);
#842 = AXIS2_PLACEMENT_3D('',#843,#844,#845);
#843 = CARTESIAN_POINT('',(144.4,-145.5,-7.85));
#844 = DIRECTION('',(0.,0.,1.));
#845 = DIRECTION('',(0.,-1.,0.));
#846 = DEFINITIONAL_REPRESENTATION('',(#847),#851);
#847 = LINE('',#848,#849);
#848 = CARTESIAN_POINT('',(-6.28318530718,1.));
#849 = VECTOR('',#850,1.);
#850 = DIRECTION('',(1.,-0.));
#851 = ( GEOMETRIC_REPRESENTATION_CONTEXT(2) 
PARAMETRIC_REPRESENTATION_CONTEXT() REPRESENTATION_CONTEXT('2D SPACE',''
  ) );
#852 = ORIENTED_EDGE('',*,*,#853,.T.);
#853 = EDGE_CURVE('',#825,#854,#856,.T.);
#854 = VERTEX_POINT('',#855);
#855 = CARTESIAN_POINT('',(143.9,-96.5,-6.85));
#856 = SURFACE_CURVE('',#857,(#861,#867),.PCURVE_S1.);
#857 = LINE('',#858,#859);
#858 = CARTESIAN_POINT('',(143.9,-108.464,-6.85));
#859 = VECTOR('',#860,1.);
#860 = DIRECTION('',(-0.,1.,0.));
#861 = PCURVE('',#70,#862);
#862 = DEFINITIONAL_REPRESENTATION('',(#863),#866);
#863 = B_SPLINE_CURVE_WITH_KNOTS('',1,(#864,#865),.UNSPECIFIED.,.F.,.F.,
  (2,2),(-37.036,11.964),.PIECEWISE_BEZIER_KNOTS.);
#864 = CARTESIAN_POINT('',(-4.6,-24.572));
#865 = CARTESIAN_POINT('',(-4.6,24.428));
#866 = ( GEOMETRIC_REPRESENTATION_CONTEXT(2) 
PARAMETRIC_REPRESENTATION_CONTEXT() REPRESENTATION_CONTEXT('2D SPACE',''
  ) );
#867 = PCURVE('',#868,#873);
#868 = PLANE('',#869);
#869 = AXIS2_PLACEMENT_3D('',#870,#871,#872);
#870 = CARTESIAN_POINT('',(143.9,-96.,-7.85));
#871 = DIRECTION('',(1.,0.,-0.));
#872 = DIRECTION('',(0.,-1.,0.));
#873 = DEFINITIONAL_REPRESENTATION('',(#874),#877);
#874 = B_SPLINE_CURVE_WITH_KNOTS('',1,(#875,#876),.UNSPECIFIED.,.F.,.F.,
  (2,2),(-37.036,11.964),.PIECEWISE_BEZIER_KNOTS.);
#875 = CARTESIAN_POINT('',(49.5,-1.));
#876 = CARTESIAN_POINT('',(0.5,-1.));
#877 = ( GEOMETRIC_REPRESENTATION_CONTEXT(2) 
PARAMETRIC_REPRESENTATION_CONTEXT() REPRESENTATION_CONTEXT('2D SPACE',''
  ) );
#878 = ORIENTED_EDGE('',*,*,#879,.F.);
#879 = EDGE_CURVE('',#880,#854,#882,.T.);
#880 = VERTEX_POINT('',#881);
#881 = CARTESIAN_POINT('',(144.4,-96.,-6.85));
#882 = SURFACE_CURVE('',#883,(#888,#895),.PCURVE_S1.);
#883 = CIRCLE('',#884,0.5);
#884 = AXIS2_PLACEMENT_3D('',#885,#886,#887);
#885 = CARTESIAN_POINT('',(144.4,-96.5,-6.85));
#886 = DIRECTION('',(0.,0.,1.));
#887 = DIRECTION('',(-0.,1.,0.));
#888 = PCURVE('',#70,#889);
#889 = DEFINITIONAL_REPRESENTATION('',(#890),#894);
#890 = CIRCLE('',#891,0.5);
#891 = AXIS2_PLACEMENT_2D('',#892,#893);
#892 = CARTESIAN_POINT('',(-4.1,24.428));
#893 = DIRECTION('',(0.,1.));
#894 = ( GEOMETRIC_REPRESENTATION_CONTEXT(2) 
PARAMETRIC_REPRESENTATION_CONTEXT() REPRESENTATION_CONTEXT('2D SPACE',''
  ) );
#895 = PCURVE('',#896,#901);
#896 = CYLINDRICAL_SURFACE('',#897,0.5);
#897 = AXIS2_PLACEMENT_3D('',#898,#899,#900);
#898 = CARTESIAN_POINT('',(144.4,-96.5,-7.85));
#899 = DIRECTION('',(0.,0.,1.));
#900 = DIRECTION('',(-0.,1.,0.));
#901 = DEFINITIONAL_REPRESENTATION('',(#902),#906);
#902 = LINE('',#903,#904);
#903 = CARTESIAN_POINT('',(0.,1.));
#904 = VECTOR('',#905,1.);
#905 = DIRECTION('',(1.,0.));
#906 = ( GEOMETRIC_REPRESENTATION_CONTEXT(2) 
PARAMETRIC_REPRESENTATION_CONTEXT() REPRESENTATION_CONTEXT('2D SPACE',''
  ) );
#907 = ORIENTED_EDGE('',*,*,#908,.T.);
#908 = EDGE_CURVE('',#880,#909,#911,.T.);
#909 = VERTEX_POINT('',#910);
#910 = CARTESIAN_POINT('',(144.6,-96.,-6.85));
#911 = SURFACE_CURVE('',#912,(#916,#922),.PCURVE_S1.);
#912 = LINE('',#913,#914);
#913 = CARTESIAN_POINT('',(146.8,-96.,-6.85));
#914 = VECTOR('',#915,1.);
#915 = DIRECTION('',(1.,0.,-0.));
#916 = PCURVE('',#70,#917);
#917 = DEFINITIONAL_REPRESENTATION('',(#918),#921);
#918 = B_SPLINE_CURVE_WITH_KNOTS('',1,(#919,#920),.UNSPECIFIED.,.F.,.F.,
  (2,2),(-2.4,-2.2),.PIECEWISE_BEZIER_KNOTS.);
#919 = CARTESIAN_POINT('',(-4.1,24.928));
#920 = CARTESIAN_POINT('',(-3.9,24.928));
#921 = ( GEOMETRIC_REPRESENTATION_CONTEXT(2) 
PARAMETRIC_REPRESENTATION_CONTEXT() REPRESENTATION_CONTEXT('2D SPACE',''
  ) );
#922 = PCURVE('',#923,#928);
#923 = PLANE('',#924);
#924 = AXIS2_PLACEMENT_3D('',#925,#926,#927);
#925 = CARTESIAN_POINT('',(145.1,-96.,-7.85));
#926 = DIRECTION('',(0.,-1.,0.));
#927 = DIRECTION('',(-1.,0.,0.));
#928 = DEFINITIONAL_REPRESENTATION('',(#929),#932);
#929 = B_SPLINE_CURVE_WITH_KNOTS('',1,(#930,#931),.UNSPECIFIED.,.F.,.F.,
  (2,2),(-2.4,-2.2),.PIECEWISE_BEZIER_KNOTS.);
#930 = CARTESIAN_POINT('',(0.7,-1.));
#931 = CARTESIAN_POINT('',(0.5,-1.));
#932 = ( GEOMETRIC_REPRESENTATION_CONTEXT(2) 
PARAMETRIC_REPRESENTATION_CONTEXT() REPRESENTATION_CONTEXT('2D SPACE',''
  ) );
#933 = ORIENTED_EDGE('',*,*,#934,.F.);
#934 = EDGE_CURVE('',#935,#909,#937,.T.);
#935 = VERTEX_POINT('',#936);
#936 = CARTESIAN_POINT('',(145.1,-96.5,-6.85));
#937 = SURFACE_CURVE('',#938,(#943,#950),.PCURVE_S1.);
#938 = CIRCLE('',#939,0.5);
#939 = AXIS2_PLACEMENT_3D('',#940,#941,#942);
#940 = CARTESIAN_POINT('',(144.6,-96.5,-6.85));
#941 = DIRECTION('',(0.,0.,1.));
#942 = DIRECTION('',(1.,0.,-0.));
#943 = PCURVE('',#70,#944);
#944 = DEFINITIONAL_REPRESENTATION('',(#945),#949);
#945 = CIRCLE('',#946,0.5);
#946 = AXIS2_PLACEMENT_2D('',#947,#948);
#947 = CARTESIAN_POINT('',(-3.9,24.428));
#948 = DIRECTION('',(1.,0.));
#949 = ( GEOMETRIC_REPRESENTATION_CONTEXT(2) 
PARAMETRIC_REPRESENTATION_CONTEXT() REPRESENTATION_CONTEXT('2D SPACE',''
  ) );
#950 = PCURVE('',#951,#956);
#951 = CYLINDRICAL_SURFACE('',#952,0.5);
#952 = AXIS2_PLACEMENT_3D('',#953,#954,#955);
#953 = CARTESIAN_POINT('',(144.6,-96.5,-7.85));
#954 = DIRECTION('',(0.,0.,1.));
#955 = DIRECTION('',(1.,0.,-0.));
#956 = DEFINITIONAL_REPRESENTATION('',(#957),#961);
#957 = LINE('',#958,#959);
#958 = CARTESIAN_POINT('',(0.,1.));
#959 = VECTOR('',#960,1.);
#960 = DIRECTION('',(1.,0.));
#961 = ( GEOMETRIC_REPRESENTATION_CONTEXT(2) 
PARAMETRIC_REPRESENTATION_CONTEXT() REPRESENTATION_CONTEXT('2D SPACE',''
  ) );
#962 = ORIENTED_EDGE('',*,*,#963,.T.);
#963 = EDGE_CURVE('',#935,#770,#964,.T.);
#964 = SURFACE_CURVE('',#965,(#969,#975),.PCURVE_S1.);
#965 = LINE('',#966,#967);
#966 = CARTESIAN_POINT('',(145.1,-133.464,-6.85));
#967 = VECTOR('',#968,1.);
#968 = DIRECTION('',(0.,-1.,0.));
#969 = PCURVE('',#70,#970);
#970 = DEFINITIONAL_REPRESENTATION('',(#971),#974);
#971 = B_SPLINE_CURVE_WITH_KNOTS('',1,(#972,#973),.UNSPECIFIED.,.F.,.F.,
  (2,2),(-36.964,12.036),.PIECEWISE_BEZIER_KNOTS.);
#972 = CARTESIAN_POINT('',(-3.4,24.428));
#973 = CARTESIAN_POINT('',(-3.4,-24.572));
#974 = ( GEOMETRIC_REPRESENTATION_CONTEXT(2) 
PARAMETRIC_REPRESENTATION_CONTEXT() REPRESENTATION_CONTEXT('2D SPACE',''
  ) );
#975 = PCURVE('',#976,#981);
#976 = PLANE('',#977);
#977 = AXIS2_PLACEMENT_3D('',#978,#979,#980);
#978 = CARTESIAN_POINT('',(145.1,-146.,-7.85));
#979 = DIRECTION('',(-1.,0.,0.));
#980 = DIRECTION('',(0.,1.,0.));
#981 = DEFINITIONAL_REPRESENTATION('',(#982),#985);
#982 = B_SPLINE_CURVE_WITH_KNOTS('',1,(#983,#984),.UNSPECIFIED.,.F.,.F.,
  (2,2),(-36.964,12.036),.PIECEWISE_BEZIER_KNOTS.);
#983 = CARTESIAN_POINT('',(49.5,-1.));
#984 = CARTESIAN_POINT('',(0.5,-1.));
#985 = ( GEOMETRIC_REPRESENTATION_CONTEXT(2) 
PARAMETRIC_REPRESENTATION_CONTEXT() REPRESENTATION_CONTEXT('2D SPACE',''
  ) );
#986 = FACE_BOUND('',#987,.F.);
#987 = EDGE_LOOP('',(#988,#1019,#1045,#1074,#1100,#1129,#1155,#1184));
#988 = ORIENTED_EDGE('',*,*,#989,.F.);
#989 = EDGE_CURVE('',#990,#992,#994,.T.);
#990 = VERTEX_POINT('',#991);
#991 = CARTESIAN_POINT('',(148.6,-146.,-6.85));
#992 = VERTEX_POINT('',#993);
#993 = CARTESIAN_POINT('',(149.1,-145.5,-6.85));
#994 = SURFACE_CURVE('',#995,(#1000,#1007),.PCURVE_S1.);
#995 = CIRCLE('',#996,0.5);
#996 = AXIS2_PLACEMENT_3D('',#997,#998,#999);
#997 = CARTESIAN_POINT('',(148.6,-145.5,-6.85));
#998 = DIRECTION('',(0.,0.,1.));
#999 = DIRECTION('',(0.,-1.,0.));
#1000 = PCURVE('',#70,#1001);
#1001 = DEFINITIONAL_REPRESENTATION('',(#1002),#1006);
#1002 = CIRCLE('',#1003,0.5);
#1003 = AXIS2_PLACEMENT_2D('',#1004,#1005);
#1004 = CARTESIAN_POINT('',(9.999999999999E-02,-24.572));
#1005 = DIRECTION('',(0.,-1.));
#1006 = ( GEOMETRIC_REPRESENTATION_CONTEXT(2) 
PARAMETRIC_REPRESENTATION_CONTEXT() REPRESENTATION_CONTEXT('2D SPACE',''
  ) );
#1007 = PCURVE('',#1008,#1013);
#1008 = CYLINDRICAL_SURFACE('',#1009,0.5);
#1009 = AXIS2_PLACEMENT_3D('',#1010,#1011,#1012);
#1010 = CARTESIAN_POINT('',(148.6,-145.5,-7.85));
#1011 = DIRECTION('',(0.,0.,1.));
#1012 = DIRECTION('',(0.,-1.,0.));
#1013 = DEFINITIONAL_REPRESENTATION('',(#1014),#1018);
#1014 = LINE('',#1015,#1016);
#1015 = CARTESIAN_POINT('',(0.,1.));
#1016 = VECTOR('',#1017,1.);
#1017 = DIRECTION('',(1.,0.));
#1018 = ( GEOMETRIC_REPRESENTATION_CONTEXT(2) 
PARAMETRIC_REPRESENTATION_CONTEXT() REPRESENTATION_CONTEXT('2D SPACE',''
  ) );
#1019 = ORIENTED_EDGE('',*,*,#1020,.T.);
#1020 = EDGE_CURVE('',#990,#1021,#1023,.T.);
#1021 = VERTEX_POINT('',#1022);
#1022 = CARTESIAN_POINT('',(148.4,-146.,-6.85));
#1023 = SURFACE_CURVE('',#1024,(#1028,#1034),.PCURVE_S1.);
#1024 = LINE('',#1025,#1026);
#1025 = CARTESIAN_POINT('',(148.2,-146.,-6.85));
#1026 = VECTOR('',#1027,1.);
#1027 = DIRECTION('',(-1.,0.,0.));
#1028 = PCURVE('',#70,#1029);
#1029 = DEFINITIONAL_REPRESENTATION('',(#1030),#1033);
#1030 = B_SPLINE_CURVE_WITH_KNOTS('',1,(#1031,#1032),.UNSPECIFIED.,.F.,
  .F.,(2,2),(-0.4,-0.2),.PIECEWISE_BEZIER_KNOTS.);
#1031 = CARTESIAN_POINT('',(9.999999999999E-02,-25.072));
#1032 = CARTESIAN_POINT('',(-9.999999999999E-02,-25.072));
#1033 = ( GEOMETRIC_REPRESENTATION_CONTEXT(2) 
PARAMETRIC_REPRESENTATION_CONTEXT() REPRESENTATION_CONTEXT('2D SPACE',''
  ) );
#1034 = PCURVE('',#1035,#1040);
#1035 = PLANE('',#1036);
#1036 = AXIS2_PLACEMENT_3D('',#1037,#1038,#1039);
#1037 = CARTESIAN_POINT('',(147.9,-146.,-7.85));
#1038 = DIRECTION('',(0.,1.,0.));
#1039 = DIRECTION('',(1.,0.,0.));
#1040 = DEFINITIONAL_REPRESENTATION('',(#1041),#1044);
#1041 = B_SPLINE_CURVE_WITH_KNOTS('',1,(#1042,#1043),.UNSPECIFIED.,.F.,
  .F.,(2,2),(-0.4,-0.2),.PIECEWISE_BEZIER_KNOTS.);
#1042 = CARTESIAN_POINT('',(0.7,-1.));
#1043 = CARTESIAN_POINT('',(0.5,-1.));
#1044 = ( GEOMETRIC_REPRESENTATION_CONTEXT(2) 
PARAMETRIC_REPRESENTATION_CONTEXT() REPRESENTATION_CONTEXT('2D SPACE',''
  ) );
#1045 = ORIENTED_EDGE('',*,*,#1046,.F.);
#1046 = EDGE_CURVE('',#1047,#1021,#1049,.T.);
#1047 = VERTEX_POINT('',#1048);
#1048 = CARTESIAN_POINT('',(147.9,-145.5,-6.85));
#1049 = SURFACE_CURVE('',#1050,(#1055,#1062),.PCURVE_S1.);
#1050 = CIRCLE('',#1051,0.5);
#1051 = AXIS2_PLACEMENT_3D('',#1052,#1053,#1054);
#1052 = CARTESIAN_POINT('',(148.4,-145.5,-6.85));
#1053 = DIRECTION('',(0.,0.,1.));
#1054 = DIRECTION('',(0.,-1.,0.));
#1055 = PCURVE('',#70,#1056);
#1056 = DEFINITIONAL_REPRESENTATION('',(#1057),#1061);
#1057 = CIRCLE('',#1058,0.5);
#1058 = AXIS2_PLACEMENT_2D('',#1059,#1060);
#1059 = CARTESIAN_POINT('',(-9.999999999999E-02,-24.572));
#1060 = DIRECTION('',(0.,-1.));
#1061 = ( GEOMETRIC_REPRESENTATION_CONTEXT(2) 
PARAMETRIC_REPRESENTATION_CONTEXT() REPRESENTATION_CONTEXT('2D SPACE',''
  ) );
#1062 = PCURVE('',#1063,#1068);
#1063 = CYLINDRICAL_SURFACE('',#1064,0.5);
#1064 = AXIS2_PLACEMENT_3D('',#1065,#1066,#1067);
#1065 = CARTESIAN_POINT('',(148.4,-145.5,-7.85));
#1066 = DIRECTION('',(0.,0.,1.));
#1067 = DIRECTION('',(0.,-1.,0.));
#1068 = DEFINITIONAL_REPRESENTATION('',(#1069),#1073);
#1069 = LINE('',#1070,#1071);
#1070 = CARTESIAN_POINT('',(-6.28318530718,1.));
#1071 = VECTOR('',#1072,1.);
#1072 = DIRECTION('',(1.,-0.));
#1073 = ( GEOMETRIC_REPRESENTATION_CONTEXT(2) 
PARAMETRIC_REPRESENTATION_CONTEXT() REPRESENTATION_CONTEXT('2D SPACE',''
  ) );
#1074 = ORIENTED_EDGE('',*,*,#1075,.T.);
#1075 = EDGE_CURVE('',#1047,#1076,#1078,.T.);
#1076 = VERTEX_POINT('',#1077);
#1077 = CARTESIAN_POINT('',(147.9,-96.5,-6.85));
#1078 = SURFACE_CURVE('',#1079,(#1083,#1089),.PCURVE_S1.);
#1079 = LINE('',#1080,#1081);
#1080 = CARTESIAN_POINT('',(147.9,-108.464,-6.85));
#1081 = VECTOR('',#1082,1.);
#1082 = DIRECTION('',(-0.,1.,0.));
#1083 = PCURVE('',#70,#1084);
#1084 = DEFINITIONAL_REPRESENTATION('',(#1085),#1088);
#1085 = B_SPLINE_CURVE_WITH_KNOTS('',1,(#1086,#1087),.UNSPECIFIED.,.F.,
  .F.,(2,2),(-37.036,11.964),.PIECEWISE_BEZIER_KNOTS.);
#1086 = CARTESIAN_POINT('',(-0.6,-24.572));
#1087 = CARTESIAN_POINT('',(-0.6,24.428));
#1088 = ( GEOMETRIC_REPRESENTATION_CONTEXT(2) 
PARAMETRIC_REPRESENTATION_CONTEXT() REPRESENTATION_CONTEXT('2D SPACE',''
  ) );
#1089 = PCURVE('',#1090,#1095);
#1090 = PLANE('',#1091);
#1091 = AXIS2_PLACEMENT_3D('',#1092,#1093,#1094);
#1092 = CARTESIAN_POINT('',(147.9,-96.,-7.85));
#1093 = DIRECTION('',(1.,0.,-0.));
#1094 = DIRECTION('',(0.,-1.,0.));
#1095 = DEFINITIONAL_REPRESENTATION('',(#1096),#1099);
#1096 = B_SPLINE_CURVE_WITH_KNOTS('',1,(#1097,#1098),.UNSPECIFIED.,.F.,
  .F.,(2,2),(-37.036,11.964),.PIECEWISE_BEZIER_KNOTS.);
#1097 = CARTESIAN_POINT('',(49.5,-1.));
#1098 = CARTESIAN_POINT('',(0.5,-1.));
#1099 = ( GEOMETRIC_REPRESENTATION_CONTEXT(2) 
PARAMETRIC_REPRESENTATION_CONTEXT() REPRESENTATION_CONTEXT('2D SPACE',''
  ) );
#1100 = ORIENTED_EDGE('',*,*,#1101,.F.);
#1101 = EDGE_CURVE('',#1102,#1076,#1104,.T.);
#1102 = VERTEX_POINT('',#1103);
#1103 = CARTESIAN_POINT('',(148.4,-96.,-6.85));
#1104 = SURFACE_CURVE('',#1105,(#1110,#1117),.PCURVE_S1.);
#1105 = CIRCLE('',#1106,0.5);
#1106 = AXIS2_PLACEMENT_3D('',#1107,#1108,#1109);
#1107 = CARTESIAN_POINT('',(148.4,-96.5,-6.85));
#1108 = DIRECTION('',(0.,0.,1.));
#1109 = DIRECTION('',(-0.,1.,0.));
#1110 = PCURVE('',#70,#1111);
#1111 = DEFINITIONAL_REPRESENTATION('',(#1112),#1116);
#1112 = CIRCLE('',#1113,0.5);
#1113 = AXIS2_PLACEMENT_2D('',#1114,#1115);
#1114 = CARTESIAN_POINT('',(-9.999999999999E-02,24.428));
#1115 = DIRECTION('',(0.,1.));
#1116 = ( GEOMETRIC_REPRESENTATION_CONTEXT(2) 
PARAMETRIC_REPRESENTATION_CONTEXT() REPRESENTATION_CONTEXT('2D SPACE',''
  ) );
#1117 = PCURVE('',#1118,#1123);
#1118 = CYLINDRICAL_SURFACE('',#1119,0.5);
#1119 = AXIS2_PLACEMENT_3D('',#1120,#1121,#1122);
#1120 = CARTESIAN_POINT('',(148.4,-96.5,-7.85));
#1121 = DIRECTION('',(0.,0.,1.));
#1122 = DIRECTION('',(-0.,1.,0.));
#1123 = DEFINITIONAL_REPRESENTATION('',(#1124),#1128);
#1124 = LINE('',#1125,#1126);
#1125 = CARTESIAN_POINT('',(0.,1.));
#1126 = VECTOR('',#1127,1.);
#1127 = DIRECTION('',(1.,0.));
#1128 = ( GEOMETRIC_REPRESENTATION_CONTEXT(2) 
PARAMETRIC_REPRESENTATION_CONTEXT() REPRESENTATION_CONTEXT('2D SPACE',''
  ) );
#1129 = ORIENTED_EDGE('',*,*,#1130,.T.);
#1130 = EDGE_CURVE('',#1102,#1131,#1133,.T.);
#1131 = VERTEX_POINT('',#1132);
#1132 = CARTESIAN_POINT('',(148.6,-96.,-6.85));
#1133 = SURFACE_CURVE('',#1134,(#1138,#1144),.PCURVE_S1.);
#1134 = LINE('',#1135,#1136);
#1135 = CARTESIAN_POINT('',(148.8,-96.,-6.85));
#1136 = VECTOR('',#1137,1.);
#1137 = DIRECTION('',(1.,0.,-0.));
#1138 = PCURVE('',#70,#1139);
#1139 = DEFINITIONAL_REPRESENTATION('',(#1140),#1143);
#1140 = B_SPLINE_CURVE_WITH_KNOTS('',1,(#1141,#1142),.UNSPECIFIED.,.F.,
  .F.,(2,2),(-0.4,-0.2),.PIECEWISE_BEZIER_KNOTS.);
#1141 = CARTESIAN_POINT('',(-9.999999999999E-02,24.928));
#1142 = CARTESIAN_POINT('',(9.999999999999E-02,24.928));
#1143 = ( GEOMETRIC_REPRESENTATION_CONTEXT(2) 
PARAMETRIC_REPRESENTATION_CONTEXT() REPRESENTATION_CONTEXT('2D SPACE',''
  ) );
#1144 = PCURVE('',#1145,#1150);
#1145 = PLANE('',#1146);
#1146 = AXIS2_PLACEMENT_3D('',#1147,#1148,#1149);
#1147 = CARTESIAN_POINT('',(149.1,-96.,-7.85));
#1148 = DIRECTION('',(0.,-1.,0.));
#1149 = DIRECTION('',(-1.,0.,0.));
#1150 = DEFINITIONAL_REPRESENTATION('',(#1151),#1154);
#1151 = B_SPLINE_CURVE_WITH_KNOTS('',1,(#1152,#1153),.UNSPECIFIED.,.F.,
  .F.,(2,2),(-0.4,-0.2),.PIECEWISE_BEZIER_KNOTS.);
#1152 = CARTESIAN_POINT('',(0.7,-1.));
#1153 = CARTESIAN_POINT('',(0.5,-1.));
#1154 = ( GEOMETRIC_REPRESENTATION_CONTEXT(2) 
PARAMETRIC_REPRESENTATION_CONTEXT() REPRESENTATION_CONTEXT('2D SPACE',''
  ) );
#1155 = ORIENTED_EDGE('',*,*,#1156,.F.);
#1156 = EDGE_CURVE('',#1157,#1131,#1159,.T.);
#1157 = VERTEX_POINT('',#1158);
#1158 = CARTESIAN_POINT('',(149.1,-96.5,-6.85));
#1159 = SURFACE_CURVE('',#1160,(#1165,#1172),.PCURVE_S1.);
#1160 = CIRCLE('',#1161,0.5);
#1161 = AXIS2_PLACEMENT_3D('',#1162,#1163,#1164);
#1162 = CARTESIAN_POINT('',(148.6,-96.5,-6.85));
#1163 = DIRECTION('',(0.,0.,1.));
#1164 = DIRECTION('',(1.,0.,-0.));
#1165 = PCURVE('',#70,#1166);
#1166 = DEFINITIONAL_REPRESENTATION('',(#1167),#1171);
#1167 = CIRCLE('',#1168,0.5);
#1168 = AXIS2_PLACEMENT_2D('',#1169,#1170);
#1169 = CARTESIAN_POINT('',(9.999999999999E-02,24.428));
#1170 = DIRECTION('',(1.,0.));
#1171 = ( GEOMETRIC_REPRESENTATION_CONTEXT(2) 
PARAMETRIC_REPRESENTATION_CONTEXT() REPRESENTATION_CONTEXT('2D SPACE',''
  ) );
#1172 = PCURVE('',#1173,#1178);
#1173 = CYLINDRICAL_SURFACE('',#1174,0.5);
#1174 = AXIS2_PLACEMENT_3D('',#1175,#1176,#1177);
#1175 = CARTESIAN_POINT('',(148.6,-96.5,-7.85));
#1176 = DIRECTION('',(0.,0.,1.));
#1177 = DIRECTION('',(1.,0.,-0.));
#1178 = DEFINITIONAL_REPRESENTATION('',(#1179),#1183);
#1179 = LINE('',#1180,#1181);
#1180 = CARTESIAN_POINT('',(0.,1.));
#1181 = VECTOR('',#1182,1.);
#1182 = DIRECTION('',(1.,0.));
#1183 = ( GEOMETRIC_REPRESENTATION_CONTEXT(2) 
PARAMETRIC_REPRESENTATION_CONTEXT() REPRESENTATION_CONTEXT('2D SPACE',''
  ) );
#1184 = ORIENTED_EDGE('',*,*,#1185,.T.);
#1185 = EDGE_CURVE('',#1157,#992,#1186,.T.);
#1186 = SURFACE_CURVE('',#1187,(#1191,#1197),.PCURVE_S1.);
#1187 = LINE('',#1188,#1189);
#1188 = CARTESIAN_POINT('',(149.1,-133.464,-6.85));
#1189 = VECTOR('',#1190,1.);
#1190 = DIRECTION('',(0.,-1.,0.));
#1191 = PCURVE('',#70,#1192);
#1192 = DEFINITIONAL_REPRESENTATION('',(#1193),#1196);
#1193 = B_SPLINE_CURVE_WITH_KNOTS('',1,(#1194,#1195),.UNSPECIFIED.,.F.,
  .F.,(2,2),(-36.964,12.036),.PIECEWISE_BEZIER_KNOTS.);
#1194 = CARTESIAN_POINT('',(0.6,24.428));
#1195 = CARTESIAN_POINT('',(0.6,-24.572));
#1196 = ( GEOMETRIC_REPRESENTATION_CONTEXT(2) 
PARAMETRIC_REPRESENTATION_CONTEXT() REPRESENTATION_CONTEXT('2D SPACE',''
  ) );
#1197 = PCURVE('',#1198,#1203);
#1198 = PLANE('',#1199);
#1199 = AXIS2_PLACEMENT_3D('',#1200,#1201,#1202);
#1200 = CARTESIAN_POINT('',(149.1,-146.,-7.85));
#1201 = DIRECTION('',(-1.,0.,0.));
#1202 = DIRECTION('',(0.,1.,0.));
#1203 = DEFINITIONAL_REPRESENTATION('',(#1204),#1207);
#1204 = B_SPLINE_CURVE_WITH_KNOTS('',1,(#1205,#1206),.UNSPECIFIED.,.F.,
  .F.,(2,2),(-36.964,12.036),.PIECEWISE_BEZIER_KNOTS.);
#1205 = CARTESIAN_POINT('',(49.5,-1.));
#1206 = CARTESIAN_POINT('',(0.5,-1.));
#1207 = ( GEOMETRIC_REPRESENTATION_CONTEXT(2) 
PARAMETRIC_REPRESENTATION_CONTEXT() REPRESENTATION_CONTEXT('2D SPACE',''
  ) );
#1208 = FACE_BOUND('',#1209,.F.);
#1209 = EDGE_LOOP('',(#1210,#1241,#1267,#1296,#1322,#1351,#1377,#1406));
#1210 = ORIENTED_EDGE('',*,*,#1211,.F.);
#1211 = EDGE_CURVE('',#1212,#1214,#1216,.T.);
#1212 = VERTEX_POINT('',#1213);
#1213 = CARTESIAN_POINT('',(152.6,-146.,-6.85));
#1214 = VERTEX_POINT('',#1215);
#1215 = CARTESIAN_POINT('',(153.1,-145.5,-6.85));
#1216 = SURFACE_CURVE('',#1217,(#1222,#1229),.PCURVE_S1.);
#1217 = CIRCLE('',#1218,0.5);
#1218 = AXIS2_PLACEMENT_3D('',#1219,#1220,#1221);
#1219 = CARTESIAN_POINT('',(152.6,-145.5,-6.85));
#1220 = DIRECTION('',(0.,0.,1.));
#1221 = DIRECTION('',(0.,-1.,0.));
#1222 = PCURVE('',#70,#1223);
#1223 = DEFINITIONAL_REPRESENTATION('',(#1224),#1228);
#1224 = CIRCLE('',#1225,0.5);
#1225 = AXIS2_PLACEMENT_2D('',#1226,#1227);
#1226 = CARTESIAN_POINT('',(4.1,-24.572));
#1227 = DIRECTION('',(0.,-1.));
#1228 = ( GEOMETRIC_REPRESENTATION_CONTEXT(2) 
PARAMETRIC_REPRESENTATION_CONTEXT() REPRESENTATION_CONTEXT('2D SPACE',''
  ) );
#1229 = PCURVE('',#1230,#1235);
#1230 = CYLINDRICAL_SURFACE('',#1231,0.5);
#1231 = AXIS2_PLACEMENT_3D('',#1232,#1233,#1234);
#1232 = CARTESIAN_POINT('',(152.6,-145.5,-7.85));
#1233 = DIRECTION('',(0.,0.,1.));
#1234 = DIRECTION('',(0.,-1.,0.));
#1235 = DEFINITIONAL_REPRESENTATION('',(#1236),#1240);
#1236 = LINE('',#1237,#1238);
#1237 = CARTESIAN_POINT('',(0.,1.));
#1238 = VECTOR('',#1239,1.);
#1239 = DIRECTION('',(1.,0.));
#1240 = ( GEOMETRIC_REPRESENTATION_CONTEXT(2) 
PARAMETRIC_REPRESENTATION_CONTEXT() REPRESENTATION_CONTEXT('2D SPACE',''
  ) );
#1241 = ORIENTED_EDGE('',*,*,#1242,.T.);
#1242 = EDGE_CURVE('',#1212,#1243,#1245,.T.);
#1243 = VERTEX_POINT('',#1244);
#1244 = CARTESIAN_POINT('',(152.4,-146.,-6.85));
#1245 = SURFACE_CURVE('',#1246,(#1250,#1256),.PCURVE_S1.);
#1246 = LINE('',#1247,#1248);
#1247 = CARTESIAN_POINT('',(150.2,-146.,-6.85));
#1248 = VECTOR('',#1249,1.);
#1249 = DIRECTION('',(-1.,0.,0.));
#1250 = PCURVE('',#70,#1251);
#1251 = DEFINITIONAL_REPRESENTATION('',(#1252),#1255);
#1252 = B_SPLINE_CURVE_WITH_KNOTS('',1,(#1253,#1254),.UNSPECIFIED.,.F.,
  .F.,(2,2),(-2.4,-2.2),.PIECEWISE_BEZIER_KNOTS.);
#1253 = CARTESIAN_POINT('',(4.1,-25.072));
#1254 = CARTESIAN_POINT('',(3.9,-25.072));
#1255 = ( GEOMETRIC_REPRESENTATION_CONTEXT(2) 
PARAMETRIC_REPRESENTATION_CONTEXT() REPRESENTATION_CONTEXT('2D SPACE',''
  ) );
#1256 = PCURVE('',#1257,#1262);
#1257 = PLANE('',#1258);
#1258 = AXIS2_PLACEMENT_3D('',#1259,#1260,#1261);
#1259 = CARTESIAN_POINT('',(151.9,-146.,-7.85));
#1260 = DIRECTION('',(0.,1.,0.));
#1261 = DIRECTION('',(1.,0.,0.));
#1262 = DEFINITIONAL_REPRESENTATION('',(#1263),#1266);
#1263 = B_SPLINE_CURVE_WITH_KNOTS('',1,(#1264,#1265),.UNSPECIFIED.,.F.,
  .F.,(2,2),(-2.4,-2.2),.PIECEWISE_BEZIER_KNOTS.);
#1264 = CARTESIAN_POINT('',(0.7,-1.));
#1265 = CARTESIAN_POINT('',(0.5,-1.));
#1266 = ( GEOMETRIC_REPRESENTATION_CONTEXT(2) 
PARAMETRIC_REPRESENTATION_CONTEXT() REPRESENTATION_CONTEXT('2D SPACE',''
  ) );
#1267 = ORIENTED_EDGE('',*,*,#1268,.F.);
#1268 = EDGE_CURVE('',#1269,#1243,#1271,.T.);
#1269 = VERTEX_POINT('',#1270);
#1270 = CARTESIAN_POINT('',(151.9,-145.5,-6.85));
#1271 = SURFACE_CURVE('',#1272,(#1277,#1284),.PCURVE_S1.);
#1272 = CIRCLE('',#1273,0.5);
#1273 = AXIS2_PLACEMENT_3D('',#1274,#1275,#1276);
#1274 = CARTESIAN_POINT('',(152.4,-145.5,-6.85));
#1275 = DIRECTION('',(0.,0.,1.));
#1276 = DIRECTION('',(0.,-1.,0.));
#1277 = PCURVE('',#70,#1278);
#1278 = DEFINITIONAL_REPRESENTATION('',(#1279),#1283);
#1279 = CIRCLE('',#1280,0.5);
#1280 = AXIS2_PLACEMENT_2D('',#1281,#1282);
#1281 = CARTESIAN_POINT('',(3.9,-24.572));
#1282 = DIRECTION('',(0.,-1.));
#1283 = ( GEOMETRIC_REPRESENTATION_CONTEXT(2) 
PARAMETRIC_REPRESENTATION_CONTEXT() REPRESENTATION_CONTEXT('2D SPACE',''
  ) );
#1284 = PCURVE('',#1285,#1290);
#1285 = CYLINDRICAL_SURFACE('',#1286,0.5);
#1286 = AXIS2_PLACEMENT_3D('',#1287,#1288,#1289);
#1287 = CARTESIAN_POINT('',(152.4,-145.5,-7.85));
#1288 = DIRECTION('',(0.,0.,1.));
#1289 = DIRECTION('',(0.,-1.,0.));
#1290 = DEFINITIONAL_REPRESENTATION('',(#1291),#1295);
#1291 = LINE('',#1292,#1293);
#1292 = CARTESIAN_POINT('',(-6.28318530718,1.));
#1293 = VECTOR('',#1294,1.);
#1294 = DIRECTION('',(1.,-0.));
#1295 = ( GEOMETRIC_REPRESENTATION_CONTEXT(2) 
PARAMETRIC_REPRESENTATION_CONTEXT() REPRESENTATION_CONTEXT('2D SPACE',''
  ) );
#1296 = ORIENTED_EDGE('',*,*,#1297,.T.);
#1297 = EDGE_CURVE('',#1269,#1298,#1300,.T.);
#1298 = VERTEX_POINT('',#1299);
#1299 = CARTESIAN_POINT('',(151.9,-96.5,-6.85));
#1300 = SURFACE_CURVE('',#1301,(#1305,#1311),.PCURVE_S1.);
#1301 = LINE('',#1302,#1303);
#1302 = CARTESIAN_POINT('',(151.9,-108.464,-6.85));
#1303 = VECTOR('',#1304,1.);
#1304 = DIRECTION('',(-0.,1.,0.));
#1305 = PCURVE('',#70,#1306);
#1306 = DEFINITIONAL_REPRESENTATION('',(#1307),#1310);
#1307 = B_SPLINE_CURVE_WITH_KNOTS('',1,(#1308,#1309),.UNSPECIFIED.,.F.,
  .F.,(2,2),(-37.036,11.964),.PIECEWISE_BEZIER_KNOTS.);
#1308 = CARTESIAN_POINT('',(3.4,-24.572));
#1309 = CARTESIAN_POINT('',(3.4,24.428));
#1310 = ( GEOMETRIC_REPRESENTATION_CONTEXT(2) 
PARAMETRIC_REPRESENTATION_CONTEXT() REPRESENTATION_CONTEXT('2D SPACE',''
  ) );
#1311 = PCURVE('',#1312,#1317);
#1312 = PLANE('',#1313);
#1313 = AXIS2_PLACEMENT_3D('',#1314,#1315,#1316);
#1314 = CARTESIAN_POINT('',(151.9,-96.,-7.85));
#1315 = DIRECTION('',(1.,0.,-0.));
#1316 = DIRECTION('',(0.,-1.,0.));
#1317 = DEFINITIONAL_REPRESENTATION('',(#1318),#1321);
#1318 = B_SPLINE_CURVE_WITH_KNOTS('',1,(#1319,#1320),.UNSPECIFIED.,.F.,
  .F.,(2,2),(-37.036,11.964),.PIECEWISE_BEZIER_KNOTS.);
#1319 = CARTESIAN_POINT('',(49.5,-1.));
#1320 = CARTESIAN_POINT('',(0.5,-1.));
#1321 = ( GEOMETRIC_REPRESENTATION_CONTEXT(2) 
PARAMETRIC_REPRESENTATION_CONTEXT() REPRESENTATION_CONTEXT('2D SPACE',''
  ) );
#1322 = ORIENTED_EDGE('',*,*,#1323,.F.);
#1323 = EDGE_CURVE('',#1324,#1298,#1326,.T.);
#1324 = VERTEX_POINT('',#1325);
#1325 = CARTESIAN_POINT('',(152.4,-96.,-6.85));
#1326 = SURFACE_CURVE('',#1327,(#1332,#1339),.PCURVE_S1.);
#1327 = CIRCLE('',#1328,0.5);
#1328 = AXIS2_PLACEMENT_3D('',#1329,#1330,#1331);
#1329 = CARTESIAN_POINT('',(152.4,-96.5,-6.85));
#1330 = DIRECTION('',(0.,0.,1.));
#1331 = DIRECTION('',(-0.,1.,0.));
#1332 = PCURVE('',#70,#1333);
#1333 = DEFINITIONAL_REPRESENTATION('',(#1334),#1338);
#1334 = CIRCLE('',#1335,0.5);
#1335 = AXIS2_PLACEMENT_2D('',#1336,#1337);
#1336 = CARTESIAN_POINT('',(3.9,24.428));
#1337 = DIRECTION('',(0.,1.));
#1338 = ( GEOMETRIC_REPRESENTATION_CONTEXT(2) 
PARAMETRIC_REPRESENTATION_CONTEXT() REPRESENTATION_CONTEXT('2D SPACE',''
  ) );
#1339 = PCURVE('',#1340,#1345);
#1340 = CYLINDRICAL_SURFACE('',#1341,0.5);
#1341 = AXIS2_PLACEMENT_3D('',#1342,#1343,#1344);
#1342 = CARTESIAN_POINT('',(152.4,-96.5,-7.85));
#1343 = DIRECTION('',(0.,0.,1.));
#1344 = DIRECTION('',(-0.,1.,0.));
#1345 = DEFINITIONAL_REPRESENTATION('',(#1346),#1350);
#1346 = LINE('',#1347,#1348);
#1347 = CARTESIAN_POINT('',(0.,1.));
#1348 = VECTOR('',#1349,1.);
#1349 = DIRECTION('',(1.,0.));
#1350 = ( GEOMETRIC_REPRESENTATION_CONTEXT(2) 
PARAMETRIC_REPRESENTATION_CONTEXT() REPRESENTATION_CONTEXT('2D SPACE',''
  ) );
#1351 = ORIENTED_EDGE('',*,*,#1352,.T.);
#1352 = EDGE_CURVE('',#1324,#1353,#1355,.T.);
#1353 = VERTEX_POINT('',#1354);
#1354 = CARTESIAN_POINT('',(152.6,-96.,-6.85));
#1355 = SURFACE_CURVE('',#1356,(#1360,#1366),.PCURVE_S1.);
#1356 = LINE('',#1357,#1358);
#1357 = CARTESIAN_POINT('',(150.8,-96.,-6.85));
#1358 = VECTOR('',#1359,1.);
#1359 = DIRECTION('',(1.,0.,-0.));
#1360 = PCURVE('',#70,#1361);
#1361 = DEFINITIONAL_REPRESENTATION('',(#1362),#1365);
#1362 = B_SPLINE_CURVE_WITH_KNOTS('',1,(#1363,#1364),.UNSPECIFIED.,.F.,
  .F.,(2,2),(1.6,1.8),.PIECEWISE_BEZIER_KNOTS.);
#1363 = CARTESIAN_POINT('',(3.9,24.928));
#1364 = CARTESIAN_POINT('',(4.1,24.928));
#1365 = ( GEOMETRIC_REPRESENTATION_CONTEXT(2) 
PARAMETRIC_REPRESENTATION_CONTEXT() REPRESENTATION_CONTEXT('2D SPACE',''
  ) );
#1366 = PCURVE('',#1367,#1372);
#1367 = PLANE('',#1368);
#1368 = AXIS2_PLACEMENT_3D('',#1369,#1370,#1371);
#1369 = CARTESIAN_POINT('',(153.1,-96.,-7.85));
#1370 = DIRECTION('',(0.,-1.,0.));
#1371 = DIRECTION('',(-1.,0.,0.));
#1372 = DEFINITIONAL_REPRESENTATION('',(#1373),#1376);
#1373 = B_SPLINE_CURVE_WITH_KNOTS('',1,(#1374,#1375),.UNSPECIFIED.,.F.,
  .F.,(2,2),(1.6,1.8),.PIECEWISE_BEZIER_KNOTS.);
#1374 = CARTESIAN_POINT('',(0.7,-1.));
#1375 = CARTESIAN_POINT('',(0.5,-1.));
#1376 = ( GEOMETRIC_REPRESENTATION_CONTEXT(2) 
PARAMETRIC_REPRESENTATION_CONTEXT() REPRESENTATION_CONTEXT('2D SPACE',''
  ) );
#1377 = ORIENTED_EDGE('',*,*,#1378,.F.);
#1378 = EDGE_CURVE('',#1379,#1353,#1381,.T.);
#1379 = VERTEX_POINT('',#1380);
#1380 = CARTESIAN_POINT('',(153.1,-96.5,-6.85));
#1381 = SURFACE_CURVE('',#1382,(#1387,#1394),.PCURVE_S1.);
#1382 = CIRCLE('',#1383,0.5);
#1383 = AXIS2_PLACEMENT_3D('',#1384,#1385,#1386);
#1384 = CARTESIAN_POINT('',(152.6,-96.5,-6.85));
#1385 = DIRECTION('',(0.,0.,1.));
#1386 = DIRECTION('',(1.,0.,-0.));
#1387 = PCURVE('',#70,#1388);
#1388 = DEFINITIONAL_REPRESENTATION('',(#1389),#1393);
#1389 = CIRCLE('',#1390,0.5);
#1390 = AXIS2_PLACEMENT_2D('',#1391,#1392);
#1391 = CARTESIAN_POINT('',(4.1,24.428));
#1392 = DIRECTION('',(1.,0.));
#1393 = ( GEOMETRIC_REPRESENTATION_CONTEXT(2) 
PARAMETRIC_REPRESENTATION_CONTEXT() REPRESENTATION_CONTEXT('2D SPACE',''
  ) );
#1394 = PCURVE('',#1395,#1400);
#1395 = CYLINDRICAL_SURFACE('',#1396,0.5);
#1396 = AXIS2_PLACEMENT_3D('',#1397,#1398,#1399);
#1397 = CARTESIAN_POINT('',(152.6,-96.5,-7.85));
#1398 = DIRECTION('',(0.,0.,1.));
#1399 = DIRECTION('',(1.,0.,-0.));
#1400 = DEFINITIONAL_REPRESENTATION('',(#1401),#1405);
#1401 = LINE('',#1402,#1403);
#1402 = CARTESIAN_POINT('',(0.,1.));
#1403 = VECTOR('',#1404,1.);
#1404 = DIRECTION('',(1.,0.));
#1405 = ( GEOMETRIC_REPRESENTATION_CONTEXT(2) 
PARAMETRIC_REPRESENTATION_CONTEXT() REPRESENTATION_CONTEXT('2D SPACE',''
  ) );
#1406 = ORIENTED_EDGE('',*,*,#1407,.T.);
#1407 = EDGE_CURVE('',#1379,#1214,#1408,.T.);
#1408 = SURFACE_CURVE('',#1409,(#1413,#1419),.PCURVE_S1.);
#1409 = LINE('',#1410,#1411);
#1410 = CARTESIAN_POINT('',(153.1,-133.464,-6.85));
#1411 = VECTOR('',#1412,1.);
#1412 = DIRECTION('',(0.,-1.,0.));
#1413 = PCURVE('',#70,#1414);
#1414 = DEFINITIONAL_REPRESENTATION('',(#1415),#1418);
#1415 = B_SPLINE_CURVE_WITH_KNOTS('',1,(#1416,#1417),.UNSPECIFIED.,.F.,
  .F.,(2,2),(-36.964,12.036),.PIECEWISE_BEZIER_KNOTS.);
#1416 = CARTESIAN_POINT('',(4.6,24.428));
#1417 = CARTESIAN_POINT('',(4.6,-24.572));
#1418 = ( GEOMETRIC_REPRESENTATION_CONTEXT(2) 
PARAMETRIC_REPRESENTATION_CONTEXT() REPRESENTATION_CONTEXT('2D SPACE',''
  ) );
#1419 = PCURVE('',#1420,#1425);
#1420 = PLANE('',#1421);
#1421 = AXIS2_PLACEMENT_3D('',#1422,#1423,#1424);
#1422 = CARTESIAN_POINT('',(153.1,-146.,-7.85));
#1423 = DIRECTION('',(-1.,0.,0.));
#1424 = DIRECTION('',(0.,1.,0.));
#1425 = DEFINITIONAL_REPRESENTATION('',(#1426),#1429);
#1426 = B_SPLINE_CURVE_WITH_KNOTS('',1,(#1427,#1428),.UNSPECIFIED.,.F.,
  .F.,(2,2),(-36.964,12.036),.PIECEWISE_BEZIER_KNOTS.);
#1427 = CARTESIAN_POINT('',(49.5,-1.));
#1428 = CARTESIAN_POINT('',(0.5,-1.));
#1429 = ( GEOMETRIC_REPRESENTATION_CONTEXT(2) 
PARAMETRIC_REPRESENTATION_CONTEXT() REPRESENTATION_CONTEXT('2D SPACE',''
  ) );
#1430 = FACE_BOUND('',#1431,.F.);
#1431 = EDGE_LOOP('',(#1432,#1463,#1489,#1518,#1544,#1573,#1599,#1628));
#1432 = ORIENTED_EDGE('',*,*,#1433,.F.);
#1433 = EDGE_CURVE('',#1434,#1436,#1438,.T.);
#1434 = VERTEX_POINT('',#1435);
#1435 = CARTESIAN_POINT('',(156.6,-146.,-6.85));
#1436 = VERTEX_POINT('',#1437);
#1437 = CARTESIAN_POINT('',(157.1,-145.5,-6.85));
#1438 = SURFACE_CURVE('',#1439,(#1444,#1451),.PCURVE_S1.);
#1439 = CIRCLE('',#1440,0.5);
#1440 = AXIS2_PLACEMENT_3D('',#1441,#1442,#1443);
#1441 = CARTESIAN_POINT('',(156.6,-145.5,-6.85));
#1442 = DIRECTION('',(0.,0.,1.));
#1443 = DIRECTION('',(0.,-1.,0.));
#1444 = PCURVE('',#70,#1445);
#1445 = DEFINITIONAL_REPRESENTATION('',(#1446),#1450);
#1446 = CIRCLE('',#1447,0.5);
#1447 = AXIS2_PLACEMENT_2D('',#1448,#1449);
#1448 = CARTESIAN_POINT('',(8.1,-24.572));
#1449 = DIRECTION('',(0.,-1.));
#1450 = ( GEOMETRIC_REPRESENTATION_CONTEXT(2) 
PARAMETRIC_REPRESENTATION_CONTEXT() REPRESENTATION_CONTEXT('2D SPACE',''
  ) );
#1451 = PCURVE('',#1452,#1457);
#1452 = CYLINDRICAL_SURFACE('',#1453,0.5);
#1453 = AXIS2_PLACEMENT_3D('',#1454,#1455,#1456);
#1454 = CARTESIAN_POINT('',(156.6,-145.5,-7.85));
#1455 = DIRECTION('',(0.,0.,1.));
#1456 = DIRECTION('',(0.,-1.,0.));
#1457 = DEFINITIONAL_REPRESENTATION('',(#1458),#1462);
#1458 = LINE('',#1459,#1460);
#1459 = CARTESIAN_POINT('',(0.,1.));
#1460 = VECTOR('',#1461,1.);
#1461 = DIRECTION('',(1.,0.));
#1462 = ( GEOMETRIC_REPRESENTATION_CONTEXT(2) 
PARAMETRIC_REPRESENTATION_CONTEXT() REPRESENTATION_CONTEXT('2D SPACE',''
  ) );
#1463 = ORIENTED_EDGE('',*,*,#1464,.T.);
#1464 = EDGE_CURVE('',#1434,#1465,#1467,.T.);
#1465 = VERTEX_POINT('',#1466);
#1466 = CARTESIAN_POINT('',(156.4,-146.,-6.85));
#1467 = SURFACE_CURVE('',#1468,(#1472,#1478),.PCURVE_S1.);
#1468 = LINE('',#1469,#1470);
#1469 = CARTESIAN_POINT('',(152.2,-146.,-6.85));
#1470 = VECTOR('',#1471,1.);
#1471 = DIRECTION('',(-1.,0.,0.));
#1472 = PCURVE('',#70,#1473);
#1473 = DEFINITIONAL_REPRESENTATION('',(#1474),#1477);
#1474 = B_SPLINE_CURVE_WITH_KNOTS('',1,(#1475,#1476),.UNSPECIFIED.,.F.,
  .F.,(2,2),(-4.4,-4.2),.PIECEWISE_BEZIER_KNOTS.);
#1475 = CARTESIAN_POINT('',(8.1,-25.072));
#1476 = CARTESIAN_POINT('',(7.9,-25.072));
#1477 = ( GEOMETRIC_REPRESENTATION_CONTEXT(2) 
PARAMETRIC_REPRESENTATION_CONTEXT() REPRESENTATION_CONTEXT('2D SPACE',''
  ) );
#1478 = PCURVE('',#1479,#1484);
#1479 = PLANE('',#1480);
#1480 = AXIS2_PLACEMENT_3D('',#1481,#1482,#1483);
#1481 = CARTESIAN_POINT('',(155.9,-146.,-7.85));
#1482 = DIRECTION('',(0.,1.,0.));
#1483 = DIRECTION('',(1.,0.,0.));
#1484 = DEFINITIONAL_REPRESENTATION('',(#1485),#1488);
#1485 = B_SPLINE_CURVE_WITH_KNOTS('',1,(#1486,#1487),.UNSPECIFIED.,.F.,
  .F.,(2,2),(-4.4,-4.2),.PIECEWISE_BEZIER_KNOTS.);
#1486 = CARTESIAN_POINT('',(0.7,-1.));
#1487 = CARTESIAN_POINT('',(0.5,-1.));
#1488 = ( GEOMETRIC_REPRESENTATION_CONTEXT(2) 
PARAMETRIC_REPRESENTATION_CONTEXT() REPRESENTATION_CONTEXT('2D SPACE',''
  ) );
#1489 = ORIENTED_EDGE('',*,*,#1490,.F.);
#1490 = EDGE_CURVE('',#1491,#1465,#1493,.T.);
#1491 = VERTEX_POINT('',#1492);
#1492 = CARTESIAN_POINT('',(155.9,-145.5,-6.85));
#1493 = SURFACE_CURVE('',#1494,(#1499,#1506),.PCURVE_S1.);
#1494 = CIRCLE('',#1495,0.5);
#1495 = AXIS2_PLACEMENT_3D('',#1496,#1497,#1498);
#1496 = CARTESIAN_POINT('',(156.4,-145.5,-6.85));
#1497 = DIRECTION('',(0.,0.,1.));
#1498 = DIRECTION('',(0.,-1.,0.));
#1499 = PCURVE('',#70,#1500);
#1500 = DEFINITIONAL_REPRESENTATION('',(#1501),#1505);
#1501 = CIRCLE('',#1502,0.5);
#1502 = AXIS2_PLACEMENT_2D('',#1503,#1504);
#1503 = CARTESIAN_POINT('',(7.9,-24.572));
#1504 = DIRECTION('',(0.,-1.));
#1505 = ( GEOMETRIC_REPRESENTATION_CONTEXT(2) 
PARAMETRIC_REPRESENTATION_CONTEXT() REPRESENTATION_CONTEXT('2D SPACE',''
  ) );
#1506 = PCURVE('',#1507,#1512);
#1507 = CYLINDRICAL_SURFACE('',#1508,0.5);
#1508 = AXIS2_PLACEMENT_3D('',#1509,#1510,#1511);
#1509 = CARTESIAN_POINT('',(156.4,-145.5,-7.85));
#1510 = DIRECTION('',(0.,0.,1.));
#1511 = DIRECTION('',(0.,-1.,0.));
#1512 = DEFINITIONAL_REPRESENTATION('',(#1513),#1517);
#1513 = LINE('',#1514,#1515);
#1514 = CARTESIAN_POINT('',(-6.28318530718,1.));
#1515 = VECTOR('',#1516,1.);
#1516 = DIRECTION('',(1.,-0.));
#1517 = ( GEOMETRIC_REPRESENTATION_CONTEXT(2) 
PARAMETRIC_REPRESENTATION_CONTEXT() REPRESENTATION_CONTEXT('2D SPACE',''
  ) );
#1518 = ORIENTED_EDGE('',*,*,#1519,.T.);
#1519 = EDGE_CURVE('',#1491,#1520,#1522,.T.);
#1520 = VERTEX_POINT('',#1521);
#1521 = CARTESIAN_POINT('',(155.9,-96.5,-6.85));
#1522 = SURFACE_CURVE('',#1523,(#1527,#1533),.PCURVE_S1.);
#1523 = LINE('',#1524,#1525);
#1524 = CARTESIAN_POINT('',(155.9,-108.464,-6.85));
#1525 = VECTOR('',#1526,1.);
#1526 = DIRECTION('',(-0.,1.,0.));
#1527 = PCURVE('',#70,#1528);
#1528 = DEFINITIONAL_REPRESENTATION('',(#1529),#1532);
#1529 = B_SPLINE_CURVE_WITH_KNOTS('',1,(#1530,#1531),.UNSPECIFIED.,.F.,
  .F.,(2,2),(-37.036,11.964),.PIECEWISE_BEZIER_KNOTS.);
#1530 = CARTESIAN_POINT('',(7.4,-24.572));
#1531 = CARTESIAN_POINT('',(7.4,24.428));
#1532 = ( GEOMETRIC_REPRESENTATION_CONTEXT(2) 
PARAMETRIC_REPRESENTATION_CONTEXT() REPRESENTATION_CONTEXT('2D SPACE',''
  ) );
#1533 = PCURVE('',#1534,#1539);
#1534 = PLANE('',#1535);
#1535 = AXIS2_PLACEMENT_3D('',#1536,#1537,#1538);
#1536 = CARTESIAN_POINT('',(155.9,-96.,-7.85));
#1537 = DIRECTION('',(1.,0.,-0.));
#1538 = DIRECTION('',(0.,-1.,0.));
#1539 = DEFINITIONAL_REPRESENTATION('',(#1540),#1543);
#1540 = B_SPLINE_CURVE_WITH_KNOTS('',1,(#1541,#1542),.UNSPECIFIED.,.F.,
  .F.,(2,2),(-37.036,11.964),.PIECEWISE_BEZIER_KNOTS.);
#1541 = CARTESIAN_POINT('',(49.5,-1.));
#1542 = CARTESIAN_POINT('',(0.5,-1.));
#1543 = ( GEOMETRIC_REPRESENTATION_CONTEXT(2) 
PARAMETRIC_REPRESENTATION_CONTEXT() REPRESENTATION_CONTEXT('2D SPACE',''
  ) );
#1544 = ORIENTED_EDGE('',*,*,#1545,.F.);
#1545 = EDGE_CURVE('',#1546,#1520,#1548,.T.);
#1546 = VERTEX_POINT('',#1547);
#1547 = CARTESIAN_POINT('',(156.4,-96.,-6.85));
#1548 = SURFACE_CURVE('',#1549,(#1554,#1561),.PCURVE_S1.);
#1549 = CIRCLE('',#1550,0.5);
#1550 = AXIS2_PLACEMENT_3D('',#1551,#1552,#1553);
#1551 = CARTESIAN_POINT('',(156.4,-96.5,-6.85));
#1552 = DIRECTION('',(0.,0.,1.));
#1553 = DIRECTION('',(-0.,1.,0.));
#1554 = PCURVE('',#70,#1555);
#1555 = DEFINITIONAL_REPRESENTATION('',(#1556),#1560);
#1556 = CIRCLE('',#1557,0.5);
#1557 = AXIS2_PLACEMENT_2D('',#1558,#1559);
#1558 = CARTESIAN_POINT('',(7.9,24.428));
#1559 = DIRECTION('',(0.,1.));
#1560 = ( GEOMETRIC_REPRESENTATION_CONTEXT(2) 
PARAMETRIC_REPRESENTATION_CONTEXT() REPRESENTATION_CONTEXT('2D SPACE',''
  ) );
#1561 = PCURVE('',#1562,#1567);
#1562 = CYLINDRICAL_SURFACE('',#1563,0.5);
#1563 = AXIS2_PLACEMENT_3D('',#1564,#1565,#1566);
#1564 = CARTESIAN_POINT('',(156.4,-96.5,-7.85));
#1565 = DIRECTION('',(0.,0.,1.));
#1566 = DIRECTION('',(-0.,1.,0.));
#1567 = DEFINITIONAL_REPRESENTATION('',(#1568),#1572);
#1568 = LINE('',#1569,#1570);
#1569 = CARTESIAN_POINT('',(0.,1.));
#1570 = VECTOR('',#1571,1.);
#1571 = DIRECTION('',(1.,0.));
#1572 = ( GEOMETRIC_REPRESENTATION_CONTEXT(2) 
PARAMETRIC_REPRESENTATION_CONTEXT() REPRESENTATION_CONTEXT('2D SPACE',''
  ) );
#1573 = ORIENTED_EDGE('',*,*,#1574,.T.);
#1574 = EDGE_CURVE('',#1546,#1575,#1577,.T.);
#1575 = VERTEX_POINT('',#1576);
#1576 = CARTESIAN_POINT('',(156.6,-96.,-6.85));
#1577 = SURFACE_CURVE('',#1578,(#1582,#1588),.PCURVE_S1.);
#1578 = LINE('',#1579,#1580);
#1579 = CARTESIAN_POINT('',(152.8,-96.,-6.85));
#1580 = VECTOR('',#1581,1.);
#1581 = DIRECTION('',(1.,0.,-0.));
#1582 = PCURVE('',#70,#1583);
#1583 = DEFINITIONAL_REPRESENTATION('',(#1584),#1587);
#1584 = B_SPLINE_CURVE_WITH_KNOTS('',1,(#1585,#1586),.UNSPECIFIED.,.F.,
  .F.,(2,2),(3.6,3.8),.PIECEWISE_BEZIER_KNOTS.);
#1585 = CARTESIAN_POINT('',(7.9,24.928));
#1586 = CARTESIAN_POINT('',(8.1,24.928));
#1587 = ( GEOMETRIC_REPRESENTATION_CONTEXT(2) 
PARAMETRIC_REPRESENTATION_CONTEXT() REPRESENTATION_CONTEXT('2D SPACE',''
  ) );
#1588 = PCURVE('',#1589,#1594);
#1589 = PLANE('',#1590);
#1590 = AXIS2_PLACEMENT_3D('',#1591,#1592,#1593);
#1591 = CARTESIAN_POINT('',(157.1,-96.,-7.85));
#1592 = DIRECTION('',(0.,-1.,0.));
#1593 = DIRECTION('',(-1.,0.,0.));
#1594 = DEFINITIONAL_REPRESENTATION('',(#1595),#1598);
#1595 = B_SPLINE_CURVE_WITH_KNOTS('',1,(#1596,#1597),.UNSPECIFIED.,.F.,
  .F.,(2,2),(3.6,3.8),.PIECEWISE_BEZIER_KNOTS.);
#1596 = CARTESIAN_POINT('',(0.7,-1.));
#1597 = CARTESIAN_POINT('',(0.5,-1.));
#1598 = ( GEOMETRIC_REPRESENTATION_CONTEXT(2) 
PARAMETRIC_REPRESENTATION_CONTEXT() REPRESENTATION_CONTEXT('2D SPACE',''
  ) );
#1599 = ORIENTED_EDGE('',*,*,#1600,.F.);
#1600 = EDGE_CURVE('',#1601,#1575,#1603,.T.);
#1601 = VERTEX_POINT('',#1602);
#1602 = CARTESIAN_POINT('',(157.1,-96.5,-6.85));
#1603 = SURFACE_CURVE('',#1604,(#1609,#1616),.PCURVE_S1.);
#1604 = CIRCLE('',#1605,0.5);
#1605 = AXIS2_PLACEMENT_3D('',#1606,#1607,#1608);
#1606 = CARTESIAN_POINT('',(156.6,-96.5,-6.85));
#1607 = DIRECTION('',(0.,0.,1.));
#1608 = DIRECTION('',(1.,0.,-0.));
#1609 = PCURVE('',#70,#1610);
#1610 = DEFINITIONAL_REPRESENTATION('',(#1611),#1615);
#1611 = CIRCLE('',#1612,0.5);
#1612 = AXIS2_PLACEMENT_2D('',#1613,#1614);
#1613 = CARTESIAN_POINT('',(8.1,24.428));
#1614 = DIRECTION('',(1.,0.));
#1615 = ( GEOMETRIC_REPRESENTATION_CONTEXT(2) 
PARAMETRIC_REPRESENTATION_CONTEXT() REPRESENTATION_CONTEXT('2D SPACE',''
  ) );
#1616 = PCURVE('',#1617,#1622);
#1617 = CYLINDRICAL_SURFACE('',#1618,0.5);
#1618 = AXIS2_PLACEMENT_3D('',#1619,#1620,#1621);
#1619 = CARTESIAN_POINT('',(156.6,-96.5,-7.85));
#1620 = DIRECTION('',(0.,0.,1.));
#1621 = DIRECTION('',(1.,0.,-0.));
#1622 = DEFINITIONAL_REPRESENTATION('',(#1623),#1627);
#1623 = LINE('',#1624,#1625);
#1624 = CARTESIAN_POINT('',(0.,1.));
#1625 = VECTOR('',#1626,1.);
#1626 = DIRECTION('',(1.,0.));
#1627 = ( GEOMETRIC_REPRESENTATION_CONTEXT(2) 
PARAMETRIC_REPRESENTATION_CONTEXT() REPRESENTATION_CONTEXT('2D SPACE',''
  ) );
#1628 = ORIENTED_EDGE('',*,*,#1629,.T.);
#1629 = EDGE_CURVE('',#1601,#1436,#1630,.T.);
#1630 = SURFACE_CURVE('',#1631,(#1635,#1641),.PCURVE_S1.);
#1631 = LINE('',#1632,#1633);
#1632 = CARTESIAN_POINT('',(157.1,-133.464,-6.85));
#1633 = VECTOR('',#1634,1.);
#1634 = DIRECTION('',(0.,-1.,0.));
#1635 = PCURVE('',#70,#1636);
#1636 = DEFINITIONAL_REPRESENTATION('',(#1637),#1640);
#1637 = B_SPLINE_CURVE_WITH_KNOTS('',1,(#1638,#1639),.UNSPECIFIED.,.F.,
  .F.,(2,2),(-36.964,12.036),.PIECEWISE_BEZIER_KNOTS.);
#1638 = CARTESIAN_POINT('',(8.6,24.428));
#1639 = CARTESIAN_POINT('',(8.6,-24.572));
#1640 = ( GEOMETRIC_REPRESENTATION_CONTEXT(2) 
PARAMETRIC_REPRESENTATION_CONTEXT() REPRESENTATION_CONTEXT('2D SPACE',''
  ) );
#1641 = PCURVE('',#1642,#1647);
#1642 = PLANE('',#1643);
#1643 = AXIS2_PLACEMENT_3D('',#1644,#1645,#1646);
#1644 = CARTESIAN_POINT('',(157.1,-146.,-7.85));
#1645 = DIRECTION('',(-1.,0.,0.));
#1646 = DIRECTION('',(0.,1.,0.));
#1647 = DEFINITIONAL_REPRESENTATION('',(#1648),#1651);
#1648 = B_SPLINE_CURVE_WITH_KNOTS('',1,(#1649,#1650),.UNSPECIFIED.,.F.,
  .F.,(2,2),(-36.964,12.036),.PIECEWISE_BEZIER_KNOTS.);
#1649 = CARTESIAN_POINT('',(49.5,-1.));
#1650 = CARTESIAN_POINT('',(0.5,-1.));
#1651 = ( GEOMETRIC_REPRESENTATION_CONTEXT(2) 
PARAMETRIC_REPRESENTATION_CONTEXT() REPRESENTATION_CONTEXT('2D SPACE',''
  ) );
#1652 = ADVANCED_FACE('',(#1653),#98,.T.);
#1653 = FACE_BOUND('',#1654,.F.);
#1654 = EDGE_LOOP('',(#1655,#1656,#1679,#1705));
#1655 = ORIENTED_EDGE('',*,*,#167,.T.);
#1656 = ORIENTED_EDGE('',*,*,#1657,.T.);
#1657 = EDGE_CURVE('',#168,#1658,#1660,.T.);
#1658 = VERTEX_POINT('',#1659);
#1659 = CARTESIAN_POINT('',(135.98,-151.796,0.));
#1660 = SURFACE_CURVE('',#1661,(#1665,#1672),.PCURVE_S1.);
#1661 = LINE('',#1662,#1663);
#1662 = CARTESIAN_POINT('',(135.98,-151.796,-6.85));
#1663 = VECTOR('',#1664,1.);
#1664 = DIRECTION('',(0.,0.,1.));
#1665 = PCURVE('',#98,#1666);
#1666 = DEFINITIONAL_REPRESENTATION('',(#1667),#1671);
#1667 = LINE('',#1668,#1669);
#1668 = CARTESIAN_POINT('',(-1.570796326795,0.));
#1669 = VECTOR('',#1670,1.);
#1670 = DIRECTION('',(-0.,1.));
#1671 = ( GEOMETRIC_REPRESENTATION_CONTEXT(2) 
PARAMETRIC_REPRESENTATION_CONTEXT() REPRESENTATION_CONTEXT('2D SPACE',''
  ) );
#1672 = PCURVE('',#500,#1673);
#1673 = DEFINITIONAL_REPRESENTATION('',(#1674),#1678);
#1674 = LINE('',#1675,#1676);
#1675 = CARTESIAN_POINT('',(63.736,0.));
#1676 = VECTOR('',#1677,1.);
#1677 = DIRECTION('',(0.,-1.));
#1678 = ( GEOMETRIC_REPRESENTATION_CONTEXT(2) 
PARAMETRIC_REPRESENTATION_CONTEXT() REPRESENTATION_CONTEXT('2D SPACE',''
  ) );
#1679 = ORIENTED_EDGE('',*,*,#1680,.F.);
#1680 = EDGE_CURVE('',#83,#1658,#1681,.T.);
#1681 = SURFACE_CURVE('',#1682,(#1687,#1694),.PCURVE_S1.);
#1682 = CIRCLE('',#1683,2.);
#1683 = AXIS2_PLACEMENT_3D('',#1684,#1685,#1686);
#1684 = CARTESIAN_POINT('',(137.98,-151.796,0.));
#1685 = DIRECTION('',(-0.,-0.,-1.));
#1686 = DIRECTION('',(0.,-1.,0.));
#1687 = PCURVE('',#98,#1688);
#1688 = DEFINITIONAL_REPRESENTATION('',(#1689),#1693);
#1689 = LINE('',#1690,#1691);
#1690 = CARTESIAN_POINT('',(-0.,6.85));
#1691 = VECTOR('',#1692,1.);
#1692 = DIRECTION('',(-1.,0.));
#1693 = ( GEOMETRIC_REPRESENTATION_CONTEXT(2) 
PARAMETRIC_REPRESENTATION_CONTEXT() REPRESENTATION_CONTEXT('2D SPACE',''
  ) );
#1694 = PCURVE('',#126,#1695);
#1695 = DEFINITIONAL_REPRESENTATION('',(#1696),#1704);
#1696 = ( BOUNDED_CURVE() B_SPLINE_CURVE(2,(#1697,#1698,#1699,#1700,
#1701,#1702,#1703),.UNSPECIFIED.,.T.,.F.) B_SPLINE_CURVE_WITH_KNOTS((1,2
    ,2,2,2,1),(-2.094395102393,0.,2.094395102393,4.188790204786,
6.28318530718,8.377580409573),.UNSPECIFIED.) CURVE() 
GEOMETRIC_REPRESENTATION_ITEM() RATIONAL_B_SPLINE_CURVE((1.,0.5,1.,0.5,
1.,0.5,1.)) REPRESENTATION_ITEM('') );
#1697 = CARTESIAN_POINT('',(-10.52,-32.868));
#1698 = CARTESIAN_POINT('',(-13.98410161513,-32.868));
#1699 = CARTESIAN_POINT('',(-12.25205080756,-29.868));
#1700 = CARTESIAN_POINT('',(-10.52,-26.868));
#1701 = CARTESIAN_POINT('',(-8.787949192431,-29.868));
#1702 = CARTESIAN_POINT('',(-7.055898384862,-32.868));
#1703 = CARTESIAN_POINT('',(-10.52,-32.868));
#1704 = ( GEOMETRIC_REPRESENTATION_CONTEXT(2) 
PARAMETRIC_REPRESENTATION_CONTEXT() REPRESENTATION_CONTEXT('2D SPACE',''
  ) );
#1705 = ORIENTED_EDGE('',*,*,#82,.F.);
#1706 = ADVANCED_FACE('',(#1707),#152,.T.);
#1707 = FACE_BOUND('',#1708,.T.);
#1708 = EDGE_LOOP('',(#1709,#1710,#1733,#1755));
#1709 = ORIENTED_EDGE('',*,*,#196,.T.);
#1710 = ORIENTED_EDGE('',*,*,#1711,.T.);
#1711 = EDGE_CURVE('',#197,#1712,#1714,.T.);
#1712 = VERTEX_POINT('',#1713);
#1713 = CARTESIAN_POINT('',(161.02,-151.796,0.));
#1714 = SURFACE_CURVE('',#1715,(#1719,#1726),.PCURVE_S1.);
#1715 = LINE('',#1716,#1717);
#1716 = CARTESIAN_POINT('',(161.02,-151.796,-6.85));
#1717 = VECTOR('',#1718,1.);
#1718 = DIRECTION('',(0.,0.,1.));
#1719 = PCURVE('',#152,#1720);
#1720 = DEFINITIONAL_REPRESENTATION('',(#1721),#1725);
#1721 = LINE('',#1722,#1723);
#1722 = CARTESIAN_POINT('',(1.570796326795,0.));
#1723 = VECTOR('',#1724,1.);
#1724 = DIRECTION('',(0.,1.));
#1725 = ( GEOMETRIC_REPRESENTATION_CONTEXT(2) 
PARAMETRIC_REPRESENTATION_CONTEXT() REPRESENTATION_CONTEXT('2D SPACE',''
  ) );
#1726 = PCURVE('',#236,#1727);
#1727 = DEFINITIONAL_REPRESENTATION('',(#1728),#1732);
#1728 = LINE('',#1729,#1730);
#1729 = CARTESIAN_POINT('',(2.,0.));
#1730 = VECTOR('',#1731,1.);
#1731 = DIRECTION('',(0.,-1.));
#1732 = ( GEOMETRIC_REPRESENTATION_CONTEXT(2) 
PARAMETRIC_REPRESENTATION_CONTEXT() REPRESENTATION_CONTEXT('2D SPACE',''
  ) );
#1733 = ORIENTED_EDGE('',*,*,#1734,.F.);
#1734 = EDGE_CURVE('',#111,#1712,#1735,.T.);
#1735 = SURFACE_CURVE('',#1736,(#1741,#1748),.PCURVE_S1.);
#1736 = CIRCLE('',#1737,2.);
#1737 = AXIS2_PLACEMENT_3D('',#1738,#1739,#1740);
#1738 = CARTESIAN_POINT('',(159.02,-151.796,0.));
#1739 = DIRECTION('',(0.,0.,1.));
#1740 = DIRECTION('',(0.,-1.,0.));
#1741 = PCURVE('',#152,#1742);
#1742 = DEFINITIONAL_REPRESENTATION('',(#1743),#1747);
#1743 = LINE('',#1744,#1745);
#1744 = CARTESIAN_POINT('',(0.,6.85));
#1745 = VECTOR('',#1746,1.);
#1746 = DIRECTION('',(1.,0.));
#1747 = ( GEOMETRIC_REPRESENTATION_CONTEXT(2) 
PARAMETRIC_REPRESENTATION_CONTEXT() REPRESENTATION_CONTEXT('2D SPACE',''
  ) );
#1748 = PCURVE('',#126,#1749);
#1749 = DEFINITIONAL_REPRESENTATION('',(#1750),#1754);
#1750 = CIRCLE('',#1751,2.);
#1751 = AXIS2_PLACEMENT_2D('',#1752,#1753);
#1752 = CARTESIAN_POINT('',(10.52,-30.868));
#1753 = DIRECTION('',(0.,-1.));
#1754 = ( GEOMETRIC_REPRESENTATION_CONTEXT(2) 
PARAMETRIC_REPRESENTATION_CONTEXT() REPRESENTATION_CONTEXT('2D SPACE',''
  ) );
#1755 = ORIENTED_EDGE('',*,*,#138,.F.);
#1756 = ADVANCED_FACE('',(#1757,#1933,#1968,#2003,#2485),#126,.T.);
#1757 = FACE_BOUND('',#1758,.T.);
#1758 = EDGE_LOOP('',(#1759,#1760,#1761,#1762,#1785,#1809,#1837,#1860,
    #1888,#1912));
#1759 = ORIENTED_EDGE('',*,*,#1680,.F.);
#1760 = ORIENTED_EDGE('',*,*,#110,.T.);
#1761 = ORIENTED_EDGE('',*,*,#1734,.T.);
#1762 = ORIENTED_EDGE('',*,*,#1763,.T.);
#1763 = EDGE_CURVE('',#1712,#1764,#1766,.T.);
#1764 = VERTEX_POINT('',#1765);
#1765 = CARTESIAN_POINT('',(161.02,-90.06,0.));
#1766 = SURFACE_CURVE('',#1767,(#1771,#1778),.PCURVE_S1.);
#1767 = LINE('',#1768,#1769);
#1768 = CARTESIAN_POINT('',(161.02,-153.796,0.));
#1769 = VECTOR('',#1770,1.);
#1770 = DIRECTION('',(0.,1.,0.));
#1771 = PCURVE('',#126,#1772);
#1772 = DEFINITIONAL_REPRESENTATION('',(#1773),#1777);
#1773 = LINE('',#1774,#1775);
#1774 = CARTESIAN_POINT('',(12.52,-32.868));
#1775 = VECTOR('',#1776,1.);
#1776 = DIRECTION('',(0.,1.));
#1777 = ( GEOMETRIC_REPRESENTATION_CONTEXT(2) 
PARAMETRIC_REPRESENTATION_CONTEXT() REPRESENTATION_CONTEXT('2D SPACE',''
  ) );
#1778 = PCURVE('',#236,#1779);
#1779 = DEFINITIONAL_REPRESENTATION('',(#1780),#1784);
#1780 = LINE('',#1781,#1782);
#1781 = CARTESIAN_POINT('',(0.,-6.85));
#1782 = VECTOR('',#1783,1.);
#1783 = DIRECTION('',(1.,0.));
#1784 = ( GEOMETRIC_REPRESENTATION_CONTEXT(2) 
PARAMETRIC_REPRESENTATION_CONTEXT() REPRESENTATION_CONTEXT('2D SPACE',''
  ) );
#1785 = ORIENTED_EDGE('',*,*,#1786,.T.);
#1786 = EDGE_CURVE('',#1764,#1787,#1789,.T.);
#1787 = VERTEX_POINT('',#1788);
#1788 = CARTESIAN_POINT('',(159.82,-88.22696972201,0.));
#1789 = SURFACE_CURVE('',#1790,(#1795,#1802),.PCURVE_S1.);
#1790 = CIRCLE('',#1791,2.);
#1791 = AXIS2_PLACEMENT_3D('',#1792,#1793,#1794);
#1792 = CARTESIAN_POINT('',(159.02,-90.06,0.));
#1793 = DIRECTION('',(0.,0.,1.));
#1794 = DIRECTION('',(0.,-1.,0.));
#1795 = PCURVE('',#126,#1796);
#1796 = DEFINITIONAL_REPRESENTATION('',(#1797),#1801);
#1797 = CIRCLE('',#1798,2.);
#1798 = AXIS2_PLACEMENT_2D('',#1799,#1800);
#1799 = CARTESIAN_POINT('',(10.52,30.868));
#1800 = DIRECTION('',(0.,-1.));
#1801 = ( GEOMETRIC_REPRESENTATION_CONTEXT(2) 
PARAMETRIC_REPRESENTATION_CONTEXT() REPRESENTATION_CONTEXT('2D SPACE',''
  ) );
#1802 = PCURVE('',#265,#1803);
#1803 = DEFINITIONAL_REPRESENTATION('',(#1804),#1808);
#1804 = LINE('',#1805,#1806);
#1805 = CARTESIAN_POINT('',(-1.570796326795,6.85));
#1806 = VECTOR('',#1807,1.);
#1807 = DIRECTION('',(1.,0.));
#1808 = ( GEOMETRIC_REPRESENTATION_CONTEXT(2) 
PARAMETRIC_REPRESENTATION_CONTEXT() REPRESENTATION_CONTEXT('2D SPACE',''
  ) );
#1809 = ORIENTED_EDGE('',*,*,#1810,.T.);
#1810 = EDGE_CURVE('',#1787,#1811,#1813,.T.);
#1811 = VERTEX_POINT('',#1812);
#1812 = CARTESIAN_POINT('',(159.82,-88.06,0.));
#1813 = SURFACE_CURVE('',#1814,(#1818,#1825),.PCURVE_S1.);
#1814 = LINE('',#1815,#1816);
#1815 = CARTESIAN_POINT('',(159.82,-89.06,0.));
#1816 = VECTOR('',#1817,1.);
#1817 = DIRECTION('',(0.,1.,0.));
#1818 = PCURVE('',#126,#1819);
#1819 = DEFINITIONAL_REPRESENTATION('',(#1820),#1824);
#1820 = LINE('',#1821,#1822);
#1821 = CARTESIAN_POINT('',(11.32,31.868));
#1822 = VECTOR('',#1823,1.);
#1823 = DIRECTION('',(0.,1.));
#1824 = ( GEOMETRIC_REPRESENTATION_CONTEXT(2) 
PARAMETRIC_REPRESENTATION_CONTEXT() REPRESENTATION_CONTEXT('2D SPACE',''
  ) );
#1825 = PCURVE('',#1826,#1831);
#1826 = PLANE('',#1827);
#1827 = AXIS2_PLACEMENT_3D('',#1828,#1829,#1830);
#1828 = CARTESIAN_POINT('',(159.82,-89.06,-5.65));
#1829 = DIRECTION('',(-1.,0.,0.));
#1830 = DIRECTION('',(0.,1.,0.));
#1831 = DEFINITIONAL_REPRESENTATION('',(#1832),#1836);
#1832 = LINE('',#1833,#1834);
#1833 = CARTESIAN_POINT('',(0.,-5.65));
#1834 = VECTOR('',#1835,1.);
#1835 = DIRECTION('',(1.,0.));
#1836 = ( GEOMETRIC_REPRESENTATION_CONTEXT(2) 
PARAMETRIC_REPRESENTATION_CONTEXT() REPRESENTATION_CONTEXT('2D SPACE',''
  ) );
#1837 = ORIENTED_EDGE('',*,*,#1838,.T.);
#1838 = EDGE_CURVE('',#1811,#1839,#1841,.T.);
#1839 = VERTEX_POINT('',#1840);
#1840 = CARTESIAN_POINT('',(137.18,-88.06,0.));
#1841 = SURFACE_CURVE('',#1842,(#1846,#1853),.PCURVE_S1.);
#1842 = LINE('',#1843,#1844);
#1843 = CARTESIAN_POINT('',(159.82,-88.06,0.));
#1844 = VECTOR('',#1845,1.);
#1845 = DIRECTION('',(-1.,0.,0.));
#1846 = PCURVE('',#126,#1847);
#1847 = DEFINITIONAL_REPRESENTATION('',(#1848),#1852);
#1848 = LINE('',#1849,#1850);
#1849 = CARTESIAN_POINT('',(11.32,32.868));
#1850 = VECTOR('',#1851,1.);
#1851 = DIRECTION('',(-1.,0.));
#1852 = ( GEOMETRIC_REPRESENTATION_CONTEXT(2) 
PARAMETRIC_REPRESENTATION_CONTEXT() REPRESENTATION_CONTEXT('2D SPACE',''
  ) );
#1853 = PCURVE('',#293,#1854);
#1854 = DEFINITIONAL_REPRESENTATION('',(#1855),#1859);
#1855 = LINE('',#1856,#1857);
#1856 = CARTESIAN_POINT('',(1.2,-6.85));
#1857 = VECTOR('',#1858,1.);
#1858 = DIRECTION('',(1.,0.));
#1859 = ( GEOMETRIC_REPRESENTATION_CONTEXT(2) 
PARAMETRIC_REPRESENTATION_CONTEXT() REPRESENTATION_CONTEXT('2D SPACE',''
  ) );
#1860 = ORIENTED_EDGE('',*,*,#1861,.T.);
#1861 = EDGE_CURVE('',#1839,#1862,#1864,.T.);
#1862 = VERTEX_POINT('',#1863);
#1863 = CARTESIAN_POINT('',(137.18,-88.22696972201,0.));
#1864 = SURFACE_CURVE('',#1865,(#1869,#1876),.PCURVE_S1.);
#1865 = LINE('',#1866,#1867);
#1866 = CARTESIAN_POINT('',(137.18,-88.06,0.));
#1867 = VECTOR('',#1868,1.);
#1868 = DIRECTION('',(0.,-1.,0.));
#1869 = PCURVE('',#126,#1870);
#1870 = DEFINITIONAL_REPRESENTATION('',(#1871),#1875);
#1871 = LINE('',#1872,#1873);
#1872 = CARTESIAN_POINT('',(-11.32,32.868));
#1873 = VECTOR('',#1874,1.);
#1874 = DIRECTION('',(0.,-1.));
#1875 = ( GEOMETRIC_REPRESENTATION_CONTEXT(2) 
PARAMETRIC_REPRESENTATION_CONTEXT() REPRESENTATION_CONTEXT('2D SPACE',''
  ) );
#1876 = PCURVE('',#1877,#1882);
#1877 = PLANE('',#1878);
#1878 = AXIS2_PLACEMENT_3D('',#1879,#1880,#1881);
#1879 = CARTESIAN_POINT('',(137.18,-88.06,-5.65));
#1880 = DIRECTION('',(1.,0.,-0.));
#1881 = DIRECTION('',(0.,-1.,0.));
#1882 = DEFINITIONAL_REPRESENTATION('',(#1883),#1887);
#1883 = LINE('',#1884,#1885);
#1884 = CARTESIAN_POINT('',(0.,-5.65));
#1885 = VECTOR('',#1886,1.);
#1886 = DIRECTION('',(1.,0.));
#1887 = ( GEOMETRIC_REPRESENTATION_CONTEXT(2) 
PARAMETRIC_REPRESENTATION_CONTEXT() REPRESENTATION_CONTEXT('2D SPACE',''
  ) );
#1888 = ORIENTED_EDGE('',*,*,#1889,.T.);
#1889 = EDGE_CURVE('',#1862,#1890,#1892,.T.);
#1890 = VERTEX_POINT('',#1891);
#1891 = CARTESIAN_POINT('',(135.98,-90.06,0.));
#1892 = SURFACE_CURVE('',#1893,(#1898,#1905),.PCURVE_S1.);
#1893 = CIRCLE('',#1894,2.);
#1894 = AXIS2_PLACEMENT_3D('',#1895,#1896,#1897);
#1895 = CARTESIAN_POINT('',(137.98,-90.06,0.));
#1896 = DIRECTION('',(0.,0.,1.));
#1897 = DIRECTION('',(0.,-1.,0.));
#1898 = PCURVE('',#126,#1899);
#1899 = DEFINITIONAL_REPRESENTATION('',(#1900),#1904);
#1900 = CIRCLE('',#1901,2.);
#1901 = AXIS2_PLACEMENT_2D('',#1902,#1903);
#1902 = CARTESIAN_POINT('',(-10.52,30.868));
#1903 = DIRECTION('',(0.,-1.));
#1904 = ( GEOMETRIC_REPRESENTATION_CONTEXT(2) 
PARAMETRIC_REPRESENTATION_CONTEXT() REPRESENTATION_CONTEXT('2D SPACE',''
  ) );
#1905 = PCURVE('',#474,#1906);
#1906 = DEFINITIONAL_REPRESENTATION('',(#1907),#1911);
#1907 = LINE('',#1908,#1909);
#1908 = CARTESIAN_POINT('',(-3.14159265359,6.85));
#1909 = VECTOR('',#1910,1.);
#1910 = DIRECTION('',(1.,0.));
#1911 = ( GEOMETRIC_REPRESENTATION_CONTEXT(2) 
PARAMETRIC_REPRESENTATION_CONTEXT() REPRESENTATION_CONTEXT('2D SPACE',''
  ) );
#1912 = ORIENTED_EDGE('',*,*,#1913,.T.);
#1913 = EDGE_CURVE('',#1890,#1658,#1914,.T.);
#1914 = SURFACE_CURVE('',#1915,(#1919,#1926),.PCURVE_S1.);
#1915 = LINE('',#1916,#1917);
#1916 = CARTESIAN_POINT('',(135.98,-88.06,0.));
#1917 = VECTOR('',#1918,1.);
#1918 = DIRECTION('',(0.,-1.,0.));
#1919 = PCURVE('',#126,#1920);
#1920 = DEFINITIONAL_REPRESENTATION('',(#1921),#1925);
#1921 = LINE('',#1922,#1923);
#1922 = CARTESIAN_POINT('',(-12.52,32.868));
#1923 = VECTOR('',#1924,1.);
#1924 = DIRECTION('',(0.,-1.));
#1925 = ( GEOMETRIC_REPRESENTATION_CONTEXT(2) 
PARAMETRIC_REPRESENTATION_CONTEXT() REPRESENTATION_CONTEXT('2D SPACE',''
  ) );
#1926 = PCURVE('',#500,#1927);
#1927 = DEFINITIONAL_REPRESENTATION('',(#1928),#1932);
#1928 = LINE('',#1929,#1930);
#1929 = CARTESIAN_POINT('',(0.,-6.85));
#1930 = VECTOR('',#1931,1.);
#1931 = DIRECTION('',(1.,0.));
#1932 = ( GEOMETRIC_REPRESENTATION_CONTEXT(2) 
PARAMETRIC_REPRESENTATION_CONTEXT() REPRESENTATION_CONTEXT('2D SPACE',''
  ) );
#1933 = FACE_BOUND('',#1934,.T.);
#1934 = EDGE_LOOP('',(#1935));
#1935 = ORIENTED_EDGE('',*,*,#1936,.T.);
#1936 = EDGE_CURVE('',#1937,#1937,#1939,.T.);
#1937 = VERTEX_POINT('',#1938);
#1938 = CARTESIAN_POINT('',(149.7,-150.696,0.));
#1939 = SURFACE_CURVE('',#1940,(#1945,#1956),.PCURVE_S1.);
#1940 = CIRCLE('',#1941,1.2);
#1941 = AXIS2_PLACEMENT_3D('',#1942,#1943,#1944);
#1942 = CARTESIAN_POINT('',(148.5,-150.696,0.));
#1943 = DIRECTION('',(0.,0.,-1.));
#1944 = DIRECTION('',(1.,0.,0.));
#1945 = PCURVE('',#126,#1946);
#1946 = DEFINITIONAL_REPRESENTATION('',(#1947),#1955);
#1947 = ( BOUNDED_CURVE() B_SPLINE_CURVE(2,(#1948,#1949,#1950,#1951,
#1952,#1953,#1954),.UNSPECIFIED.,.T.,.F.) B_SPLINE_CURVE_WITH_KNOTS((1,2
    ,2,2,2,1),(-2.094395102393,0.,2.094395102393,4.188790204786,
6.28318530718,8.377580409573),.UNSPECIFIED.) CURVE() 
GEOMETRIC_REPRESENTATION_ITEM() RATIONAL_B_SPLINE_CURVE((1.,0.5,1.,0.5,
1.,0.5,1.)) REPRESENTATION_ITEM('') );
#1948 = CARTESIAN_POINT('',(1.2,-29.768));
#1949 = CARTESIAN_POINT('',(1.2,-31.84646096908));
#1950 = CARTESIAN_POINT('',(-0.6,-30.80723048454));
#1951 = CARTESIAN_POINT('',(-2.4,-29.768));
#1952 = CARTESIAN_POINT('',(-0.6,-28.72876951545));
#1953 = CARTESIAN_POINT('',(1.2,-27.68953903091));
#1954 = CARTESIAN_POINT('',(1.2,-29.768));
#1955 = ( GEOMETRIC_REPRESENTATION_CONTEXT(2) 
PARAMETRIC_REPRESENTATION_CONTEXT() REPRESENTATION_CONTEXT('2D SPACE',''
  ) );
#1956 = PCURVE('',#1957,#1962);
#1957 = CYLINDRICAL_SURFACE('',#1958,1.2);
#1958 = AXIS2_PLACEMENT_3D('',#1959,#1960,#1961);
#1959 = CARTESIAN_POINT('',(148.5,-150.696,-7.85));
#1960 = DIRECTION('',(-0.,-0.,-1.));
#1961 = DIRECTION('',(1.,0.,0.));
#1962 = DEFINITIONAL_REPRESENTATION('',(#1963),#1967);
#1963 = LINE('',#1964,#1965);
#1964 = CARTESIAN_POINT('',(-6.28318530718,-7.85));
#1965 = VECTOR('',#1966,1.);
#1966 = DIRECTION('',(1.,-0.));
#1967 = ( GEOMETRIC_REPRESENTATION_CONTEXT(2) 
PARAMETRIC_REPRESENTATION_CONTEXT() REPRESENTATION_CONTEXT('2D SPACE',''
  ) );
#1968 = FACE_BOUND('',#1969,.T.);
#1969 = EDGE_LOOP('',(#1970));
#1970 = ORIENTED_EDGE('',*,*,#1971,.T.);
#1971 = EDGE_CURVE('',#1972,#1972,#1974,.T.);
#1972 = VERTEX_POINT('',#1973);
#1973 = CARTESIAN_POINT('',(142.196,-90.951,0.));
#1974 = SURFACE_CURVE('',#1975,(#1980,#1991),.PCURVE_S1.);
#1975 = CIRCLE('',#1976,1.7);
#1976 = AXIS2_PLACEMENT_3D('',#1977,#1978,#1979);
#1977 = CARTESIAN_POINT('',(140.496,-90.951,0.));
#1978 = DIRECTION('',(0.,0.,-1.));
#1979 = DIRECTION('',(1.,0.,0.));
#1980 = PCURVE('',#126,#1981);
#1981 = DEFINITIONAL_REPRESENTATION('',(#1982),#1990);
#1982 = ( BOUNDED_CURVE() B_SPLINE_CURVE(2,(#1983,#1984,#1985,#1986,
#1987,#1988,#1989),.UNSPECIFIED.,.T.,.F.) B_SPLINE_CURVE_WITH_KNOTS((1,2
    ,2,2,2,1),(-2.094395102393,0.,2.094395102393,4.188790204786,
6.28318530718,8.377580409573),.UNSPECIFIED.) CURVE() 
GEOMETRIC_REPRESENTATION_ITEM() RATIONAL_B_SPLINE_CURVE((1.,0.5,1.,0.5,
1.,0.5,1.)) REPRESENTATION_ITEM('') );
#1983 = CARTESIAN_POINT('',(-6.304,29.977));
#1984 = CARTESIAN_POINT('',(-6.304,27.032513627133));
#1985 = CARTESIAN_POINT('',(-8.854,28.504756813566));
#1986 = CARTESIAN_POINT('',(-11.404,29.977));
#1987 = CARTESIAN_POINT('',(-8.854,31.449243186434));
#1988 = CARTESIAN_POINT('',(-6.304,32.921486372867));
#1989 = CARTESIAN_POINT('',(-6.304,29.977));
#1990 = ( GEOMETRIC_REPRESENTATION_CONTEXT(2) 
PARAMETRIC_REPRESENTATION_CONTEXT() REPRESENTATION_CONTEXT('2D SPACE',''
  ) );
#1991 = PCURVE('',#1992,#1997);
#1992 = CYLINDRICAL_SURFACE('',#1993,1.7);
#1993 = AXIS2_PLACEMENT_3D('',#1994,#1995,#1996);
#1994 = CARTESIAN_POINT('',(140.496,-90.951,-7.85));
#1995 = DIRECTION('',(-0.,-0.,-1.));
#1996 = DIRECTION('',(1.,0.,0.));
#1997 = DEFINITIONAL_REPRESENTATION('',(#1998),#2002);
#1998 = LINE('',#1999,#2000);
#1999 = CARTESIAN_POINT('',(-6.28318530718,-7.85));
#2000 = VECTOR('',#2001,1.);
#2001 = DIRECTION('',(1.,-0.));
#2002 = ( GEOMETRIC_REPRESENTATION_CONTEXT(2) 
PARAMETRIC_REPRESENTATION_CONTEXT() REPRESENTATION_CONTEXT('2D SPACE',''
  ) );
#2003 = FACE_BOUND('',#2004,.T.);
#2004 = EDGE_LOOP('',(#2005,#2036,#2063,#2092,#2119,#2148,#2175,#2204,
    #2231,#2253,#2282,#2309,#2331,#2360,#2387,#2409,#2438,#2465));
#2005 = ORIENTED_EDGE('',*,*,#2006,.F.);
#2006 = EDGE_CURVE('',#2007,#2009,#2011,.T.);
#2007 = VERTEX_POINT('',#2008);
#2008 = CARTESIAN_POINT('',(137.98,-89.06,0.));
#2009 = VERTEX_POINT('',#2010);
#2010 = CARTESIAN_POINT('',(137.18,-89.86,0.));
#2011 = SURFACE_CURVE('',#2012,(#2017,#2024),.PCURVE_S1.);
#2012 = CIRCLE('',#2013,0.8);
#2013 = AXIS2_PLACEMENT_3D('',#2014,#2015,#2016);
#2014 = CARTESIAN_POINT('',(137.98,-89.86,0.));
#2015 = DIRECTION('',(0.,0.,1.));
#2016 = DIRECTION('',(-0.,1.,0.));
#2017 = PCURVE('',#126,#2018);
#2018 = DEFINITIONAL_REPRESENTATION('',(#2019),#2023);
#2019 = CIRCLE('',#2020,0.8);
#2020 = AXIS2_PLACEMENT_2D('',#2021,#2022);
#2021 = CARTESIAN_POINT('',(-10.52,31.068));
#2022 = DIRECTION('',(0.,1.));
#2023 = ( GEOMETRIC_REPRESENTATION_CONTEXT(2) 
PARAMETRIC_REPRESENTATION_CONTEXT() REPRESENTATION_CONTEXT('2D SPACE',''
  ) );
#2024 = PCURVE('',#2025,#2030);
#2025 = CYLINDRICAL_SURFACE('',#2026,0.8);
#2026 = AXIS2_PLACEMENT_3D('',#2027,#2028,#2029);
#2027 = CARTESIAN_POINT('',(137.98,-89.86,-5.65));
#2028 = DIRECTION('',(0.,0.,1.));
#2029 = DIRECTION('',(-0.,1.,0.));
#2030 = DEFINITIONAL_REPRESENTATION('',(#2031),#2035);
#2031 = LINE('',#2032,#2033);
#2032 = CARTESIAN_POINT('',(0.,5.65));
#2033 = VECTOR('',#2034,1.);
#2034 = DIRECTION('',(1.,0.));
#2035 = ( GEOMETRIC_REPRESENTATION_CONTEXT(2) 
PARAMETRIC_REPRESENTATION_CONTEXT() REPRESENTATION_CONTEXT('2D SPACE',''
  ) );
#2036 = ORIENTED_EDGE('',*,*,#2037,.T.);
#2037 = EDGE_CURVE('',#2007,#2038,#2040,.T.);
#2038 = VERTEX_POINT('',#2039);
#2039 = CARTESIAN_POINT('',(138.43102566601,-89.06,0.));
#2040 = SURFACE_CURVE('',#2041,(#2045,#2052),.PCURVE_S1.);
#2041 = LINE('',#2042,#2043);
#2042 = CARTESIAN_POINT('',(154.16,-89.06,0.));
#2043 = VECTOR('',#2044,1.);
#2044 = DIRECTION('',(1.,0.,-0.));
#2045 = PCURVE('',#126,#2046);
#2046 = DEFINITIONAL_REPRESENTATION('',(#2047),#2051);
#2047 = LINE('',#2048,#2049);
#2048 = CARTESIAN_POINT('',(5.66,31.868));
#2049 = VECTOR('',#2050,1.);
#2050 = DIRECTION('',(1.,0.));
#2051 = ( GEOMETRIC_REPRESENTATION_CONTEXT(2) 
PARAMETRIC_REPRESENTATION_CONTEXT() REPRESENTATION_CONTEXT('2D SPACE',''
  ) );
#2052 = PCURVE('',#2053,#2058);
#2053 = PLANE('',#2054);
#2054 = AXIS2_PLACEMENT_3D('',#2055,#2056,#2057);
#2055 = CARTESIAN_POINT('',(159.82,-89.06,-5.65));
#2056 = DIRECTION('',(0.,-1.,0.));
#2057 = DIRECTION('',(-1.,0.,0.));
#2058 = DEFINITIONAL_REPRESENTATION('',(#2059),#2062);
#2059 = B_SPLINE_CURVE_WITH_KNOTS('',1,(#2060,#2061),.UNSPECIFIED.,.F.,
  .F.,(2,2),(-16.18,4.86),.PIECEWISE_BEZIER_KNOTS.);
#2060 = CARTESIAN_POINT('',(21.84,-5.65));
#2061 = CARTESIAN_POINT('',(0.8,-5.65));
#2062 = ( GEOMETRIC_REPRESENTATION_CONTEXT(2) 
PARAMETRIC_REPRESENTATION_CONTEXT() REPRESENTATION_CONTEXT('2D SPACE',''
  ) );
#2063 = ORIENTED_EDGE('',*,*,#2064,.T.);
#2064 = EDGE_CURVE('',#2038,#2065,#2067,.T.);
#2065 = VERTEX_POINT('',#2066);
#2066 = CARTESIAN_POINT('',(142.56097433398,-89.06,0.));
#2067 = SURFACE_CURVE('',#2068,(#2073,#2080),.PCURVE_S1.);
#2068 = CIRCLE('',#2069,2.8);
#2069 = AXIS2_PLACEMENT_3D('',#2070,#2071,#2072);
#2070 = CARTESIAN_POINT('',(140.496,-90.951,0.));
#2071 = DIRECTION('',(0.,0.,1.));
#2072 = DIRECTION('',(-0.737490833565,0.675357142857,0.));
#2073 = PCURVE('',#126,#2074);
#2074 = DEFINITIONAL_REPRESENTATION('',(#2075),#2079);
#2075 = CIRCLE('',#2076,2.8);
#2076 = AXIS2_PLACEMENT_2D('',#2077,#2078);
#2077 = CARTESIAN_POINT('',(-8.004,29.977));
#2078 = DIRECTION('',(-0.737490833565,0.675357142857));
#2079 = ( GEOMETRIC_REPRESENTATION_CONTEXT(2) 
PARAMETRIC_REPRESENTATION_CONTEXT() REPRESENTATION_CONTEXT('2D SPACE',''
  ) );
#2080 = PCURVE('',#2081,#2086);
#2081 = CYLINDRICAL_SURFACE('',#2082,2.8);
#2082 = AXIS2_PLACEMENT_3D('',#2083,#2084,#2085);
#2083 = CARTESIAN_POINT('',(140.496,-90.951,-5.65));
#2084 = DIRECTION('',(-0.,-0.,-1.));
#2085 = DIRECTION('',(1.,0.,0.));
#2086 = DEFINITIONAL_REPRESENTATION('',(#2087),#2091);
#2087 = LINE('',#2088,#2089);
#2088 = CARTESIAN_POINT('',(-2.400143791179,-5.65));
#2089 = VECTOR('',#2090,1.);
#2090 = DIRECTION('',(-1.,0.));
#2091 = ( GEOMETRIC_REPRESENTATION_CONTEXT(2) 
PARAMETRIC_REPRESENTATION_CONTEXT() REPRESENTATION_CONTEXT('2D SPACE',''
  ) );
#2092 = ORIENTED_EDGE('',*,*,#2093,.T.);
#2093 = EDGE_CURVE('',#2065,#2094,#2096,.T.);
#2094 = VERTEX_POINT('',#2095);
#2095 = CARTESIAN_POINT('',(154.43102566601,-89.06,0.));
#2096 = SURFACE_CURVE('',#2097,(#2101,#2108),.PCURVE_S1.);
#2097 = LINE('',#2098,#2099);
#2098 = CARTESIAN_POINT('',(154.16,-89.06,0.));
#2099 = VECTOR('',#2100,1.);
#2100 = DIRECTION('',(1.,0.,-0.));
#2101 = PCURVE('',#126,#2102);
#2102 = DEFINITIONAL_REPRESENTATION('',(#2103),#2107);
#2103 = LINE('',#2104,#2105);
#2104 = CARTESIAN_POINT('',(5.66,31.868));
#2105 = VECTOR('',#2106,1.);
#2106 = DIRECTION('',(1.,0.));
#2107 = ( GEOMETRIC_REPRESENTATION_CONTEXT(2) 
PARAMETRIC_REPRESENTATION_CONTEXT() REPRESENTATION_CONTEXT('2D SPACE',''
  ) );
#2108 = PCURVE('',#2109,#2114);
#2109 = PLANE('',#2110);
#2110 = AXIS2_PLACEMENT_3D('',#2111,#2112,#2113);
#2111 = CARTESIAN_POINT('',(159.82,-89.06,-5.65));
#2112 = DIRECTION('',(0.,-1.,0.));
#2113 = DIRECTION('',(-1.,0.,0.));
#2114 = DEFINITIONAL_REPRESENTATION('',(#2115),#2118);
#2115 = B_SPLINE_CURVE_WITH_KNOTS('',1,(#2116,#2117),.UNSPECIFIED.,.F.,
  .F.,(2,2),(-16.18,4.86),.PIECEWISE_BEZIER_KNOTS.);
#2116 = CARTESIAN_POINT('',(21.84,-5.65));
#2117 = CARTESIAN_POINT('',(0.8,-5.65));
#2118 = ( GEOMETRIC_REPRESENTATION_CONTEXT(2) 
PARAMETRIC_REPRESENTATION_CONTEXT() REPRESENTATION_CONTEXT('2D SPACE',''
  ) );
#2119 = ORIENTED_EDGE('',*,*,#2120,.T.);
#2120 = EDGE_CURVE('',#2094,#2121,#2123,.T.);
#2121 = VERTEX_POINT('',#2122);
#2122 = CARTESIAN_POINT('',(158.56097433398,-89.06,0.));
#2123 = SURFACE_CURVE('',#2124,(#2129,#2136),.PCURVE_S1.);
#2124 = CIRCLE('',#2125,2.8);
#2125 = AXIS2_PLACEMENT_3D('',#2126,#2127,#2128);
#2126 = CARTESIAN_POINT('',(156.496,-90.951,0.));
#2127 = DIRECTION('',(0.,0.,1.));
#2128 = DIRECTION('',(-0.737490833565,0.675357142857,0.));
#2129 = PCURVE('',#126,#2130);
#2130 = DEFINITIONAL_REPRESENTATION('',(#2131),#2135);
#2131 = CIRCLE('',#2132,2.8);
#2132 = AXIS2_PLACEMENT_2D('',#2133,#2134);
#2133 = CARTESIAN_POINT('',(7.996,29.977));
#2134 = DIRECTION('',(-0.737490833565,0.675357142857));
#2135 = ( GEOMETRIC_REPRESENTATION_CONTEXT(2) 
PARAMETRIC_REPRESENTATION_CONTEXT() REPRESENTATION_CONTEXT('2D SPACE',''
  ) );
#2136 = PCURVE('',#2137,#2142);
#2137 = CYLINDRICAL_SURFACE('',#2138,2.8);
#2138 = AXIS2_PLACEMENT_3D('',#2139,#2140,#2141);
#2139 = CARTESIAN_POINT('',(156.496,-90.951,-5.65));
#2140 = DIRECTION('',(-0.,-0.,-1.));
#2141 = DIRECTION('',(1.,0.,0.));
#2142 = DEFINITIONAL_REPRESENTATION('',(#2143),#2147);
#2143 = LINE('',#2144,#2145);
#2144 = CARTESIAN_POINT('',(-2.400143791179,-5.65));
#2145 = VECTOR('',#2146,1.);
#2146 = DIRECTION('',(-1.,0.));
#2147 = ( GEOMETRIC_REPRESENTATION_CONTEXT(2) 
PARAMETRIC_REPRESENTATION_CONTEXT() REPRESENTATION_CONTEXT('2D SPACE',''
  ) );
#2148 = ORIENTED_EDGE('',*,*,#2149,.T.);
#2149 = EDGE_CURVE('',#2121,#2150,#2152,.T.);
#2150 = VERTEX_POINT('',#2151);
#2151 = CARTESIAN_POINT('',(159.02,-89.06,0.));
#2152 = SURFACE_CURVE('',#2153,(#2157,#2164),.PCURVE_S1.);
#2153 = LINE('',#2154,#2155);
#2154 = CARTESIAN_POINT('',(154.16,-89.06,0.));
#2155 = VECTOR('',#2156,1.);
#2156 = DIRECTION('',(1.,0.,-0.));
#2157 = PCURVE('',#126,#2158);
#2158 = DEFINITIONAL_REPRESENTATION('',(#2159),#2163);
#2159 = LINE('',#2160,#2161);
#2160 = CARTESIAN_POINT('',(5.66,31.868));
#2161 = VECTOR('',#2162,1.);
#2162 = DIRECTION('',(1.,0.));
#2163 = ( GEOMETRIC_REPRESENTATION_CONTEXT(2) 
PARAMETRIC_REPRESENTATION_CONTEXT() REPRESENTATION_CONTEXT('2D SPACE',''
  ) );
#2164 = PCURVE('',#2165,#2170);
#2165 = PLANE('',#2166);
#2166 = AXIS2_PLACEMENT_3D('',#2167,#2168,#2169);
#2167 = CARTESIAN_POINT('',(159.82,-89.06,-5.65));
#2168 = DIRECTION('',(0.,-1.,0.));
#2169 = DIRECTION('',(-1.,0.,0.));
#2170 = DEFINITIONAL_REPRESENTATION('',(#2171),#2174);
#2171 = B_SPLINE_CURVE_WITH_KNOTS('',1,(#2172,#2173),.UNSPECIFIED.,.F.,
  .F.,(2,2),(-16.18,4.86),.PIECEWISE_BEZIER_KNOTS.);
#2172 = CARTESIAN_POINT('',(21.84,-5.65));
#2173 = CARTESIAN_POINT('',(0.8,-5.65));
#2174 = ( GEOMETRIC_REPRESENTATION_CONTEXT(2) 
PARAMETRIC_REPRESENTATION_CONTEXT() REPRESENTATION_CONTEXT('2D SPACE',''
  ) );
#2175 = ORIENTED_EDGE('',*,*,#2176,.F.);
#2176 = EDGE_CURVE('',#2177,#2150,#2179,.T.);
#2177 = VERTEX_POINT('',#2178);
#2178 = CARTESIAN_POINT('',(159.82,-89.86,0.));
#2179 = SURFACE_CURVE('',#2180,(#2185,#2192),.PCURVE_S1.);
#2180 = CIRCLE('',#2181,0.8);
#2181 = AXIS2_PLACEMENT_3D('',#2182,#2183,#2184);
#2182 = CARTESIAN_POINT('',(159.02,-89.86,0.));
#2183 = DIRECTION('',(0.,0.,1.));
#2184 = DIRECTION('',(1.,0.,-0.));
#2185 = PCURVE('',#126,#2186);
#2186 = DEFINITIONAL_REPRESENTATION('',(#2187),#2191);
#2187 = CIRCLE('',#2188,0.8);
#2188 = AXIS2_PLACEMENT_2D('',#2189,#2190);
#2189 = CARTESIAN_POINT('',(10.52,31.068));
#2190 = DIRECTION('',(1.,0.));
#2191 = ( GEOMETRIC_REPRESENTATION_CONTEXT(2) 
PARAMETRIC_REPRESENTATION_CONTEXT() REPRESENTATION_CONTEXT('2D SPACE',''
  ) );
#2192 = PCURVE('',#2193,#2198);
#2193 = CYLINDRICAL_SURFACE('',#2194,0.8);
#2194 = AXIS2_PLACEMENT_3D('',#2195,#2196,#2197);
#2195 = CARTESIAN_POINT('',(159.02,-89.86,-5.65));
#2196 = DIRECTION('',(0.,0.,1.));
#2197 = DIRECTION('',(1.,0.,-0.));
#2198 = DEFINITIONAL_REPRESENTATION('',(#2199),#2203);
#2199 = LINE('',#2200,#2201);
#2200 = CARTESIAN_POINT('',(0.,5.65));
#2201 = VECTOR('',#2202,1.);
#2202 = DIRECTION('',(1.,0.));
#2203 = ( GEOMETRIC_REPRESENTATION_CONTEXT(2) 
PARAMETRIC_REPRESENTATION_CONTEXT() REPRESENTATION_CONTEXT('2D SPACE',''
  ) );
#2204 = ORIENTED_EDGE('',*,*,#2205,.T.);
#2205 = EDGE_CURVE('',#2177,#2206,#2208,.T.);
#2206 = VERTEX_POINT('',#2207);
#2207 = CARTESIAN_POINT('',(159.82,-122.14,0.));
#2208 = SURFACE_CURVE('',#2209,(#2213,#2220),.PCURVE_S1.);
#2209 = LINE('',#2210,#2211);
#2210 = CARTESIAN_POINT('',(159.82,-136.762,0.));
#2211 = VECTOR('',#2212,1.);
#2212 = DIRECTION('',(0.,-1.,0.));
#2213 = PCURVE('',#126,#2214);
#2214 = DEFINITIONAL_REPRESENTATION('',(#2215),#2219);
#2215 = LINE('',#2216,#2217);
#2216 = CARTESIAN_POINT('',(11.32,-15.834));
#2217 = VECTOR('',#2218,1.);
#2218 = DIRECTION('',(0.,-1.));
#2219 = ( GEOMETRIC_REPRESENTATION_CONTEXT(2) 
PARAMETRIC_REPRESENTATION_CONTEXT() REPRESENTATION_CONTEXT('2D SPACE',''
  ) );
#2220 = PCURVE('',#2221,#2226);
#2221 = PLANE('',#2222);
#2222 = AXIS2_PLACEMENT_3D('',#2223,#2224,#2225);
#2223 = CARTESIAN_POINT('',(159.82,-152.596,-5.65));
#2224 = DIRECTION('',(-1.,0.,0.));
#2225 = DIRECTION('',(0.,1.,0.));
#2226 = DEFINITIONAL_REPRESENTATION('',(#2227),#2230);
#2227 = B_SPLINE_CURVE_WITH_KNOTS('',1,(#2228,#2229),.UNSPECIFIED.,.F.,
  .F.,(2,2),(-46.902,15.034),.PIECEWISE_BEZIER_KNOTS.);
#2228 = CARTESIAN_POINT('',(62.736,-5.65));
#2229 = CARTESIAN_POINT('',(0.8,-5.65));
#2230 = ( GEOMETRIC_REPRESENTATION_CONTEXT(2) 
PARAMETRIC_REPRESENTATION_CONTEXT() REPRESENTATION_CONTEXT('2D SPACE',''
  ) );
#2231 = ORIENTED_EDGE('',*,*,#2232,.T.);
#2232 = EDGE_CURVE('',#2206,#2233,#2235,.T.);
#2233 = VERTEX_POINT('',#2234);
#2234 = CARTESIAN_POINT('',(159.82,-151.796,0.));
#2235 = SURFACE_CURVE('',#2236,(#2240,#2247),.PCURVE_S1.);
#2236 = LINE('',#2237,#2238);
#2237 = CARTESIAN_POINT('',(159.82,-136.762,0.));
#2238 = VECTOR('',#2239,1.);
#2239 = DIRECTION('',(0.,-1.,0.));
#2240 = PCURVE('',#126,#2241);
#2241 = DEFINITIONAL_REPRESENTATION('',(#2242),#2246);
#2242 = LINE('',#2243,#2244);
#2243 = CARTESIAN_POINT('',(11.32,-15.834));
#2244 = VECTOR('',#2245,1.);
#2245 = DIRECTION('',(0.,-1.));
#2246 = ( GEOMETRIC_REPRESENTATION_CONTEXT(2) 
PARAMETRIC_REPRESENTATION_CONTEXT() REPRESENTATION_CONTEXT('2D SPACE',''
  ) );
#2247 = PCURVE('',#2221,#2248);
#2248 = DEFINITIONAL_REPRESENTATION('',(#2249),#2252);
#2249 = B_SPLINE_CURVE_WITH_KNOTS('',1,(#2250,#2251),.UNSPECIFIED.,.F.,
  .F.,(2,2),(-46.902,15.034),.PIECEWISE_BEZIER_KNOTS.);
#2250 = CARTESIAN_POINT('',(62.736,-5.65));
#2251 = CARTESIAN_POINT('',(0.8,-5.65));
#2252 = ( GEOMETRIC_REPRESENTATION_CONTEXT(2) 
PARAMETRIC_REPRESENTATION_CONTEXT() REPRESENTATION_CONTEXT('2D SPACE',''
  ) );
#2253 = ORIENTED_EDGE('',*,*,#2254,.F.);
#2254 = EDGE_CURVE('',#2255,#2233,#2257,.T.);
#2255 = VERTEX_POINT('',#2256);
#2256 = CARTESIAN_POINT('',(159.02,-152.596,0.));
#2257 = SURFACE_CURVE('',#2258,(#2263,#2270),.PCURVE_S1.);
#2258 = CIRCLE('',#2259,0.8);
#2259 = AXIS2_PLACEMENT_3D('',#2260,#2261,#2262);
#2260 = CARTESIAN_POINT('',(159.02,-151.796,0.));
#2261 = DIRECTION('',(0.,0.,1.));
#2262 = DIRECTION('',(0.,-1.,0.));
#2263 = PCURVE('',#126,#2264);
#2264 = DEFINITIONAL_REPRESENTATION('',(#2265),#2269);
#2265 = CIRCLE('',#2266,0.8);
#2266 = AXIS2_PLACEMENT_2D('',#2267,#2268);
#2267 = CARTESIAN_POINT('',(10.52,-30.868));
#2268 = DIRECTION('',(0.,-1.));
#2269 = ( GEOMETRIC_REPRESENTATION_CONTEXT(2) 
PARAMETRIC_REPRESENTATION_CONTEXT() REPRESENTATION_CONTEXT('2D SPACE',''
  ) );
#2270 = PCURVE('',#2271,#2276);
#2271 = CYLINDRICAL_SURFACE('',#2272,0.8);
#2272 = AXIS2_PLACEMENT_3D('',#2273,#2274,#2275);
#2273 = CARTESIAN_POINT('',(159.02,-151.796,-5.65));
#2274 = DIRECTION('',(0.,0.,1.));
#2275 = DIRECTION('',(0.,-1.,0.));
#2276 = DEFINITIONAL_REPRESENTATION('',(#2277),#2281);
#2277 = LINE('',#2278,#2279);
#2278 = CARTESIAN_POINT('',(0.,5.65));
#2279 = VECTOR('',#2280,1.);
#2280 = DIRECTION('',(1.,0.));
#2281 = ( GEOMETRIC_REPRESENTATION_CONTEXT(2) 
PARAMETRIC_REPRESENTATION_CONTEXT() REPRESENTATION_CONTEXT('2D SPACE',''
  ) );
#2282 = ORIENTED_EDGE('',*,*,#2283,.T.);
#2283 = EDGE_CURVE('',#2255,#2284,#2286,.T.);
#2284 = VERTEX_POINT('',#2285);
#2285 = CARTESIAN_POINT('',(150.41833260932,-152.596,0.));
#2286 = SURFACE_CURVE('',#2287,(#2291,#2298),.PCURVE_S1.);
#2287 = LINE('',#2288,#2289);
#2288 = CARTESIAN_POINT('',(142.84,-152.596,0.));
#2289 = VECTOR('',#2290,1.);
#2290 = DIRECTION('',(-1.,0.,0.));
#2291 = PCURVE('',#126,#2292);
#2292 = DEFINITIONAL_REPRESENTATION('',(#2293),#2297);
#2293 = LINE('',#2294,#2295);
#2294 = CARTESIAN_POINT('',(-5.66,-31.668));
#2295 = VECTOR('',#2296,1.);
#2296 = DIRECTION('',(-1.,0.));
#2297 = ( GEOMETRIC_REPRESENTATION_CONTEXT(2) 
PARAMETRIC_REPRESENTATION_CONTEXT() REPRESENTATION_CONTEXT('2D SPACE',''
  ) );
#2298 = PCURVE('',#2299,#2304);
#2299 = PLANE('',#2300);
#2300 = AXIS2_PLACEMENT_3D('',#2301,#2302,#2303);
#2301 = CARTESIAN_POINT('',(137.18,-152.596,-5.65));
#2302 = DIRECTION('',(0.,1.,0.));
#2303 = DIRECTION('',(1.,0.,0.));
#2304 = DEFINITIONAL_REPRESENTATION('',(#2305),#2308);
#2305 = B_SPLINE_CURVE_WITH_KNOTS('',1,(#2306,#2307),.UNSPECIFIED.,.F.,
  .F.,(2,2),(-16.18,4.86),.PIECEWISE_BEZIER_KNOTS.);
#2306 = CARTESIAN_POINT('',(21.84,-5.65));
#2307 = CARTESIAN_POINT('',(0.8,-5.65));
#2308 = ( GEOMETRIC_REPRESENTATION_CONTEXT(2) 
PARAMETRIC_REPRESENTATION_CONTEXT() REPRESENTATION_CONTEXT('2D SPACE',''
  ) );
#2309 = ORIENTED_EDGE('',*,*,#2310,.T.);
#2310 = EDGE_CURVE('',#2284,#2311,#2313,.T.);
#2311 = VERTEX_POINT('',#2312);
#2312 = CARTESIAN_POINT('',(149.79614813968,-152.596,0.));
#2313 = SURFACE_CURVE('',#2314,(#2318,#2325),.PCURVE_S1.);
#2314 = LINE('',#2315,#2316);
#2315 = CARTESIAN_POINT('',(142.84,-152.596,0.));
#2316 = VECTOR('',#2317,1.);
#2317 = DIRECTION('',(-1.,0.,0.));
#2318 = PCURVE('',#126,#2319);
#2319 = DEFINITIONAL_REPRESENTATION('',(#2320),#2324);
#2320 = LINE('',#2321,#2322);
#2321 = CARTESIAN_POINT('',(-5.66,-31.668));
#2322 = VECTOR('',#2323,1.);
#2323 = DIRECTION('',(-1.,0.));
#2324 = ( GEOMETRIC_REPRESENTATION_CONTEXT(2) 
PARAMETRIC_REPRESENTATION_CONTEXT() REPRESENTATION_CONTEXT('2D SPACE',''
  ) );
#2325 = PCURVE('',#2299,#2326);
#2326 = DEFINITIONAL_REPRESENTATION('',(#2327),#2330);
#2327 = B_SPLINE_CURVE_WITH_KNOTS('',1,(#2328,#2329),.UNSPECIFIED.,.F.,
  .F.,(2,2),(-16.18,4.86),.PIECEWISE_BEZIER_KNOTS.);
#2328 = CARTESIAN_POINT('',(21.84,-5.65));
#2329 = CARTESIAN_POINT('',(0.8,-5.65));
#2330 = ( GEOMETRIC_REPRESENTATION_CONTEXT(2) 
PARAMETRIC_REPRESENTATION_CONTEXT() REPRESENTATION_CONTEXT('2D SPACE',''
  ) );
#2331 = ORIENTED_EDGE('',*,*,#2332,.T.);
#2332 = EDGE_CURVE('',#2311,#2333,#2335,.T.);
#2333 = VERTEX_POINT('',#2334);
#2334 = CARTESIAN_POINT('',(147.20385186031,-152.596,0.));
#2335 = SURFACE_CURVE('',#2336,(#2341,#2348),.PCURVE_S1.);
#2336 = CIRCLE('',#2337,2.3);
#2337 = AXIS2_PLACEMENT_3D('',#2338,#2339,#2340);
#2338 = CARTESIAN_POINT('',(148.5,-150.696,0.));
#2339 = DIRECTION('',(-0.,0.,1.));
#2340 = DIRECTION('',(0.563542669427,-0.826086956522,0.));
#2341 = PCURVE('',#126,#2342);
#2342 = DEFINITIONAL_REPRESENTATION('',(#2343),#2347);
#2343 = CIRCLE('',#2344,2.3);
#2344 = AXIS2_PLACEMENT_2D('',#2345,#2346);
#2345 = CARTESIAN_POINT('',(0.,-29.768));
#2346 = DIRECTION('',(0.563542669427,-0.826086956522));
#2347 = ( GEOMETRIC_REPRESENTATION_CONTEXT(2) 
PARAMETRIC_REPRESENTATION_CONTEXT() REPRESENTATION_CONTEXT('2D SPACE',''
  ) );
#2348 = PCURVE('',#2349,#2354);
#2349 = CYLINDRICAL_SURFACE('',#2350,2.3);
#2350 = AXIS2_PLACEMENT_3D('',#2351,#2352,#2353);
#2351 = CARTESIAN_POINT('',(148.5,-150.696,-5.65));
#2352 = DIRECTION('',(-0.,-0.,-1.));
#2353 = DIRECTION('',(1.,0.,0.));
#2354 = DEFINITIONAL_REPRESENTATION('',(#2355),#2359);
#2355 = LINE('',#2356,#2357);
#2356 = CARTESIAN_POINT('',(-5.31105703322,-5.65));
#2357 = VECTOR('',#2358,1.);
#2358 = DIRECTION('',(-1.,0.));
#2359 = ( GEOMETRIC_REPRESENTATION_CONTEXT(2) 
PARAMETRIC_REPRESENTATION_CONTEXT() REPRESENTATION_CONTEXT('2D SPACE',''
  ) );
#2360 = ORIENTED_EDGE('',*,*,#2361,.T.);
#2361 = EDGE_CURVE('',#2333,#2362,#2364,.T.);
#2362 = VERTEX_POINT('',#2363);
#2363 = CARTESIAN_POINT('',(146.58166739068,-152.596,0.));
#2364 = SURFACE_CURVE('',#2365,(#2369,#2376),.PCURVE_S1.);
#2365 = LINE('',#2366,#2367);
#2366 = CARTESIAN_POINT('',(142.84,-152.596,0.));
#2367 = VECTOR('',#2368,1.);
#2368 = DIRECTION('',(-1.,0.,0.));
#2369 = PCURVE('',#126,#2370);
#2370 = DEFINITIONAL_REPRESENTATION('',(#2371),#2375);
#2371 = LINE('',#2372,#2373);
#2372 = CARTESIAN_POINT('',(-5.66,-31.668));
#2373 = VECTOR('',#2374,1.);
#2374 = DIRECTION('',(-1.,0.));
#2375 = ( GEOMETRIC_REPRESENTATION_CONTEXT(2) 
PARAMETRIC_REPRESENTATION_CONTEXT() REPRESENTATION_CONTEXT('2D SPACE',''
  ) );
#2376 = PCURVE('',#2377,#2382);
#2377 = PLANE('',#2378);
#2378 = AXIS2_PLACEMENT_3D('',#2379,#2380,#2381);
#2379 = CARTESIAN_POINT('',(137.18,-152.596,-5.65));
#2380 = DIRECTION('',(0.,1.,0.));
#2381 = DIRECTION('',(1.,0.,0.));
#2382 = DEFINITIONAL_REPRESENTATION('',(#2383),#2386);
#2383 = B_SPLINE_CURVE_WITH_KNOTS('',1,(#2384,#2385),.UNSPECIFIED.,.F.,
  .F.,(2,2),(-16.18,4.86),.PIECEWISE_BEZIER_KNOTS.);
#2384 = CARTESIAN_POINT('',(21.84,-5.65));
#2385 = CARTESIAN_POINT('',(0.8,-5.65));
#2386 = ( GEOMETRIC_REPRESENTATION_CONTEXT(2) 
PARAMETRIC_REPRESENTATION_CONTEXT() REPRESENTATION_CONTEXT('2D SPACE',''
  ) );
#2387 = ORIENTED_EDGE('',*,*,#2388,.T.);
#2388 = EDGE_CURVE('',#2362,#2389,#2391,.T.);
#2389 = VERTEX_POINT('',#2390);
#2390 = CARTESIAN_POINT('',(137.98,-152.596,0.));
#2391 = SURFACE_CURVE('',#2392,(#2396,#2403),.PCURVE_S1.);
#2392 = LINE('',#2393,#2394);
#2393 = CARTESIAN_POINT('',(142.84,-152.596,0.));
#2394 = VECTOR('',#2395,1.);
#2395 = DIRECTION('',(-1.,0.,0.));
#2396 = PCURVE('',#126,#2397);
#2397 = DEFINITIONAL_REPRESENTATION('',(#2398),#2402);
#2398 = LINE('',#2399,#2400);
#2399 = CARTESIAN_POINT('',(-5.66,-31.668));
#2400 = VECTOR('',#2401,1.);
#2401 = DIRECTION('',(-1.,0.));
#2402 = ( GEOMETRIC_REPRESENTATION_CONTEXT(2) 
PARAMETRIC_REPRESENTATION_CONTEXT() REPRESENTATION_CONTEXT('2D SPACE',''
  ) );
#2403 = PCURVE('',#2377,#2404);
#2404 = DEFINITIONAL_REPRESENTATION('',(#2405),#2408);
#2405 = B_SPLINE_CURVE_WITH_KNOTS('',1,(#2406,#2407),.UNSPECIFIED.,.F.,
  .F.,(2,2),(-16.18,4.86),.PIECEWISE_BEZIER_KNOTS.);
#2406 = CARTESIAN_POINT('',(21.84,-5.65));
#2407 = CARTESIAN_POINT('',(0.8,-5.65));
#2408 = ( GEOMETRIC_REPRESENTATION_CONTEXT(2) 
PARAMETRIC_REPRESENTATION_CONTEXT() REPRESENTATION_CONTEXT('2D SPACE',''
  ) );
#2409 = ORIENTED_EDGE('',*,*,#2410,.F.);
#2410 = EDGE_CURVE('',#2411,#2389,#2413,.T.);
#2411 = VERTEX_POINT('',#2412);
#2412 = CARTESIAN_POINT('',(137.18,-151.796,0.));
#2413 = SURFACE_CURVE('',#2414,(#2419,#2426),.PCURVE_S1.);
#2414 = CIRCLE('',#2415,0.8);
#2415 = AXIS2_PLACEMENT_3D('',#2416,#2417,#2418);
#2416 = CARTESIAN_POINT('',(137.98,-151.796,0.));
#2417 = DIRECTION('',(0.,0.,1.));
#2418 = DIRECTION('',(0.,-1.,0.));
#2419 = PCURVE('',#126,#2420);
#2420 = DEFINITIONAL_REPRESENTATION('',(#2421),#2425);
#2421 = CIRCLE('',#2422,0.8);
#2422 = AXIS2_PLACEMENT_2D('',#2423,#2424);
#2423 = CARTESIAN_POINT('',(-10.52,-30.868));
#2424 = DIRECTION('',(0.,-1.));
#2425 = ( GEOMETRIC_REPRESENTATION_CONTEXT(2) 
PARAMETRIC_REPRESENTATION_CONTEXT() REPRESENTATION_CONTEXT('2D SPACE',''
  ) );
#2426 = PCURVE('',#2427,#2432);
#2427 = CYLINDRICAL_SURFACE('',#2428,0.8);
#2428 = AXIS2_PLACEMENT_3D('',#2429,#2430,#2431);
#2429 = CARTESIAN_POINT('',(137.98,-151.796,-5.65));
#2430 = DIRECTION('',(0.,0.,1.));
#2431 = DIRECTION('',(0.,-1.,0.));
#2432 = DEFINITIONAL_REPRESENTATION('',(#2433),#2437);
#2433 = LINE('',#2434,#2435);
#2434 = CARTESIAN_POINT('',(-6.28318530718,5.65));
#2435 = VECTOR('',#2436,1.);
#2436 = DIRECTION('',(1.,-0.));
#2437 = ( GEOMETRIC_REPRESENTATION_CONTEXT(2) 
PARAMETRIC_REPRESENTATION_CONTEXT() REPRESENTATION_CONTEXT('2D SPACE',''
  ) );
#2438 = ORIENTED_EDGE('',*,*,#2439,.T.);
#2439 = EDGE_CURVE('',#2411,#2440,#2442,.T.);
#2440 = VERTEX_POINT('',#2441);
#2441 = CARTESIAN_POINT('',(137.18,-122.14,0.));
#2442 = SURFACE_CURVE('',#2443,(#2447,#2454),.PCURVE_S1.);
#2443 = LINE('',#2444,#2445);
#2444 = CARTESIAN_POINT('',(137.18,-104.994,0.));
#2445 = VECTOR('',#2446,1.);
#2446 = DIRECTION('',(-0.,1.,0.));
#2447 = PCURVE('',#126,#2448);
#2448 = DEFINITIONAL_REPRESENTATION('',(#2449),#2453);
#2449 = LINE('',#2450,#2451);
#2450 = CARTESIAN_POINT('',(-11.32,15.934));
#2451 = VECTOR('',#2452,1.);
#2452 = DIRECTION('',(0.,1.));
#2453 = ( GEOMETRIC_REPRESENTATION_CONTEXT(2) 
PARAMETRIC_REPRESENTATION_CONTEXT() REPRESENTATION_CONTEXT('2D SPACE',''
  ) );
#2454 = PCURVE('',#2455,#2460);
#2455 = PLANE('',#2456);
#2456 = AXIS2_PLACEMENT_3D('',#2457,#2458,#2459);
#2457 = CARTESIAN_POINT('',(137.18,-89.06,-5.65));
#2458 = DIRECTION('',(1.,0.,-0.));
#2459 = DIRECTION('',(0.,-1.,0.));
#2460 = DEFINITIONAL_REPRESENTATION('',(#2461),#2464);
#2461 = B_SPLINE_CURVE_WITH_KNOTS('',1,(#2462,#2463),.UNSPECIFIED.,.F.,
  .F.,(2,2),(-46.802,15.134),.PIECEWISE_BEZIER_KNOTS.);
#2462 = CARTESIAN_POINT('',(62.736,-5.65));
#2463 = CARTESIAN_POINT('',(0.8,-5.65));
#2464 = ( GEOMETRIC_REPRESENTATION_CONTEXT(2) 
PARAMETRIC_REPRESENTATION_CONTEXT() REPRESENTATION_CONTEXT('2D SPACE',''
  ) );
#2465 = ORIENTED_EDGE('',*,*,#2466,.T.);
#2466 = EDGE_CURVE('',#2440,#2009,#2467,.T.);
#2467 = SURFACE_CURVE('',#2468,(#2472,#2479),.PCURVE_S1.);
#2468 = LINE('',#2469,#2470);
#2469 = CARTESIAN_POINT('',(137.18,-104.994,0.));
#2470 = VECTOR('',#2471,1.);
#2471 = DIRECTION('',(-0.,1.,0.));
#2472 = PCURVE('',#126,#2473);
#2473 = DEFINITIONAL_REPRESENTATION('',(#2474),#2478);
#2474 = LINE('',#2475,#2476);
#2475 = CARTESIAN_POINT('',(-11.32,15.934));
#2476 = VECTOR('',#2477,1.);
#2477 = DIRECTION('',(0.,1.));
#2478 = ( GEOMETRIC_REPRESENTATION_CONTEXT(2) 
PARAMETRIC_REPRESENTATION_CONTEXT() REPRESENTATION_CONTEXT('2D SPACE',''
  ) );
#2479 = PCURVE('',#2455,#2480);
#2480 = DEFINITIONAL_REPRESENTATION('',(#2481),#2484);
#2481 = B_SPLINE_CURVE_WITH_KNOTS('',1,(#2482,#2483),.UNSPECIFIED.,.F.,
  .F.,(2,2),(-46.802,15.134),.PIECEWISE_BEZIER_KNOTS.);
#2482 = CARTESIAN_POINT('',(62.736,-5.65));
#2483 = CARTESIAN_POINT('',(0.8,-5.65));
#2484 = ( GEOMETRIC_REPRESENTATION_CONTEXT(2) 
PARAMETRIC_REPRESENTATION_CONTEXT() REPRESENTATION_CONTEXT('2D SPACE',''
  ) );
#2485 = FACE_BOUND('',#2486,.T.);
#2486 = EDGE_LOOP('',(#2487));
#2487 = ORIENTED_EDGE('',*,*,#2488,.T.);
#2488 = EDGE_CURVE('',#2489,#2489,#2491,.T.);
#2489 = VERTEX_POINT('',#2490);
#2490 = CARTESIAN_POINT('',(158.196,-90.951,0.));
#2491 = SURFACE_CURVE('',#2492,(#2497,#2508),.PCURVE_S1.);
#2492 = CIRCLE('',#2493,1.7);
#2493 = AXIS2_PLACEMENT_3D('',#2494,#2495,#2496);
#2494 = CARTESIAN_POINT('',(156.496,-90.951,0.));
#2495 = DIRECTION('',(0.,0.,-1.));
#2496 = DIRECTION('',(1.,0.,0.));
#2497 = PCURVE('',#126,#2498);
#2498 = DEFINITIONAL_REPRESENTATION('',(#2499),#2507);
#2499 = ( BOUNDED_CURVE() B_SPLINE_CURVE(2,(#2500,#2501,#2502,#2503,
#2504,#2505,#2506),.UNSPECIFIED.,.T.,.F.) B_SPLINE_CURVE_WITH_KNOTS((1,2
    ,2,2,2,1),(-2.094395102393,0.,2.094395102393,4.188790204786,
6.28318530718,8.377580409573),.UNSPECIFIED.) CURVE() 
GEOMETRIC_REPRESENTATION_ITEM() RATIONAL_B_SPLINE_CURVE((1.,0.5,1.,0.5,
1.,0.5,1.)) REPRESENTATION_ITEM('') );
#2500 = CARTESIAN_POINT('',(9.696,29.977));
#2501 = CARTESIAN_POINT('',(9.696,27.032513627133));
#2502 = CARTESIAN_POINT('',(7.146,28.504756813566));
#2503 = CARTESIAN_POINT('',(4.596,29.977));
#2504 = CARTESIAN_POINT('',(7.146,31.449243186434));
#2505 = CARTESIAN_POINT('',(9.696,32.921486372867));
#2506 = CARTESIAN_POINT('',(9.696,29.977));
#2507 = ( GEOMETRIC_REPRESENTATION_CONTEXT(2) 
PARAMETRIC_REPRESENTATION_CONTEXT() REPRESENTATION_CONTEXT('2D SPACE',''
  ) );
#2508 = PCURVE('',#2509,#2514);
#2509 = CYLINDRICAL_SURFACE('',#2510,1.7);
#2510 = AXIS2_PLACEMENT_3D('',#2511,#2512,#2513);
#2511 = CARTESIAN_POINT('',(156.496,-90.951,-7.85));
#2512 = DIRECTION('',(-0.,-0.,-1.));
#2513 = DIRECTION('',(1.,0.,0.));
#2514 = DEFINITIONAL_REPRESENTATION('',(#2515),#2519);
#2515 = LINE('',#2516,#2517);
#2516 = CARTESIAN_POINT('',(-6.28318530718,-7.85));
#2517 = VECTOR('',#2518,1.);
#2518 = DIRECTION('',(1.,-0.));
#2519 = ( GEOMETRIC_REPRESENTATION_CONTEXT(2) 
PARAMETRIC_REPRESENTATION_CONTEXT() REPRESENTATION_CONTEXT('2D SPACE',''
  ) );
#2520 = ADVANCED_FACE('',(#2521),#500,.F.);
#2521 = FACE_BOUND('',#2522,.F.);
#2522 = EDGE_LOOP('',(#2523,#2524,#2545,#2546));
#2523 = ORIENTED_EDGE('',*,*,#486,.F.);
#2524 = ORIENTED_EDGE('',*,*,#2525,.T.);
#2525 = EDGE_CURVE('',#458,#1890,#2526,.T.);
#2526 = SURFACE_CURVE('',#2527,(#2531,#2538),.PCURVE_S1.);
#2527 = LINE('',#2528,#2529);
#2528 = CARTESIAN_POINT('',(135.98,-90.06,-6.85));
#2529 = VECTOR('',#2530,1.);
#2530 = DIRECTION('',(0.,0.,1.));
#2531 = PCURVE('',#500,#2532);
#2532 = DEFINITIONAL_REPRESENTATION('',(#2533),#2537);
#2533 = LINE('',#2534,#2535);
#2534 = CARTESIAN_POINT('',(2.,0.));
#2535 = VECTOR('',#2536,1.);
#2536 = DIRECTION('',(0.,-1.));
#2537 = ( GEOMETRIC_REPRESENTATION_CONTEXT(2) 
PARAMETRIC_REPRESENTATION_CONTEXT() REPRESENTATION_CONTEXT('2D SPACE',''
  ) );
#2538 = PCURVE('',#474,#2539);
#2539 = DEFINITIONAL_REPRESENTATION('',(#2540),#2544);
#2540 = LINE('',#2541,#2542);
#2541 = CARTESIAN_POINT('',(1.570796326795,0.));
#2542 = VECTOR('',#2543,1.);
#2543 = DIRECTION('',(0.,1.));
#2544 = ( GEOMETRIC_REPRESENTATION_CONTEXT(2) 
PARAMETRIC_REPRESENTATION_CONTEXT() REPRESENTATION_CONTEXT('2D SPACE',''
  ) );
#2545 = ORIENTED_EDGE('',*,*,#1913,.T.);
#2546 = ORIENTED_EDGE('',*,*,#1657,.F.);
#2547 = ADVANCED_FACE('',(#2548),#474,.T.);
#2548 = FACE_BOUND('',#2549,.T.);
#2549 = EDGE_LOOP('',(#2550,#2573,#2574,#2575,#2576,#2597));
#2550 = ORIENTED_EDGE('',*,*,#2551,.F.);
#2551 = EDGE_CURVE('',#435,#2552,#2554,.T.);
#2552 = VERTEX_POINT('',#2553);
#2553 = CARTESIAN_POINT('',(137.98,-88.06,-5.65));
#2554 = SURFACE_CURVE('',#2555,(#2559,#2566),.PCURVE_S1.);
#2555 = LINE('',#2556,#2557);
#2556 = CARTESIAN_POINT('',(137.98,-88.06,-6.85));
#2557 = VECTOR('',#2558,1.);
#2558 = DIRECTION('',(0.,0.,1.));
#2559 = PCURVE('',#474,#2560);
#2560 = DEFINITIONAL_REPRESENTATION('',(#2561),#2565);
#2561 = LINE('',#2562,#2563);
#2562 = CARTESIAN_POINT('',(0.,0.));
#2563 = VECTOR('',#2564,1.);
#2564 = DIRECTION('',(0.,1.));
#2565 = ( GEOMETRIC_REPRESENTATION_CONTEXT(2) 
PARAMETRIC_REPRESENTATION_CONTEXT() REPRESENTATION_CONTEXT('2D SPACE',''
  ) );
#2566 = PCURVE('',#293,#2567);
#2567 = DEFINITIONAL_REPRESENTATION('',(#2568),#2572);
#2568 = LINE('',#2569,#2570);
#2569 = CARTESIAN_POINT('',(23.04,0.));
#2570 = VECTOR('',#2571,1.);
#2571 = DIRECTION('',(0.,-1.));
#2572 = ( GEOMETRIC_REPRESENTATION_CONTEXT(2) 
PARAMETRIC_REPRESENTATION_CONTEXT() REPRESENTATION_CONTEXT('2D SPACE',''
  ) );
#2573 = ORIENTED_EDGE('',*,*,#457,.T.);
#2574 = ORIENTED_EDGE('',*,*,#2525,.T.);
#2575 = ORIENTED_EDGE('',*,*,#1889,.F.);
#2576 = ORIENTED_EDGE('',*,*,#2577,.F.);
#2577 = EDGE_CURVE('',#2578,#1862,#2580,.T.);
#2578 = VERTEX_POINT('',#2579);
#2579 = CARTESIAN_POINT('',(137.18,-88.22696972201,-5.65));
#2580 = SURFACE_CURVE('',#2581,(#2585,#2591),.PCURVE_S1.);
#2581 = LINE('',#2582,#2583);
#2582 = CARTESIAN_POINT('',(137.18,-88.22696972201,-6.85));
#2583 = VECTOR('',#2584,1.);
#2584 = DIRECTION('',(0.,0.,1.));
#2585 = PCURVE('',#474,#2586);
#2586 = DEFINITIONAL_REPRESENTATION('',(#2587),#2590);
#2587 = B_SPLINE_CURVE_WITH_KNOTS('',1,(#2588,#2589),.UNSPECIFIED.,.F.,
  .F.,(2,2),(0.635,6.8500006),.PIECEWISE_BEZIER_KNOTS.);
#2588 = CARTESIAN_POINT('',(0.411516846067,0.635));
#2589 = CARTESIAN_POINT('',(0.411516846067,6.8500006));
#2590 = ( GEOMETRIC_REPRESENTATION_CONTEXT(2) 
PARAMETRIC_REPRESENTATION_CONTEXT() REPRESENTATION_CONTEXT('2D SPACE',''
  ) );
#2591 = PCURVE('',#1877,#2592);
#2592 = DEFINITIONAL_REPRESENTATION('',(#2593),#2596);
#2593 = B_SPLINE_CURVE_WITH_KNOTS('',1,(#2594,#2595),.UNSPECIFIED.,.F.,
  .F.,(2,2),(0.635,6.8500006),.PIECEWISE_BEZIER_KNOTS.);
#2594 = CARTESIAN_POINT('',(0.166969722018,0.565));
#2595 = CARTESIAN_POINT('',(0.166969722018,-5.6500006));
#2596 = ( GEOMETRIC_REPRESENTATION_CONTEXT(2) 
PARAMETRIC_REPRESENTATION_CONTEXT() REPRESENTATION_CONTEXT('2D SPACE',''
  ) );
#2597 = ORIENTED_EDGE('',*,*,#2598,.F.);
#2598 = EDGE_CURVE('',#2552,#2578,#2599,.T.);
#2599 = SURFACE_CURVE('',#2600,(#2605,#2612),.PCURVE_S1.);
#2600 = CIRCLE('',#2601,2.);
#2601 = AXIS2_PLACEMENT_3D('',#2602,#2603,#2604);
#2602 = CARTESIAN_POINT('',(137.98,-90.06,-5.65));
#2603 = DIRECTION('',(0.,0.,1.));
#2604 = DIRECTION('',(-0.,1.,0.));
#2605 = PCURVE('',#474,#2606);
#2606 = DEFINITIONAL_REPRESENTATION('',(#2607),#2611);
#2607 = LINE('',#2608,#2609);
#2608 = CARTESIAN_POINT('',(0.,1.2));
#2609 = VECTOR('',#2610,1.);
#2610 = DIRECTION('',(1.,0.));
#2611 = ( GEOMETRIC_REPRESENTATION_CONTEXT(2) 
PARAMETRIC_REPRESENTATION_CONTEXT() REPRESENTATION_CONTEXT('2D SPACE',''
  ) );
#2612 = PCURVE('',#2613,#2618);
#2613 = PLANE('',#2614);
#2614 = AXIS2_PLACEMENT_3D('',#2615,#2616,#2617);
#2615 = CARTESIAN_POINT('',(148.5,-88.56,-5.65));
#2616 = DIRECTION('',(0.,0.,1.));
#2617 = DIRECTION('',(1.,0.,-0.));
#2618 = DEFINITIONAL_REPRESENTATION('',(#2619),#2623);
#2619 = CIRCLE('',#2620,2.);
#2620 = AXIS2_PLACEMENT_2D('',#2621,#2622);
#2621 = CARTESIAN_POINT('',(-10.52,-1.5));
#2622 = DIRECTION('',(0.,1.));
#2623 = ( GEOMETRIC_REPRESENTATION_CONTEXT(2) 
PARAMETRIC_REPRESENTATION_CONTEXT() REPRESENTATION_CONTEXT('2D SPACE',''
  ) );
#2624 = ADVANCED_FACE('',(#2625),#236,.F.);
#2625 = FACE_BOUND('',#2626,.F.);
#2626 = EDGE_LOOP('',(#2627,#2628,#2629,#2630));
#2627 = ORIENTED_EDGE('',*,*,#220,.F.);
#2628 = ORIENTED_EDGE('',*,*,#1711,.T.);
#2629 = ORIENTED_EDGE('',*,*,#1763,.T.);
#2630 = ORIENTED_EDGE('',*,*,#2631,.F.);
#2631 = EDGE_CURVE('',#221,#1764,#2632,.T.);
#2632 = SURFACE_CURVE('',#2633,(#2637,#2644),.PCURVE_S1.);
#2633 = LINE('',#2634,#2635);
#2634 = CARTESIAN_POINT('',(161.02,-90.06,-6.85));
#2635 = VECTOR('',#2636,1.);
#2636 = DIRECTION('',(0.,0.,1.));
#2637 = PCURVE('',#236,#2638);
#2638 = DEFINITIONAL_REPRESENTATION('',(#2639),#2643);
#2639 = LINE('',#2640,#2641);
#2640 = CARTESIAN_POINT('',(63.736,0.));
#2641 = VECTOR('',#2642,1.);
#2642 = DIRECTION('',(0.,-1.));
#2643 = ( GEOMETRIC_REPRESENTATION_CONTEXT(2) 
PARAMETRIC_REPRESENTATION_CONTEXT() REPRESENTATION_CONTEXT('2D SPACE',''
  ) );
#2644 = PCURVE('',#265,#2645);
#2645 = DEFINITIONAL_REPRESENTATION('',(#2646),#2650);
#2646 = LINE('',#2647,#2648);
#2647 = CARTESIAN_POINT('',(0.,0.));
#2648 = VECTOR('',#2649,1.);
#2649 = DIRECTION('',(0.,1.));
#2650 = ( GEOMETRIC_REPRESENTATION_CONTEXT(2) 
PARAMETRIC_REPRESENTATION_CONTEXT() REPRESENTATION_CONTEXT('2D SPACE',''
  ) );
#2651 = ADVANCED_FACE('',(#2652),#293,.F.);
#2652 = FACE_BOUND('',#2653,.F.);
#2653 = EDGE_LOOP('',(#2654,#2655,#2678,#2706,#2727,#2728,#2751,#2772,
    #2773,#2774,#2801,#2802));
#2654 = ORIENTED_EDGE('',*,*,#277,.F.);
#2655 = ORIENTED_EDGE('',*,*,#2656,.T.);
#2656 = EDGE_CURVE('',#249,#2657,#2659,.T.);
#2657 = VERTEX_POINT('',#2658);
#2658 = CARTESIAN_POINT('',(159.02,-88.06,-5.65));
#2659 = SURFACE_CURVE('',#2660,(#2664,#2671),.PCURVE_S1.);
#2660 = LINE('',#2661,#2662);
#2661 = CARTESIAN_POINT('',(159.02,-88.06,-6.85));
#2662 = VECTOR('',#2663,1.);
#2663 = DIRECTION('',(0.,0.,1.));
#2664 = PCURVE('',#293,#2665);
#2665 = DEFINITIONAL_REPRESENTATION('',(#2666),#2670);
#2666 = LINE('',#2667,#2668);
#2667 = CARTESIAN_POINT('',(2.,0.));
#2668 = VECTOR('',#2669,1.);
#2669 = DIRECTION('',(0.,-1.));
#2670 = ( GEOMETRIC_REPRESENTATION_CONTEXT(2) 
PARAMETRIC_REPRESENTATION_CONTEXT() REPRESENTATION_CONTEXT('2D SPACE',''
  ) );
#2671 = PCURVE('',#265,#2672);
#2672 = DEFINITIONAL_REPRESENTATION('',(#2673),#2677);
#2673 = LINE('',#2674,#2675);
#2674 = CARTESIAN_POINT('',(1.570796326795,0.));
#2675 = VECTOR('',#2676,1.);
#2676 = DIRECTION('',(0.,1.));
#2677 = ( GEOMETRIC_REPRESENTATION_CONTEXT(2) 
PARAMETRIC_REPRESENTATION_CONTEXT() REPRESENTATION_CONTEXT('2D SPACE',''
  ) );
#2678 = ORIENTED_EDGE('',*,*,#2679,.F.);
#2679 = EDGE_CURVE('',#2680,#2657,#2682,.T.);
#2680 = VERTEX_POINT('',#2681);
#2681 = CARTESIAN_POINT('',(159.82,-88.06,-5.65));
#2682 = SURFACE_CURVE('',#2683,(#2687,#2694),.PCURVE_S1.);
#2683 = LINE('',#2684,#2685);
#2684 = CARTESIAN_POINT('',(159.82,-88.06,-5.65));
#2685 = VECTOR('',#2686,1.);
#2686 = DIRECTION('',(-1.,0.,0.));
#2687 = PCURVE('',#293,#2688);
#2688 = DEFINITIONAL_REPRESENTATION('',(#2689),#2693);
#2689 = LINE('',#2690,#2691);
#2690 = CARTESIAN_POINT('',(1.2,-1.2));
#2691 = VECTOR('',#2692,1.);
#2692 = DIRECTION('',(1.,0.));
#2693 = ( GEOMETRIC_REPRESENTATION_CONTEXT(2) 
PARAMETRIC_REPRESENTATION_CONTEXT() REPRESENTATION_CONTEXT('2D SPACE',''
  ) );
#2694 = PCURVE('',#2695,#2700);
#2695 = PLANE('',#2696);
#2696 = AXIS2_PLACEMENT_3D('',#2697,#2698,#2699);
#2697 = CARTESIAN_POINT('',(148.5,-88.56,-5.65));
#2698 = DIRECTION('',(0.,0.,1.));
#2699 = DIRECTION('',(1.,0.,-0.));
#2700 = DEFINITIONAL_REPRESENTATION('',(#2701),#2705);
#2701 = LINE('',#2702,#2703);
#2702 = CARTESIAN_POINT('',(11.32,0.5));
#2703 = VECTOR('',#2704,1.);
#2704 = DIRECTION('',(-1.,0.));
#2705 = ( GEOMETRIC_REPRESENTATION_CONTEXT(2) 
PARAMETRIC_REPRESENTATION_CONTEXT() REPRESENTATION_CONTEXT('2D SPACE',''
  ) );
#2706 = ORIENTED_EDGE('',*,*,#2707,.T.);
#2707 = EDGE_CURVE('',#2680,#1811,#2708,.T.);
#2708 = SURFACE_CURVE('',#2709,(#2713,#2720),.PCURVE_S1.);
#2709 = LINE('',#2710,#2711);
#2710 = CARTESIAN_POINT('',(159.82,-88.06,-5.65));
#2711 = VECTOR('',#2712,1.);
#2712 = DIRECTION('',(0.,0.,1.));
#2713 = PCURVE('',#293,#2714);
#2714 = DEFINITIONAL_REPRESENTATION('',(#2715),#2719);
#2715 = LINE('',#2716,#2717);
#2716 = CARTESIAN_POINT('',(1.2,-1.2));
#2717 = VECTOR('',#2718,1.);
#2718 = DIRECTION('',(0.,-1.));
#2719 = ( GEOMETRIC_REPRESENTATION_CONTEXT(2) 
PARAMETRIC_REPRESENTATION_CONTEXT() REPRESENTATION_CONTEXT('2D SPACE',''
  ) );
#2720 = PCURVE('',#1826,#2721);
#2721 = DEFINITIONAL_REPRESENTATION('',(#2722),#2726);
#2722 = LINE('',#2723,#2724);
#2723 = CARTESIAN_POINT('',(1.,0.));
#2724 = VECTOR('',#2725,1.);
#2725 = DIRECTION('',(0.,-1.));
#2726 = ( GEOMETRIC_REPRESENTATION_CONTEXT(2) 
PARAMETRIC_REPRESENTATION_CONTEXT() REPRESENTATION_CONTEXT('2D SPACE',''
  ) );
#2727 = ORIENTED_EDGE('',*,*,#1838,.T.);
#2728 = ORIENTED_EDGE('',*,*,#2729,.F.);
#2729 = EDGE_CURVE('',#2730,#1839,#2732,.T.);
#2730 = VERTEX_POINT('',#2731);
#2731 = CARTESIAN_POINT('',(137.18,-88.06,-5.65));
#2732 = SURFACE_CURVE('',#2733,(#2737,#2744),.PCURVE_S1.);
#2733 = LINE('',#2734,#2735);
#2734 = CARTESIAN_POINT('',(137.18,-88.06,-5.65));
#2735 = VECTOR('',#2736,1.);
#2736 = DIRECTION('',(0.,0.,1.));
#2737 = PCURVE('',#293,#2738);
#2738 = DEFINITIONAL_REPRESENTATION('',(#2739),#2743);
#2739 = LINE('',#2740,#2741);
#2740 = CARTESIAN_POINT('',(23.84,-1.2));
#2741 = VECTOR('',#2742,1.);
#2742 = DIRECTION('',(0.,-1.));
#2743 = ( GEOMETRIC_REPRESENTATION_CONTEXT(2) 
PARAMETRIC_REPRESENTATION_CONTEXT() REPRESENTATION_CONTEXT('2D SPACE',''
  ) );
#2744 = PCURVE('',#1877,#2745);
#2745 = DEFINITIONAL_REPRESENTATION('',(#2746),#2750);
#2746 = LINE('',#2747,#2748);
#2747 = CARTESIAN_POINT('',(0.,0.));
#2748 = VECTOR('',#2749,1.);
#2749 = DIRECTION('',(0.,-1.));
#2750 = ( GEOMETRIC_REPRESENTATION_CONTEXT(2) 
PARAMETRIC_REPRESENTATION_CONTEXT() REPRESENTATION_CONTEXT('2D SPACE',''
  ) );
#2751 = ORIENTED_EDGE('',*,*,#2752,.F.);
#2752 = EDGE_CURVE('',#2552,#2730,#2753,.T.);
#2753 = SURFACE_CURVE('',#2754,(#2758,#2765),.PCURVE_S1.);
#2754 = LINE('',#2755,#2756);
#2755 = CARTESIAN_POINT('',(159.82,-88.06,-5.65));
#2756 = VECTOR('',#2757,1.);
#2757 = DIRECTION('',(-1.,0.,0.));
#2758 = PCURVE('',#293,#2759);
#2759 = DEFINITIONAL_REPRESENTATION('',(#2760),#2764);
#2760 = LINE('',#2761,#2762);
#2761 = CARTESIAN_POINT('',(1.2,-1.2));
#2762 = VECTOR('',#2763,1.);
#2763 = DIRECTION('',(1.,0.));
#2764 = ( GEOMETRIC_REPRESENTATION_CONTEXT(2) 
PARAMETRIC_REPRESENTATION_CONTEXT() REPRESENTATION_CONTEXT('2D SPACE',''
  ) );
#2765 = PCURVE('',#2613,#2766);
#2766 = DEFINITIONAL_REPRESENTATION('',(#2767),#2771);
#2767 = LINE('',#2768,#2769);
#2768 = CARTESIAN_POINT('',(11.32,0.5));
#2769 = VECTOR('',#2770,1.);
#2770 = DIRECTION('',(-1.,0.));
#2771 = ( GEOMETRIC_REPRESENTATION_CONTEXT(2) 
PARAMETRIC_REPRESENTATION_CONTEXT() REPRESENTATION_CONTEXT('2D SPACE',''
  ) );
#2772 = ORIENTED_EDGE('',*,*,#2551,.F.);
#2773 = ORIENTED_EDGE('',*,*,#434,.F.);
#2774 = ORIENTED_EDGE('',*,*,#2775,.T.);
#2775 = EDGE_CURVE('',#411,#359,#2776,.T.);
#2776 = SURFACE_CURVE('',#2777,(#2782,#2789),.PCURVE_S1.);
#2777 = HYPERBOLA('',#2778,3.5105,2.891);
#2778 = AXIS2_PLACEMENT_3D('',#2779,#2780,#2781);
#2779 = CARTESIAN_POINT('',(140.496,-88.06,-3.085714285714));
#2780 = DIRECTION('',(0.,-1.,0.));
#2781 = DIRECTION('',(-0.,-0.,-1.));
#2782 = PCURVE('',#293,#2783);
#2783 = DEFINITIONAL_REPRESENTATION('',(#2784),#2788);
#2784 = ( BOUNDED_CURVE() B_SPLINE_CURVE(2,(#2785,#2786,#2787),
.UNSPECIFIED.,.F.,.F.) B_SPLINE_CURVE_WITH_KNOTS((3,3),(-0.377991221908,
0.377991221908),.PIECEWISE_BEZIER_KNOTS.) CURVE() 
GEOMETRIC_REPRESENTATION_ITEM() RATIONAL_B_SPLINE_CURVE((1.,
1.072293324109,1.)) REPRESENTATION_ITEM('') );
#2785 = CARTESIAN_POINT('',(21.642981233087,4.440892098501E-15));
#2786 = CARTESIAN_POINT('',(20.524,-0.490461359447));
#2787 = CARTESIAN_POINT('',(19.405018766913,4.440892098501E-15));
#2788 = ( GEOMETRIC_REPRESENTATION_CONTEXT(2) 
PARAMETRIC_REPRESENTATION_CONTEXT() REPRESENTATION_CONTEXT('2D SPACE',''
  ) );
#2789 = PCURVE('',#398,#2790);
#2790 = DEFINITIONAL_REPRESENTATION('',(#2791),#2800);
#2791 = B_SPLINE_CURVE_WITH_KNOTS('',7,(#2792,#2793,#2794,#2795,#2796,
    #2797,#2798,#2799),.UNSPECIFIED.,.F.,.F.,(8,8),(-0.377991221908,
    0.377991221908),.PIECEWISE_BEZIER_KNOTS.);
#2792 = CARTESIAN_POINT('',(-1.94009522642,4.171691629025E-15));
#2793 = CARTESIAN_POINT('',(-1.839378855679,-0.146742988183));
#2794 = CARTESIAN_POINT('',(-1.734081756753,-0.242263969711));
#2795 = CARTESIAN_POINT('',(-1.625624098479,-0.289358328414));
#2796 = CARTESIAN_POINT('',(-1.515968555111,-0.289358328414));
#2797 = CARTESIAN_POINT('',(-1.407510896837,-0.242263969711));
#2798 = CARTESIAN_POINT('',(-1.30221379791,-0.146742988183));
#2799 = CARTESIAN_POINT('',(-1.20149742717,4.3896158186E-15));
#2800 = ( GEOMETRIC_REPRESENTATION_CONTEXT(2) 
PARAMETRIC_REPRESENTATION_CONTEXT() REPRESENTATION_CONTEXT('2D SPACE',''
  ) );
#2801 = ORIENTED_EDGE('',*,*,#358,.F.);
#2802 = ORIENTED_EDGE('',*,*,#2803,.T.);
#2803 = EDGE_CURVE('',#335,#278,#2804,.T.);
#2804 = SURFACE_CURVE('',#2805,(#2810,#2817),.PCURVE_S1.);
#2805 = HYPERBOLA('',#2806,3.5105,2.891);
#2806 = AXIS2_PLACEMENT_3D('',#2807,#2808,#2809);
#2807 = CARTESIAN_POINT('',(156.496,-88.06,-3.085714285714));
#2808 = DIRECTION('',(0.,-1.,0.));
#2809 = DIRECTION('',(-0.,-0.,-1.));
#2810 = PCURVE('',#293,#2811);
#2811 = DEFINITIONAL_REPRESENTATION('',(#2812),#2816);
#2812 = ( BOUNDED_CURVE() B_SPLINE_CURVE(2,(#2813,#2814,#2815),
.UNSPECIFIED.,.F.,.F.) B_SPLINE_CURVE_WITH_KNOTS((3,3),(-0.377991221908,
0.377991221908),.PIECEWISE_BEZIER_KNOTS.) CURVE() 
GEOMETRIC_REPRESENTATION_ITEM() RATIONAL_B_SPLINE_CURVE((1.,
1.072293324109,1.)) REPRESENTATION_ITEM('') );
#2813 = CARTESIAN_POINT('',(5.642981233087,4.440892098501E-15));
#2814 = CARTESIAN_POINT('',(4.524,-0.490461359447));
#2815 = CARTESIAN_POINT('',(3.405018766913,4.440892098501E-15));
#2816 = ( GEOMETRIC_REPRESENTATION_CONTEXT(2) 
PARAMETRIC_REPRESENTATION_CONTEXT() REPRESENTATION_CONTEXT('2D SPACE',''
  ) );
#2817 = PCURVE('',#322,#2818);
#2818 = DEFINITIONAL_REPRESENTATION('',(#2819),#2828);
#2819 = B_SPLINE_CURVE_WITH_KNOTS('',7,(#2820,#2821,#2822,#2823,#2824,
    #2825,#2826,#2827),.UNSPECIFIED.,.F.,.F.,(8,8),(-0.377991221908,
    0.377991221908),.PIECEWISE_BEZIER_KNOTS.);
#2820 = CARTESIAN_POINT('',(-1.94009522642,4.171691629025E-15));
#2821 = CARTESIAN_POINT('',(-1.839378855679,-0.146742988183));
#2822 = CARTESIAN_POINT('',(-1.734081756753,-0.242263969711));
#2823 = CARTESIAN_POINT('',(-1.625624098479,-0.289358328414));
#2824 = CARTESIAN_POINT('',(-1.515968555111,-0.289358328414));
#2825 = CARTESIAN_POINT('',(-1.407510896837,-0.242263969711));
#2826 = CARTESIAN_POINT('',(-1.30221379791,-0.146742988183));
#2827 = CARTESIAN_POINT('',(-1.20149742717,4.3896158186E-15));
#2828 = ( GEOMETRIC_REPRESENTATION_CONTEXT(2) 
PARAMETRIC_REPRESENTATION_CONTEXT() REPRESENTATION_CONTEXT('2D SPACE',''
  ) );
#2829 = ADVANCED_FACE('',(#2830),#265,.T.);
#2830 = FACE_BOUND('',#2831,.T.);
#2831 = EDGE_LOOP('',(#2832,#2833,#2834,#2835,#2859,#2878));
#2832 = ORIENTED_EDGE('',*,*,#2631,.F.);
#2833 = ORIENTED_EDGE('',*,*,#248,.T.);
#2834 = ORIENTED_EDGE('',*,*,#2656,.T.);
#2835 = ORIENTED_EDGE('',*,*,#2836,.F.);
#2836 = EDGE_CURVE('',#2837,#2657,#2839,.T.);
#2837 = VERTEX_POINT('',#2838);
#2838 = CARTESIAN_POINT('',(159.82,-88.22696972201,-5.65));
#2839 = SURFACE_CURVE('',#2840,(#2845,#2852),.PCURVE_S1.);
#2840 = CIRCLE('',#2841,2.);
#2841 = AXIS2_PLACEMENT_3D('',#2842,#2843,#2844);
#2842 = CARTESIAN_POINT('',(159.02,-90.06,-5.65));
#2843 = DIRECTION('',(0.,0.,1.));
#2844 = DIRECTION('',(1.,0.,-0.));
#2845 = PCURVE('',#265,#2846);
#2846 = DEFINITIONAL_REPRESENTATION('',(#2847),#2851);
#2847 = LINE('',#2848,#2849);
#2848 = CARTESIAN_POINT('',(0.,1.2));
#2849 = VECTOR('',#2850,1.);
#2850 = DIRECTION('',(1.,0.));
#2851 = ( GEOMETRIC_REPRESENTATION_CONTEXT(2) 
PARAMETRIC_REPRESENTATION_CONTEXT() REPRESENTATION_CONTEXT('2D SPACE',''
  ) );
#2852 = PCURVE('',#2695,#2853);
#2853 = DEFINITIONAL_REPRESENTATION('',(#2854),#2858);
#2854 = CIRCLE('',#2855,2.);
#2855 = AXIS2_PLACEMENT_2D('',#2856,#2857);
#2856 = CARTESIAN_POINT('',(10.52,-1.5));
#2857 = DIRECTION('',(1.,0.));
#2858 = ( GEOMETRIC_REPRESENTATION_CONTEXT(2) 
PARAMETRIC_REPRESENTATION_CONTEXT() REPRESENTATION_CONTEXT('2D SPACE',''
  ) );
#2859 = ORIENTED_EDGE('',*,*,#2860,.T.);
#2860 = EDGE_CURVE('',#2837,#1787,#2861,.T.);
#2861 = SURFACE_CURVE('',#2862,(#2866,#2872),.PCURVE_S1.);
#2862 = LINE('',#2863,#2864);
#2863 = CARTESIAN_POINT('',(159.82,-88.22696972201,-6.85));
#2864 = VECTOR('',#2865,1.);
#2865 = DIRECTION('',(0.,0.,1.));
#2866 = PCURVE('',#265,#2867);
#2867 = DEFINITIONAL_REPRESENTATION('',(#2868),#2871);
#2868 = B_SPLINE_CURVE_WITH_KNOTS('',1,(#2869,#2870),.UNSPECIFIED.,.F.,
  .F.,(2,2),(0.635,6.8500006),.PIECEWISE_BEZIER_KNOTS.);
#2869 = CARTESIAN_POINT('',(1.159279480727,0.635));
#2870 = CARTESIAN_POINT('',(1.159279480727,6.8500006));
#2871 = ( GEOMETRIC_REPRESENTATION_CONTEXT(2) 
PARAMETRIC_REPRESENTATION_CONTEXT() REPRESENTATION_CONTEXT('2D SPACE',''
  ) );
#2872 = PCURVE('',#1826,#2873);
#2873 = DEFINITIONAL_REPRESENTATION('',(#2874),#2877);
#2874 = B_SPLINE_CURVE_WITH_KNOTS('',1,(#2875,#2876),.UNSPECIFIED.,.F.,
  .F.,(2,2),(0.635,6.8500006),.PIECEWISE_BEZIER_KNOTS.);
#2875 = CARTESIAN_POINT('',(0.833030277982,0.565));
#2876 = CARTESIAN_POINT('',(0.833030277982,-5.6500006));
#2877 = ( GEOMETRIC_REPRESENTATION_CONTEXT(2) 
PARAMETRIC_REPRESENTATION_CONTEXT() REPRESENTATION_CONTEXT('2D SPACE',''
  ) );
#2878 = ORIENTED_EDGE('',*,*,#1786,.F.);
#2879 = ADVANCED_FACE('',(#2880),#398,.F.);
#2880 = FACE_BOUND('',#2881,.F.);
#2881 = EDGE_LOOP('',(#2882,#2902,#2903,#2904,#2905,#2906));
#2882 = ORIENTED_EDGE('',*,*,#2883,.F.);
#2883 = EDGE_CURVE('',#382,#2884,#2886,.T.);
#2884 = VERTEX_POINT('',#2885);
#2885 = CARTESIAN_POINT('',(142.196,-90.951,-5.15));
#2886 = SEAM_CURVE('',#2887,(#2890,#2896),.PCURVE_S1.);
#2887 = B_SPLINE_CURVE_WITH_KNOTS('',1,(#2888,#2889),.UNSPECIFIED.,.F.,
  .F.,(2,2),(0.,1.),.PIECEWISE_BEZIER_KNOTS.);
#2888 = CARTESIAN_POINT('',(143.596,-90.951,-6.85));
#2889 = CARTESIAN_POINT('',(142.196,-90.951,-5.15));
#2890 = PCURVE('',#398,#2891);
#2891 = DEFINITIONAL_REPRESENTATION('',(#2892),#2895);
#2892 = B_SPLINE_CURVE_WITH_KNOTS('',1,(#2893,#2894),.UNSPECIFIED.,.F.,
  .F.,(2,2),(0.,1.),.PIECEWISE_BEZIER_KNOTS.);
#2893 = CARTESIAN_POINT('',(0.,0.));
#2894 = CARTESIAN_POINT('',(0.,-1.7));
#2895 = ( GEOMETRIC_REPRESENTATION_CONTEXT(2) 
PARAMETRIC_REPRESENTATION_CONTEXT() REPRESENTATION_CONTEXT('2D SPACE',''
  ) );
#2896 = PCURVE('',#398,#2897);
#2897 = DEFINITIONAL_REPRESENTATION('',(#2898),#2901);
#2898 = B_SPLINE_CURVE_WITH_KNOTS('',1,(#2899,#2900),.UNSPECIFIED.,.F.,
  .F.,(2,2),(0.,1.),.PIECEWISE_BEZIER_KNOTS.);
#2899 = CARTESIAN_POINT('',(-6.28318530718,0.));
#2900 = CARTESIAN_POINT('',(-6.28318530718,-1.7));
#2901 = ( GEOMETRIC_REPRESENTATION_CONTEXT(2) 
PARAMETRIC_REPRESENTATION_CONTEXT() REPRESENTATION_CONTEXT('2D SPACE',''
  ) );
#2902 = ORIENTED_EDGE('',*,*,#381,.T.);
#2903 = ORIENTED_EDGE('',*,*,#2775,.F.);
#2904 = ORIENTED_EDGE('',*,*,#410,.T.);
#2905 = ORIENTED_EDGE('',*,*,#2883,.T.);
#2906 = ORIENTED_EDGE('',*,*,#2907,.F.);
#2907 = EDGE_CURVE('',#2884,#2884,#2908,.T.);
#2908 = SURFACE_CURVE('',#2909,(#2914,#2921),.PCURVE_S1.);
#2909 = CIRCLE('',#2910,1.7);
#2910 = AXIS2_PLACEMENT_3D('',#2911,#2912,#2913);
#2911 = CARTESIAN_POINT('',(140.496,-90.951,-5.15));
#2912 = DIRECTION('',(0.,0.,1.));
#2913 = DIRECTION('',(1.,0.,0.));
#2914 = PCURVE('',#398,#2915);
#2915 = DEFINITIONAL_REPRESENTATION('',(#2916),#2920);
#2916 = LINE('',#2917,#2918);
#2917 = CARTESIAN_POINT('',(-0.,-1.7));
#2918 = VECTOR('',#2919,1.);
#2919 = DIRECTION('',(-1.,-0.));
#2920 = ( GEOMETRIC_REPRESENTATION_CONTEXT(2) 
PARAMETRIC_REPRESENTATION_CONTEXT() REPRESENTATION_CONTEXT('2D SPACE',''
  ) );
#2921 = PCURVE('',#1992,#2922);
#2922 = DEFINITIONAL_REPRESENTATION('',(#2923),#2927);
#2923 = LINE('',#2924,#2925);
#2924 = CARTESIAN_POINT('',(-0.,-2.7));
#2925 = VECTOR('',#2926,1.);
#2926 = DIRECTION('',(-1.,0.));
#2927 = ( GEOMETRIC_REPRESENTATION_CONTEXT(2) 
PARAMETRIC_REPRESENTATION_CONTEXT() REPRESENTATION_CONTEXT('2D SPACE',''
  ) );
#2928 = ADVANCED_FACE('',(#2929),#322,.F.);
#2929 = FACE_BOUND('',#2930,.F.);
#2930 = EDGE_LOOP('',(#2931,#2951,#2952,#2953,#2954,#2955));
#2931 = ORIENTED_EDGE('',*,*,#2932,.F.);
#2932 = EDGE_CURVE('',#306,#2933,#2935,.T.);
#2933 = VERTEX_POINT('',#2934);
#2934 = CARTESIAN_POINT('',(158.196,-90.951,-5.15));
#2935 = SEAM_CURVE('',#2936,(#2939,#2945),.PCURVE_S1.);
#2936 = B_SPLINE_CURVE_WITH_KNOTS('',1,(#2937,#2938),.UNSPECIFIED.,.F.,
  .F.,(2,2),(0.,1.),.PIECEWISE_BEZIER_KNOTS.);
#2937 = CARTESIAN_POINT('',(159.596,-90.951,-6.85));
#2938 = CARTESIAN_POINT('',(158.196,-90.951,-5.15));
#2939 = PCURVE('',#322,#2940);
#2940 = DEFINITIONAL_REPRESENTATION('',(#2941),#2944);
#2941 = B_SPLINE_CURVE_WITH_KNOTS('',1,(#2942,#2943),.UNSPECIFIED.,.F.,
  .F.,(2,2),(0.,1.),.PIECEWISE_BEZIER_KNOTS.);
#2942 = CARTESIAN_POINT('',(0.,0.));
#2943 = CARTESIAN_POINT('',(0.,-1.7));
#2944 = ( GEOMETRIC_REPRESENTATION_CONTEXT(2) 
PARAMETRIC_REPRESENTATION_CONTEXT() REPRESENTATION_CONTEXT('2D SPACE',''
  ) );
#2945 = PCURVE('',#322,#2946);
#2946 = DEFINITIONAL_REPRESENTATION('',(#2947),#2950);
#2947 = B_SPLINE_CURVE_WITH_KNOTS('',1,(#2948,#2949),.UNSPECIFIED.,.F.,
  .F.,(2,2),(0.,1.),.PIECEWISE_BEZIER_KNOTS.);
#2948 = CARTESIAN_POINT('',(-6.28318530718,0.));
#2949 = CARTESIAN_POINT('',(-6.28318530718,-1.7));
#2950 = ( GEOMETRIC_REPRESENTATION_CONTEXT(2) 
PARAMETRIC_REPRESENTATION_CONTEXT() REPRESENTATION_CONTEXT('2D SPACE',''
  ) );
#2951 = ORIENTED_EDGE('',*,*,#305,.T.);
#2952 = ORIENTED_EDGE('',*,*,#2803,.F.);
#2953 = ORIENTED_EDGE('',*,*,#334,.T.);
#2954 = ORIENTED_EDGE('',*,*,#2932,.T.);
#2955 = ORIENTED_EDGE('',*,*,#2956,.F.);
#2956 = EDGE_CURVE('',#2933,#2933,#2957,.T.);
#2957 = SURFACE_CURVE('',#2958,(#2963,#2970),.PCURVE_S1.);
#2958 = CIRCLE('',#2959,1.7);
#2959 = AXIS2_PLACEMENT_3D('',#2960,#2961,#2962);
#2960 = CARTESIAN_POINT('',(156.496,-90.951,-5.15));
#2961 = DIRECTION('',(0.,0.,1.));
#2962 = DIRECTION('',(1.,0.,0.));
#2963 = PCURVE('',#322,#2964);
#2964 = DEFINITIONAL_REPRESENTATION('',(#2965),#2969);
#2965 = LINE('',#2966,#2967);
#2966 = CARTESIAN_POINT('',(-0.,-1.7));
#2967 = VECTOR('',#2968,1.);
#2968 = DIRECTION('',(-1.,-0.));
#2969 = ( GEOMETRIC_REPRESENTATION_CONTEXT(2) 
PARAMETRIC_REPRESENTATION_CONTEXT() REPRESENTATION_CONTEXT('2D SPACE',''
  ) );
#2970 = PCURVE('',#2509,#2971);
#2971 = DEFINITIONAL_REPRESENTATION('',(#2972),#2976);
#2972 = LINE('',#2973,#2974);
#2973 = CARTESIAN_POINT('',(-0.,-2.7));
#2974 = VECTOR('',#2975,1.);
#2975 = DIRECTION('',(-1.,0.));
#2976 = ( GEOMETRIC_REPRESENTATION_CONTEXT(2) 
PARAMETRIC_REPRESENTATION_CONTEXT() REPRESENTATION_CONTEXT('2D SPACE',''
  ) );
#2977 = ADVANCED_FACE('',(#2978),#531,.F.);
#2978 = FACE_BOUND('',#2979,.F.);
#2979 = EDGE_LOOP('',(#2980,#2981,#3001,#3023));
#2980 = ORIENTED_EDGE('',*,*,#514,.T.);
#2981 = ORIENTED_EDGE('',*,*,#2982,.T.);
#2982 = EDGE_CURVE('',#515,#2983,#2985,.T.);
#2983 = VERTEX_POINT('',#2984);
#2984 = CARTESIAN_POINT('',(149.7,-150.696,-5.65));
#2985 = SEAM_CURVE('',#2986,(#2989,#2995),.PCURVE_S1.);
#2986 = B_SPLINE_CURVE_WITH_KNOTS('',1,(#2987,#2988),.UNSPECIFIED.,.F.,
  .F.,(2,2),(0.,1.),.PIECEWISE_BEZIER_KNOTS.);
#2987 = CARTESIAN_POINT('',(150.7,-150.696,-6.85));
#2988 = CARTESIAN_POINT('',(149.7,-150.696,-5.65));
#2989 = PCURVE('',#531,#2990);
#2990 = DEFINITIONAL_REPRESENTATION('',(#2991),#2994);
#2991 = B_SPLINE_CURVE_WITH_KNOTS('',1,(#2992,#2993),.UNSPECIFIED.,.F.,
  .F.,(2,2),(0.,1.),.PIECEWISE_BEZIER_KNOTS.);
#2992 = CARTESIAN_POINT('',(-6.28318530718,0.));
#2993 = CARTESIAN_POINT('',(-6.28318530718,-1.2));
#2994 = ( GEOMETRIC_REPRESENTATION_CONTEXT(2) 
PARAMETRIC_REPRESENTATION_CONTEXT() REPRESENTATION_CONTEXT('2D SPACE',''
  ) );
#2995 = PCURVE('',#531,#2996);
#2996 = DEFINITIONAL_REPRESENTATION('',(#2997),#3000);
#2997 = B_SPLINE_CURVE_WITH_KNOTS('',1,(#2998,#2999),.UNSPECIFIED.,.F.,
  .F.,(2,2),(0.,1.),.PIECEWISE_BEZIER_KNOTS.);
#2998 = CARTESIAN_POINT('',(0.,0.));
#2999 = CARTESIAN_POINT('',(0.,-1.2));
#3000 = ( GEOMETRIC_REPRESENTATION_CONTEXT(2) 
PARAMETRIC_REPRESENTATION_CONTEXT() REPRESENTATION_CONTEXT('2D SPACE',''
  ) );
#3001 = ORIENTED_EDGE('',*,*,#3002,.F.);
#3002 = EDGE_CURVE('',#2983,#2983,#3003,.T.);
#3003 = SURFACE_CURVE('',#3004,(#3009,#3016),.PCURVE_S1.);
#3004 = CIRCLE('',#3005,1.2);
#3005 = AXIS2_PLACEMENT_3D('',#3006,#3007,#3008);
#3006 = CARTESIAN_POINT('',(148.5,-150.696,-5.65));
#3007 = DIRECTION('',(0.,0.,1.));
#3008 = DIRECTION('',(1.,0.,0.));
#3009 = PCURVE('',#531,#3010);
#3010 = DEFINITIONAL_REPRESENTATION('',(#3011),#3015);
#3011 = LINE('',#3012,#3013);
#3012 = CARTESIAN_POINT('',(-0.,-1.2));
#3013 = VECTOR('',#3014,1.);
#3014 = DIRECTION('',(-1.,-0.));
#3015 = ( GEOMETRIC_REPRESENTATION_CONTEXT(2) 
PARAMETRIC_REPRESENTATION_CONTEXT() REPRESENTATION_CONTEXT('2D SPACE',''
  ) );
#3016 = PCURVE('',#1957,#3017);
#3017 = DEFINITIONAL_REPRESENTATION('',(#3018),#3022);
#3018 = LINE('',#3019,#3020);
#3019 = CARTESIAN_POINT('',(-0.,-2.2));
#3020 = VECTOR('',#3021,1.);
#3021 = DIRECTION('',(-1.,0.));
#3022 = ( GEOMETRIC_REPRESENTATION_CONTEXT(2) 
PARAMETRIC_REPRESENTATION_CONTEXT() REPRESENTATION_CONTEXT('2D SPACE',''
  ) );
#3023 = ORIENTED_EDGE('',*,*,#2982,.F.);
#3024 = ADVANCED_FACE('',(#3025),#564,.T.);
#3025 = FACE_BOUND('',#3026,.T.);
#3026 = EDGE_LOOP('',(#3027,#3050,#3079,#3100));
#3027 = ORIENTED_EDGE('',*,*,#3028,.F.);
#3028 = EDGE_CURVE('',#3029,#546,#3031,.T.);
#3029 = VERTEX_POINT('',#3030);
#3030 = CARTESIAN_POINT('',(140.6,-146.,-7.85));
#3031 = SURFACE_CURVE('',#3032,(#3036,#3043),.PCURVE_S1.);
#3032 = LINE('',#3033,#3034);
#3033 = CARTESIAN_POINT('',(140.6,-146.,-7.85));
#3034 = VECTOR('',#3035,1.);
#3035 = DIRECTION('',(0.,0.,1.));
#3036 = PCURVE('',#564,#3037);
#3037 = DEFINITIONAL_REPRESENTATION('',(#3038),#3042);
#3038 = LINE('',#3039,#3040);
#3039 = CARTESIAN_POINT('',(0.,0.));
#3040 = VECTOR('',#3041,1.);
#3041 = DIRECTION('',(0.,1.));
#3042 = ( GEOMETRIC_REPRESENTATION_CONTEXT(2) 
PARAMETRIC_REPRESENTATION_CONTEXT() REPRESENTATION_CONTEXT('2D SPACE',''
  ) );
#3043 = PCURVE('',#591,#3044);
#3044 = DEFINITIONAL_REPRESENTATION('',(#3045),#3049);
#3045 = LINE('',#3046,#3047);
#3046 = CARTESIAN_POINT('',(0.7,0.));
#3047 = VECTOR('',#3048,1.);
#3048 = DIRECTION('',(0.,-1.));
#3049 = ( GEOMETRIC_REPRESENTATION_CONTEXT(2) 
PARAMETRIC_REPRESENTATION_CONTEXT() REPRESENTATION_CONTEXT('2D SPACE',''
  ) );
#3050 = ORIENTED_EDGE('',*,*,#3051,.T.);
#3051 = EDGE_CURVE('',#3029,#3052,#3054,.T.);
#3052 = VERTEX_POINT('',#3053);
#3053 = CARTESIAN_POINT('',(141.1,-145.5,-7.85));
#3054 = SURFACE_CURVE('',#3055,(#3060,#3067),.PCURVE_S1.);
#3055 = CIRCLE('',#3056,0.5);
#3056 = AXIS2_PLACEMENT_3D('',#3057,#3058,#3059);
#3057 = CARTESIAN_POINT('',(140.6,-145.5,-7.85));
#3058 = DIRECTION('',(0.,0.,1.));
#3059 = DIRECTION('',(0.,-1.,0.));
#3060 = PCURVE('',#564,#3061);
#3061 = DEFINITIONAL_REPRESENTATION('',(#3062),#3066);
#3062 = LINE('',#3063,#3064);
#3063 = CARTESIAN_POINT('',(0.,0.));
#3064 = VECTOR('',#3065,1.);
#3065 = DIRECTION('',(1.,0.));
#3066 = ( GEOMETRIC_REPRESENTATION_CONTEXT(2) 
PARAMETRIC_REPRESENTATION_CONTEXT() REPRESENTATION_CONTEXT('2D SPACE',''
  ) );
#3067 = PCURVE('',#3068,#3073);
#3068 = PLANE('',#3069);
#3069 = AXIS2_PLACEMENT_3D('',#3070,#3071,#3072);
#3070 = CARTESIAN_POINT('',(140.5,-121.,-7.85));
#3071 = DIRECTION('',(0.,0.,1.));
#3072 = DIRECTION('',(1.,0.,-0.));
#3073 = DEFINITIONAL_REPRESENTATION('',(#3074),#3078);
#3074 = CIRCLE('',#3075,0.5);
#3075 = AXIS2_PLACEMENT_2D('',#3076,#3077);
#3076 = CARTESIAN_POINT('',(9.999999999999E-02,-24.5));
#3077 = DIRECTION('',(0.,-1.));
#3078 = ( GEOMETRIC_REPRESENTATION_CONTEXT(2) 
PARAMETRIC_REPRESENTATION_CONTEXT() REPRESENTATION_CONTEXT('2D SPACE',''
  ) );
#3079 = ORIENTED_EDGE('',*,*,#3080,.T.);
#3080 = EDGE_CURVE('',#3052,#548,#3081,.T.);
#3081 = SURFACE_CURVE('',#3082,(#3086,#3093),.PCURVE_S1.);
#3082 = LINE('',#3083,#3084);
#3083 = CARTESIAN_POINT('',(141.1,-145.5,-7.85));
#3084 = VECTOR('',#3085,1.);
#3085 = DIRECTION('',(0.,0.,1.));
#3086 = PCURVE('',#564,#3087);
#3087 = DEFINITIONAL_REPRESENTATION('',(#3088),#3092);
#3088 = LINE('',#3089,#3090);
#3089 = CARTESIAN_POINT('',(1.570796326795,0.));
#3090 = VECTOR('',#3091,1.);
#3091 = DIRECTION('',(0.,1.));
#3092 = ( GEOMETRIC_REPRESENTATION_CONTEXT(2) 
PARAMETRIC_REPRESENTATION_CONTEXT() REPRESENTATION_CONTEXT('2D SPACE',''
  ) );
#3093 = PCURVE('',#754,#3094);
#3094 = DEFINITIONAL_REPRESENTATION('',(#3095),#3099);
#3095 = LINE('',#3096,#3097);
#3096 = CARTESIAN_POINT('',(0.5,0.));
#3097 = VECTOR('',#3098,1.);
#3098 = DIRECTION('',(0.,-1.));
#3099 = ( GEOMETRIC_REPRESENTATION_CONTEXT(2) 
PARAMETRIC_REPRESENTATION_CONTEXT() REPRESENTATION_CONTEXT('2D SPACE',''
  ) );
#3100 = ORIENTED_EDGE('',*,*,#545,.F.);
#3101 = ADVANCED_FACE('',(#3102),#591,.F.);
#3102 = FACE_BOUND('',#3103,.F.);
#3103 = EDGE_LOOP('',(#3104,#3127,#3148,#3149));
#3104 = ORIENTED_EDGE('',*,*,#3105,.F.);
#3105 = EDGE_CURVE('',#3106,#3029,#3108,.T.);
#3106 = VERTEX_POINT('',#3107);
#3107 = CARTESIAN_POINT('',(140.4,-146.,-7.85));
#3108 = SURFACE_CURVE('',#3109,(#3113,#3120),.PCURVE_S1.);
#3109 = LINE('',#3110,#3111);
#3110 = CARTESIAN_POINT('',(139.9,-146.,-7.85));
#3111 = VECTOR('',#3112,1.);
#3112 = DIRECTION('',(1.,0.,0.));
#3113 = PCURVE('',#591,#3114);
#3114 = DEFINITIONAL_REPRESENTATION('',(#3115),#3119);
#3115 = LINE('',#3116,#3117);
#3116 = CARTESIAN_POINT('',(0.,0.));
#3117 = VECTOR('',#3118,1.);
#3118 = DIRECTION('',(1.,0.));
#3119 = ( GEOMETRIC_REPRESENTATION_CONTEXT(2) 
PARAMETRIC_REPRESENTATION_CONTEXT() REPRESENTATION_CONTEXT('2D SPACE',''
  ) );
#3120 = PCURVE('',#3068,#3121);
#3121 = DEFINITIONAL_REPRESENTATION('',(#3122),#3126);
#3122 = LINE('',#3123,#3124);
#3123 = CARTESIAN_POINT('',(-0.6,-25.));
#3124 = VECTOR('',#3125,1.);
#3125 = DIRECTION('',(1.,0.));
#3126 = ( GEOMETRIC_REPRESENTATION_CONTEXT(2) 
PARAMETRIC_REPRESENTATION_CONTEXT() REPRESENTATION_CONTEXT('2D SPACE',''
  ) );
#3127 = ORIENTED_EDGE('',*,*,#3128,.T.);
#3128 = EDGE_CURVE('',#3106,#577,#3129,.T.);
#3129 = SURFACE_CURVE('',#3130,(#3134,#3141),.PCURVE_S1.);
#3130 = LINE('',#3131,#3132);
#3131 = CARTESIAN_POINT('',(140.4,-146.,-7.85));
#3132 = VECTOR('',#3133,1.);
#3133 = DIRECTION('',(0.,0.,1.));
#3134 = PCURVE('',#591,#3135);
#3135 = DEFINITIONAL_REPRESENTATION('',(#3136),#3140);
#3136 = LINE('',#3137,#3138);
#3137 = CARTESIAN_POINT('',(0.5,0.));
#3138 = VECTOR('',#3139,1.);
#3139 = DIRECTION('',(0.,-1.));
#3140 = ( GEOMETRIC_REPRESENTATION_CONTEXT(2) 
PARAMETRIC_REPRESENTATION_CONTEXT() REPRESENTATION_CONTEXT('2D SPACE',''
  ) );
#3141 = PCURVE('',#619,#3142);
#3142 = DEFINITIONAL_REPRESENTATION('',(#3143),#3147);
#3143 = LINE('',#3144,#3145);
#3144 = CARTESIAN_POINT('',(-0.,0.));
#3145 = VECTOR('',#3146,1.);
#3146 = DIRECTION('',(-0.,1.));
#3147 = ( GEOMETRIC_REPRESENTATION_CONTEXT(2) 
PARAMETRIC_REPRESENTATION_CONTEXT() REPRESENTATION_CONTEXT('2D SPACE',''
  ) );
#3148 = ORIENTED_EDGE('',*,*,#576,.F.);
#3149 = ORIENTED_EDGE('',*,*,#3028,.F.);
#3150 = ADVANCED_FACE('',(#3151),#754,.F.);
#3151 = FACE_BOUND('',#3152,.F.);
#3152 = EDGE_LOOP('',(#3153,#3176,#3177,#3178));
#3153 = ORIENTED_EDGE('',*,*,#3154,.F.);
#3154 = EDGE_CURVE('',#3052,#3155,#3157,.T.);
#3155 = VERTEX_POINT('',#3156);
#3156 = CARTESIAN_POINT('',(141.1,-96.5,-7.85));
#3157 = SURFACE_CURVE('',#3158,(#3162,#3169),.PCURVE_S1.);
#3158 = LINE('',#3159,#3160);
#3159 = CARTESIAN_POINT('',(141.1,-146.,-7.85));
#3160 = VECTOR('',#3161,1.);
#3161 = DIRECTION('',(0.,1.,0.));
#3162 = PCURVE('',#754,#3163);
#3163 = DEFINITIONAL_REPRESENTATION('',(#3164),#3168);
#3164 = LINE('',#3165,#3166);
#3165 = CARTESIAN_POINT('',(0.,0.));
#3166 = VECTOR('',#3167,1.);
#3167 = DIRECTION('',(1.,0.));
#3168 = ( GEOMETRIC_REPRESENTATION_CONTEXT(2) 
PARAMETRIC_REPRESENTATION_CONTEXT() REPRESENTATION_CONTEXT('2D SPACE',''
  ) );
#3169 = PCURVE('',#3068,#3170);
#3170 = DEFINITIONAL_REPRESENTATION('',(#3171),#3175);
#3171 = LINE('',#3172,#3173);
#3172 = CARTESIAN_POINT('',(0.6,-25.));
#3173 = VECTOR('',#3174,1.);
#3174 = DIRECTION('',(0.,1.));
#3175 = ( GEOMETRIC_REPRESENTATION_CONTEXT(2) 
PARAMETRIC_REPRESENTATION_CONTEXT() REPRESENTATION_CONTEXT('2D SPACE',''
  ) );
#3176 = ORIENTED_EDGE('',*,*,#3080,.T.);
#3177 = ORIENTED_EDGE('',*,*,#741,.F.);
#3178 = ORIENTED_EDGE('',*,*,#3179,.F.);
#3179 = EDGE_CURVE('',#3155,#713,#3180,.T.);
#3180 = SURFACE_CURVE('',#3181,(#3185,#3192),.PCURVE_S1.);
#3181 = LINE('',#3182,#3183);
#3182 = CARTESIAN_POINT('',(141.1,-96.5,-7.85));
#3183 = VECTOR('',#3184,1.);
#3184 = DIRECTION('',(0.,0.,1.));
#3185 = PCURVE('',#754,#3186);
#3186 = DEFINITIONAL_REPRESENTATION('',(#3187),#3191);
#3187 = LINE('',#3188,#3189);
#3188 = CARTESIAN_POINT('',(49.5,0.));
#3189 = VECTOR('',#3190,1.);
#3190 = DIRECTION('',(0.,-1.));
#3191 = ( GEOMETRIC_REPRESENTATION_CONTEXT(2) 
PARAMETRIC_REPRESENTATION_CONTEXT() REPRESENTATION_CONTEXT('2D SPACE',''
  ) );
#3192 = PCURVE('',#729,#3193);
#3193 = DEFINITIONAL_REPRESENTATION('',(#3194),#3198);
#3194 = LINE('',#3195,#3196);
#3195 = CARTESIAN_POINT('',(0.,0.));
#3196 = VECTOR('',#3197,1.);
#3197 = DIRECTION('',(0.,1.));
#3198 = ( GEOMETRIC_REPRESENTATION_CONTEXT(2) 
PARAMETRIC_REPRESENTATION_CONTEXT() REPRESENTATION_CONTEXT('2D SPACE',''
  ) );
#3199 = ADVANCED_FACE('',(#3200),#619,.T.);
#3200 = FACE_BOUND('',#3201,.F.);
#3201 = EDGE_LOOP('',(#3202,#3203,#3231,#3252));
#3202 = ORIENTED_EDGE('',*,*,#3128,.F.);
#3203 = ORIENTED_EDGE('',*,*,#3204,.T.);
#3204 = EDGE_CURVE('',#3106,#3205,#3207,.T.);
#3205 = VERTEX_POINT('',#3206);
#3206 = CARTESIAN_POINT('',(139.9,-145.5,-7.85));
#3207 = SURFACE_CURVE('',#3208,(#3213,#3220),.PCURVE_S1.);
#3208 = CIRCLE('',#3209,0.5);
#3209 = AXIS2_PLACEMENT_3D('',#3210,#3211,#3212);
#3210 = CARTESIAN_POINT('',(140.4,-145.5,-7.85));
#3211 = DIRECTION('',(-0.,-0.,-1.));
#3212 = DIRECTION('',(0.,-1.,0.));
#3213 = PCURVE('',#619,#3214);
#3214 = DEFINITIONAL_REPRESENTATION('',(#3215),#3219);
#3215 = LINE('',#3216,#3217);
#3216 = CARTESIAN_POINT('',(-0.,0.));
#3217 = VECTOR('',#3218,1.);
#3218 = DIRECTION('',(-1.,0.));
#3219 = ( GEOMETRIC_REPRESENTATION_CONTEXT(2) 
PARAMETRIC_REPRESENTATION_CONTEXT() REPRESENTATION_CONTEXT('2D SPACE',''
  ) );
#3220 = PCURVE('',#3068,#3221);
#3221 = DEFINITIONAL_REPRESENTATION('',(#3222),#3230);
#3222 = ( BOUNDED_CURVE() B_SPLINE_CURVE(2,(#3223,#3224,#3225,#3226,
#3227,#3228,#3229),.UNSPECIFIED.,.T.,.F.) B_SPLINE_CURVE_WITH_KNOTS((1,2
    ,2,2,2,1),(-2.094395102393,0.,2.094395102393,4.188790204786,
6.28318530718,8.377580409573),.UNSPECIFIED.) CURVE() 
GEOMETRIC_REPRESENTATION_ITEM() RATIONAL_B_SPLINE_CURVE((1.,0.5,1.,0.5,
1.,0.5,1.)) REPRESENTATION_ITEM('') );
#3223 = CARTESIAN_POINT('',(-9.999999999999E-02,-25.));
#3224 = CARTESIAN_POINT('',(-0.966025403784,-25.));
#3225 = CARTESIAN_POINT('',(-0.533012701892,-24.25));
#3226 = CARTESIAN_POINT('',(-9.999999999999E-02,-23.5));
#3227 = CARTESIAN_POINT('',(0.333012701892,-24.25));
#3228 = CARTESIAN_POINT('',(0.766025403784,-25.));
#3229 = CARTESIAN_POINT('',(-9.999999999999E-02,-25.));
#3230 = ( GEOMETRIC_REPRESENTATION_CONTEXT(2) 
PARAMETRIC_REPRESENTATION_CONTEXT() REPRESENTATION_CONTEXT('2D SPACE',''
  ) );
#3231 = ORIENTED_EDGE('',*,*,#3232,.T.);
#3232 = EDGE_CURVE('',#3205,#603,#3233,.T.);
#3233 = SURFACE_CURVE('',#3234,(#3238,#3245),.PCURVE_S1.);
#3234 = LINE('',#3235,#3236);
#3235 = CARTESIAN_POINT('',(139.9,-145.5,-7.85));
#3236 = VECTOR('',#3237,1.);
#3237 = DIRECTION('',(0.,0.,1.));
#3238 = PCURVE('',#619,#3239);
#3239 = DEFINITIONAL_REPRESENTATION('',(#3240),#3244);
#3240 = LINE('',#3241,#3242);
#3241 = CARTESIAN_POINT('',(-1.570796326795,0.));
#3242 = VECTOR('',#3243,1.);
#3243 = DIRECTION('',(-0.,1.));
#3244 = ( GEOMETRIC_REPRESENTATION_CONTEXT(2) 
PARAMETRIC_REPRESENTATION_CONTEXT() REPRESENTATION_CONTEXT('2D SPACE',''
  ) );
#3245 = PCURVE('',#646,#3246);
#3246 = DEFINITIONAL_REPRESENTATION('',(#3247),#3251);
#3247 = LINE('',#3248,#3249);
#3248 = CARTESIAN_POINT('',(49.5,0.));
#3249 = VECTOR('',#3250,1.);
#3250 = DIRECTION('',(0.,-1.));
#3251 = ( GEOMETRIC_REPRESENTATION_CONTEXT(2) 
PARAMETRIC_REPRESENTATION_CONTEXT() REPRESENTATION_CONTEXT('2D SPACE',''
  ) );
#3252 = ORIENTED_EDGE('',*,*,#602,.T.);
#3253 = ADVANCED_FACE('',(#3254),#729,.T.);
#3254 = FACE_BOUND('',#3255,.T.);
#3255 = EDGE_LOOP('',(#3256,#3257,#3281,#3302));
#3256 = ORIENTED_EDGE('',*,*,#3179,.F.);
#3257 = ORIENTED_EDGE('',*,*,#3258,.T.);
#3258 = EDGE_CURVE('',#3155,#3259,#3261,.T.);
#3259 = VERTEX_POINT('',#3260);
#3260 = CARTESIAN_POINT('',(140.6,-96.,-7.85));
#3261 = SURFACE_CURVE('',#3262,(#3267,#3274),.PCURVE_S1.);
#3262 = CIRCLE('',#3263,0.5);
#3263 = AXIS2_PLACEMENT_3D('',#3264,#3265,#3266);
#3264 = CARTESIAN_POINT('',(140.6,-96.5,-7.85));
#3265 = DIRECTION('',(0.,0.,1.));
#3266 = DIRECTION('',(0.,-1.,0.));
#3267 = PCURVE('',#729,#3268);
#3268 = DEFINITIONAL_REPRESENTATION('',(#3269),#3273);
#3269 = LINE('',#3270,#3271);
#3270 = CARTESIAN_POINT('',(-1.570796326795,0.));
#3271 = VECTOR('',#3272,1.);
#3272 = DIRECTION('',(1.,0.));
#3273 = ( GEOMETRIC_REPRESENTATION_CONTEXT(2) 
PARAMETRIC_REPRESENTATION_CONTEXT() REPRESENTATION_CONTEXT('2D SPACE',''
  ) );
#3274 = PCURVE('',#3068,#3275);
#3275 = DEFINITIONAL_REPRESENTATION('',(#3276),#3280);
#3276 = CIRCLE('',#3277,0.5);
#3277 = AXIS2_PLACEMENT_2D('',#3278,#3279);
#3278 = CARTESIAN_POINT('',(9.999999999999E-02,24.5));
#3279 = DIRECTION('',(0.,-1.));
#3280 = ( GEOMETRIC_REPRESENTATION_CONTEXT(2) 
PARAMETRIC_REPRESENTATION_CONTEXT() REPRESENTATION_CONTEXT('2D SPACE',''
  ) );
#3281 = ORIENTED_EDGE('',*,*,#3282,.T.);
#3282 = EDGE_CURVE('',#3259,#687,#3283,.T.);
#3283 = SURFACE_CURVE('',#3284,(#3288,#3295),.PCURVE_S1.);
#3284 = LINE('',#3285,#3286);
#3285 = CARTESIAN_POINT('',(140.6,-96.,-7.85));
#3286 = VECTOR('',#3287,1.);
#3287 = DIRECTION('',(0.,0.,1.));
#3288 = PCURVE('',#729,#3289);
#3289 = DEFINITIONAL_REPRESENTATION('',(#3290),#3294);
#3290 = LINE('',#3291,#3292);
#3291 = CARTESIAN_POINT('',(1.570796326795,0.));
#3292 = VECTOR('',#3293,1.);
#3293 = DIRECTION('',(0.,1.));
#3294 = ( GEOMETRIC_REPRESENTATION_CONTEXT(2) 
PARAMETRIC_REPRESENTATION_CONTEXT() REPRESENTATION_CONTEXT('2D SPACE',''
  ) );
#3295 = PCURVE('',#701,#3296);
#3296 = DEFINITIONAL_REPRESENTATION('',(#3297),#3301);
#3297 = LINE('',#3298,#3299);
#3298 = CARTESIAN_POINT('',(0.5,0.));
#3299 = VECTOR('',#3300,1.);
#3300 = DIRECTION('',(0.,-1.));
#3301 = ( GEOMETRIC_REPRESENTATION_CONTEXT(2) 
PARAMETRIC_REPRESENTATION_CONTEXT() REPRESENTATION_CONTEXT('2D SPACE',''
  ) );
#3302 = ORIENTED_EDGE('',*,*,#712,.F.);
#3303 = ADVANCED_FACE('',(#3304),#646,.F.);
#3304 = FACE_BOUND('',#3305,.F.);
#3305 = EDGE_LOOP('',(#3306,#3329,#3350,#3351));
#3306 = ORIENTED_EDGE('',*,*,#3307,.F.);
#3307 = EDGE_CURVE('',#3308,#3205,#3310,.T.);
#3308 = VERTEX_POINT('',#3309);
#3309 = CARTESIAN_POINT('',(139.9,-96.5,-7.85));
#3310 = SURFACE_CURVE('',#3311,(#3315,#3322),.PCURVE_S1.);
#3311 = LINE('',#3312,#3313);
#3312 = CARTESIAN_POINT('',(139.9,-96.,-7.85));
#3313 = VECTOR('',#3314,1.);
#3314 = DIRECTION('',(0.,-1.,0.));
#3315 = PCURVE('',#646,#3316);
#3316 = DEFINITIONAL_REPRESENTATION('',(#3317),#3321);
#3317 = LINE('',#3318,#3319);
#3318 = CARTESIAN_POINT('',(0.,0.));
#3319 = VECTOR('',#3320,1.);
#3320 = DIRECTION('',(1.,0.));
#3321 = ( GEOMETRIC_REPRESENTATION_CONTEXT(2) 
PARAMETRIC_REPRESENTATION_CONTEXT() REPRESENTATION_CONTEXT('2D SPACE',''
  ) );
#3322 = PCURVE('',#3068,#3323);
#3323 = DEFINITIONAL_REPRESENTATION('',(#3324),#3328);
#3324 = LINE('',#3325,#3326);
#3325 = CARTESIAN_POINT('',(-0.6,25.));
#3326 = VECTOR('',#3327,1.);
#3327 = DIRECTION('',(0.,-1.));
#3328 = ( GEOMETRIC_REPRESENTATION_CONTEXT(2) 
PARAMETRIC_REPRESENTATION_CONTEXT() REPRESENTATION_CONTEXT('2D SPACE',''
  ) );
#3329 = ORIENTED_EDGE('',*,*,#3330,.T.);
#3330 = EDGE_CURVE('',#3308,#632,#3331,.T.);
#3331 = SURFACE_CURVE('',#3332,(#3336,#3343),.PCURVE_S1.);
#3332 = LINE('',#3333,#3334);
#3333 = CARTESIAN_POINT('',(139.9,-96.5,-7.85));
#3334 = VECTOR('',#3335,1.);
#3335 = DIRECTION('',(0.,0.,1.));
#3336 = PCURVE('',#646,#3337);
#3337 = DEFINITIONAL_REPRESENTATION('',(#3338),#3342);
#3338 = LINE('',#3339,#3340);
#3339 = CARTESIAN_POINT('',(0.5,0.));
#3340 = VECTOR('',#3341,1.);
#3341 = DIRECTION('',(0.,-1.));
#3342 = ( GEOMETRIC_REPRESENTATION_CONTEXT(2) 
PARAMETRIC_REPRESENTATION_CONTEXT() REPRESENTATION_CONTEXT('2D SPACE',''
  ) );
#3343 = PCURVE('',#674,#3344);
#3344 = DEFINITIONAL_REPRESENTATION('',(#3345),#3349);
#3345 = LINE('',#3346,#3347);
#3346 = CARTESIAN_POINT('',(1.570796326795,0.));
#3347 = VECTOR('',#3348,1.);
#3348 = DIRECTION('',(0.,1.));
#3349 = ( GEOMETRIC_REPRESENTATION_CONTEXT(2) 
PARAMETRIC_REPRESENTATION_CONTEXT() REPRESENTATION_CONTEXT('2D SPACE',''
  ) );
#3350 = ORIENTED_EDGE('',*,*,#631,.F.);
#3351 = ORIENTED_EDGE('',*,*,#3232,.F.);
#3352 = ADVANCED_FACE('',(#3353),#701,.F.);
#3353 = FACE_BOUND('',#3354,.F.);
#3354 = EDGE_LOOP('',(#3355,#3378,#3379,#3380));
#3355 = ORIENTED_EDGE('',*,*,#3356,.F.);
#3356 = EDGE_CURVE('',#3259,#3357,#3359,.T.);
#3357 = VERTEX_POINT('',#3358);
#3358 = CARTESIAN_POINT('',(140.4,-96.,-7.85));
#3359 = SURFACE_CURVE('',#3360,(#3364,#3371),.PCURVE_S1.);
#3360 = LINE('',#3361,#3362);
#3361 = CARTESIAN_POINT('',(141.1,-96.,-7.85));
#3362 = VECTOR('',#3363,1.);
#3363 = DIRECTION('',(-1.,0.,0.));
#3364 = PCURVE('',#701,#3365);
#3365 = DEFINITIONAL_REPRESENTATION('',(#3366),#3370);
#3366 = LINE('',#3367,#3368);
#3367 = CARTESIAN_POINT('',(0.,-0.));
#3368 = VECTOR('',#3369,1.);
#3369 = DIRECTION('',(1.,0.));
#3370 = ( GEOMETRIC_REPRESENTATION_CONTEXT(2) 
PARAMETRIC_REPRESENTATION_CONTEXT() REPRESENTATION_CONTEXT('2D SPACE',''
  ) );
#3371 = PCURVE('',#3068,#3372);
#3372 = DEFINITIONAL_REPRESENTATION('',(#3373),#3377);
#3373 = LINE('',#3374,#3375);
#3374 = CARTESIAN_POINT('',(0.6,25.));
#3375 = VECTOR('',#3376,1.);
#3376 = DIRECTION('',(-1.,0.));
#3377 = ( GEOMETRIC_REPRESENTATION_CONTEXT(2) 
PARAMETRIC_REPRESENTATION_CONTEXT() REPRESENTATION_CONTEXT('2D SPACE',''
  ) );
#3378 = ORIENTED_EDGE('',*,*,#3282,.T.);
#3379 = ORIENTED_EDGE('',*,*,#686,.F.);
#3380 = ORIENTED_EDGE('',*,*,#3381,.F.);
#3381 = EDGE_CURVE('',#3357,#658,#3382,.T.);
#3382 = SURFACE_CURVE('',#3383,(#3387,#3394),.PCURVE_S1.);
#3383 = LINE('',#3384,#3385);
#3384 = CARTESIAN_POINT('',(140.4,-96.,-7.85));
#3385 = VECTOR('',#3386,1.);
#3386 = DIRECTION('',(0.,0.,1.));
#3387 = PCURVE('',#701,#3388);
#3388 = DEFINITIONAL_REPRESENTATION('',(#3389),#3393);
#3389 = LINE('',#3390,#3391);
#3390 = CARTESIAN_POINT('',(0.7,0.));
#3391 = VECTOR('',#3392,1.);
#3392 = DIRECTION('',(0.,-1.));
#3393 = ( GEOMETRIC_REPRESENTATION_CONTEXT(2) 
PARAMETRIC_REPRESENTATION_CONTEXT() REPRESENTATION_CONTEXT('2D SPACE',''
  ) );
#3394 = PCURVE('',#674,#3395);
#3395 = DEFINITIONAL_REPRESENTATION('',(#3396),#3400);
#3396 = LINE('',#3397,#3398);
#3397 = CARTESIAN_POINT('',(0.,0.));
#3398 = VECTOR('',#3399,1.);
#3399 = DIRECTION('',(0.,1.));
#3400 = ( GEOMETRIC_REPRESENTATION_CONTEXT(2) 
PARAMETRIC_REPRESENTATION_CONTEXT() REPRESENTATION_CONTEXT('2D SPACE',''
  ) );
#3401 = ADVANCED_FACE('',(#3402),#674,.T.);
#3402 = FACE_BOUND('',#3403,.T.);
#3403 = EDGE_LOOP('',(#3404,#3405,#3427,#3428));
#3404 = ORIENTED_EDGE('',*,*,#3381,.F.);
#3405 = ORIENTED_EDGE('',*,*,#3406,.T.);
#3406 = EDGE_CURVE('',#3357,#3308,#3407,.T.);
#3407 = SURFACE_CURVE('',#3408,(#3413,#3420),.PCURVE_S1.);
#3408 = CIRCLE('',#3409,0.5);
#3409 = AXIS2_PLACEMENT_3D('',#3410,#3411,#3412);
#3410 = CARTESIAN_POINT('',(140.4,-96.5,-7.85));
#3411 = DIRECTION('',(0.,0.,1.));
#3412 = DIRECTION('',(0.,-1.,0.));
#3413 = PCURVE('',#674,#3414);
#3414 = DEFINITIONAL_REPRESENTATION('',(#3415),#3419);
#3415 = LINE('',#3416,#3417);
#3416 = CARTESIAN_POINT('',(-3.14159265359,0.));
#3417 = VECTOR('',#3418,1.);
#3418 = DIRECTION('',(1.,0.));
#3419 = ( GEOMETRIC_REPRESENTATION_CONTEXT(2) 
PARAMETRIC_REPRESENTATION_CONTEXT() REPRESENTATION_CONTEXT('2D SPACE',''
  ) );
#3420 = PCURVE('',#3068,#3421);
#3421 = DEFINITIONAL_REPRESENTATION('',(#3422),#3426);
#3422 = CIRCLE('',#3423,0.5);
#3423 = AXIS2_PLACEMENT_2D('',#3424,#3425);
#3424 = CARTESIAN_POINT('',(-9.999999999999E-02,24.5));
#3425 = DIRECTION('',(0.,-1.));
#3426 = ( GEOMETRIC_REPRESENTATION_CONTEXT(2) 
PARAMETRIC_REPRESENTATION_CONTEXT() REPRESENTATION_CONTEXT('2D SPACE',''
  ) );
#3427 = ORIENTED_EDGE('',*,*,#3330,.T.);
#3428 = ORIENTED_EDGE('',*,*,#657,.F.);
#3429 = ADVANCED_FACE('',(#3430),#786,.T.);
#3430 = FACE_BOUND('',#3431,.T.);
#3431 = EDGE_LOOP('',(#3432,#3455,#3484,#3505));
#3432 = ORIENTED_EDGE('',*,*,#3433,.F.);
#3433 = EDGE_CURVE('',#3434,#768,#3436,.T.);
#3434 = VERTEX_POINT('',#3435);
#3435 = CARTESIAN_POINT('',(144.6,-146.,-7.85));
#3436 = SURFACE_CURVE('',#3437,(#3441,#3448),.PCURVE_S1.);
#3437 = LINE('',#3438,#3439);
#3438 = CARTESIAN_POINT('',(144.6,-146.,-7.85));
#3439 = VECTOR('',#3440,1.);
#3440 = DIRECTION('',(0.,0.,1.));
#3441 = PCURVE('',#786,#3442);
#3442 = DEFINITIONAL_REPRESENTATION('',(#3443),#3447);
#3443 = LINE('',#3444,#3445);
#3444 = CARTESIAN_POINT('',(0.,0.));
#3445 = VECTOR('',#3446,1.);
#3446 = DIRECTION('',(0.,1.));
#3447 = ( GEOMETRIC_REPRESENTATION_CONTEXT(2) 
PARAMETRIC_REPRESENTATION_CONTEXT() REPRESENTATION_CONTEXT('2D SPACE',''
  ) );
#3448 = PCURVE('',#813,#3449);
#3449 = DEFINITIONAL_REPRESENTATION('',(#3450),#3454);
#3450 = LINE('',#3451,#3452);
#3451 = CARTESIAN_POINT('',(0.7,0.));
#3452 = VECTOR('',#3453,1.);
#3453 = DIRECTION('',(0.,-1.));
#3454 = ( GEOMETRIC_REPRESENTATION_CONTEXT(2) 
PARAMETRIC_REPRESENTATION_CONTEXT() REPRESENTATION_CONTEXT('2D SPACE',''
  ) );
#3455 = ORIENTED_EDGE('',*,*,#3456,.T.);
#3456 = EDGE_CURVE('',#3434,#3457,#3459,.T.);
#3457 = VERTEX_POINT('',#3458);
#3458 = CARTESIAN_POINT('',(145.1,-145.5,-7.85));
#3459 = SURFACE_CURVE('',#3460,(#3465,#3472),.PCURVE_S1.);
#3460 = CIRCLE('',#3461,0.5);
#3461 = AXIS2_PLACEMENT_3D('',#3462,#3463,#3464);
#3462 = CARTESIAN_POINT('',(144.6,-145.5,-7.85));
#3463 = DIRECTION('',(0.,0.,1.));
#3464 = DIRECTION('',(0.,-1.,0.));
#3465 = PCURVE('',#786,#3466);
#3466 = DEFINITIONAL_REPRESENTATION('',(#3467),#3471);
#3467 = LINE('',#3468,#3469);
#3468 = CARTESIAN_POINT('',(0.,0.));
#3469 = VECTOR('',#3470,1.);
#3470 = DIRECTION('',(1.,0.));
#3471 = ( GEOMETRIC_REPRESENTATION_CONTEXT(2) 
PARAMETRIC_REPRESENTATION_CONTEXT() REPRESENTATION_CONTEXT('2D SPACE',''
  ) );
#3472 = PCURVE('',#3473,#3478);
#3473 = PLANE('',#3474);
#3474 = AXIS2_PLACEMENT_3D('',#3475,#3476,#3477);
#3475 = CARTESIAN_POINT('',(144.5,-121.,-7.85));
#3476 = DIRECTION('',(0.,0.,1.));
#3477 = DIRECTION('',(1.,0.,-0.));
#3478 = DEFINITIONAL_REPRESENTATION('',(#3479),#3483);
#3479 = CIRCLE('',#3480,0.5);
#3480 = AXIS2_PLACEMENT_2D('',#3481,#3482);
#3481 = CARTESIAN_POINT('',(9.999999999999E-02,-24.5));
#3482 = DIRECTION('',(0.,-1.));
#3483 = ( GEOMETRIC_REPRESENTATION_CONTEXT(2) 
PARAMETRIC_REPRESENTATION_CONTEXT() REPRESENTATION_CONTEXT('2D SPACE',''
  ) );
#3484 = ORIENTED_EDGE('',*,*,#3485,.T.);
#3485 = EDGE_CURVE('',#3457,#770,#3486,.T.);
#3486 = SURFACE_CURVE('',#3487,(#3491,#3498),.PCURVE_S1.);
#3487 = LINE('',#3488,#3489);
#3488 = CARTESIAN_POINT('',(145.1,-145.5,-7.85));
#3489 = VECTOR('',#3490,1.);
#3490 = DIRECTION('',(0.,0.,1.));
#3491 = PCURVE('',#786,#3492);
#3492 = DEFINITIONAL_REPRESENTATION('',(#3493),#3497);
#3493 = LINE('',#3494,#3495);
#3494 = CARTESIAN_POINT('',(1.570796326795,0.));
#3495 = VECTOR('',#3496,1.);
#3496 = DIRECTION('',(0.,1.));
#3497 = ( GEOMETRIC_REPRESENTATION_CONTEXT(2) 
PARAMETRIC_REPRESENTATION_CONTEXT() REPRESENTATION_CONTEXT('2D SPACE',''
  ) );
#3498 = PCURVE('',#976,#3499);
#3499 = DEFINITIONAL_REPRESENTATION('',(#3500),#3504);
#3500 = LINE('',#3501,#3502);
#3501 = CARTESIAN_POINT('',(0.5,0.));
#3502 = VECTOR('',#3503,1.);
#3503 = DIRECTION('',(0.,-1.));
#3504 = ( GEOMETRIC_REPRESENTATION_CONTEXT(2) 
PARAMETRIC_REPRESENTATION_CONTEXT() REPRESENTATION_CONTEXT('2D SPACE',''
  ) );
#3505 = ORIENTED_EDGE('',*,*,#767,.F.);
#3506 = ADVANCED_FACE('',(#3507),#813,.F.);
#3507 = FACE_BOUND('',#3508,.F.);
#3508 = EDGE_LOOP('',(#3509,#3532,#3553,#3554));
#3509 = ORIENTED_EDGE('',*,*,#3510,.F.);
#3510 = EDGE_CURVE('',#3511,#3434,#3513,.T.);
#3511 = VERTEX_POINT('',#3512);
#3512 = CARTESIAN_POINT('',(144.4,-146.,-7.85));
#3513 = SURFACE_CURVE('',#3514,(#3518,#3525),.PCURVE_S1.);
#3514 = LINE('',#3515,#3516);
#3515 = CARTESIAN_POINT('',(143.9,-146.,-7.85));
#3516 = VECTOR('',#3517,1.);
#3517 = DIRECTION('',(1.,0.,0.));
#3518 = PCURVE('',#813,#3519);
#3519 = DEFINITIONAL_REPRESENTATION('',(#3520),#3524);
#3520 = LINE('',#3521,#3522);
#3521 = CARTESIAN_POINT('',(0.,0.));
#3522 = VECTOR('',#3523,1.);
#3523 = DIRECTION('',(1.,0.));
#3524 = ( GEOMETRIC_REPRESENTATION_CONTEXT(2) 
PARAMETRIC_REPRESENTATION_CONTEXT() REPRESENTATION_CONTEXT('2D SPACE',''
  ) );
#3525 = PCURVE('',#3473,#3526);
#3526 = DEFINITIONAL_REPRESENTATION('',(#3527),#3531);
#3527 = LINE('',#3528,#3529);
#3528 = CARTESIAN_POINT('',(-0.6,-25.));
#3529 = VECTOR('',#3530,1.);
#3530 = DIRECTION('',(1.,0.));
#3531 = ( GEOMETRIC_REPRESENTATION_CONTEXT(2) 
PARAMETRIC_REPRESENTATION_CONTEXT() REPRESENTATION_CONTEXT('2D SPACE',''
  ) );
#3532 = ORIENTED_EDGE('',*,*,#3533,.T.);
#3533 = EDGE_CURVE('',#3511,#799,#3534,.T.);
#3534 = SURFACE_CURVE('',#3535,(#3539,#3546),.PCURVE_S1.);
#3535 = LINE('',#3536,#3537);
#3536 = CARTESIAN_POINT('',(144.4,-146.,-7.85));
#3537 = VECTOR('',#3538,1.);
#3538 = DIRECTION('',(0.,0.,1.));
#3539 = PCURVE('',#813,#3540);
#3540 = DEFINITIONAL_REPRESENTATION('',(#3541),#3545);
#3541 = LINE('',#3542,#3543);
#3542 = CARTESIAN_POINT('',(0.5,0.));
#3543 = VECTOR('',#3544,1.);
#3544 = DIRECTION('',(0.,-1.));
#3545 = ( GEOMETRIC_REPRESENTATION_CONTEXT(2) 
PARAMETRIC_REPRESENTATION_CONTEXT() REPRESENTATION_CONTEXT('2D SPACE',''
  ) );
#3546 = PCURVE('',#841,#3547);
#3547 = DEFINITIONAL_REPRESENTATION('',(#3548),#3552);
#3548 = LINE('',#3549,#3550);
#3549 = CARTESIAN_POINT('',(-0.,0.));
#3550 = VECTOR('',#3551,1.);
#3551 = DIRECTION('',(-0.,1.));
#3552 = ( GEOMETRIC_REPRESENTATION_CONTEXT(2) 
PARAMETRIC_REPRESENTATION_CONTEXT() REPRESENTATION_CONTEXT('2D SPACE',''
  ) );
#3553 = ORIENTED_EDGE('',*,*,#798,.F.);
#3554 = ORIENTED_EDGE('',*,*,#3433,.F.);
#3555 = ADVANCED_FACE('',(#3556),#976,.F.);
#3556 = FACE_BOUND('',#3557,.F.);
#3557 = EDGE_LOOP('',(#3558,#3581,#3582,#3583));
#3558 = ORIENTED_EDGE('',*,*,#3559,.F.);
#3559 = EDGE_CURVE('',#3457,#3560,#3562,.T.);
#3560 = VERTEX_POINT('',#3561);
#3561 = CARTESIAN_POINT('',(145.1,-96.5,-7.85));
#3562 = SURFACE_CURVE('',#3563,(#3567,#3574),.PCURVE_S1.);
#3563 = LINE('',#3564,#3565);
#3564 = CARTESIAN_POINT('',(145.1,-146.,-7.85));
#3565 = VECTOR('',#3566,1.);
#3566 = DIRECTION('',(0.,1.,0.));
#3567 = PCURVE('',#976,#3568);
#3568 = DEFINITIONAL_REPRESENTATION('',(#3569),#3573);
#3569 = LINE('',#3570,#3571);
#3570 = CARTESIAN_POINT('',(0.,0.));
#3571 = VECTOR('',#3572,1.);
#3572 = DIRECTION('',(1.,0.));
#3573 = ( GEOMETRIC_REPRESENTATION_CONTEXT(2) 
PARAMETRIC_REPRESENTATION_CONTEXT() REPRESENTATION_CONTEXT('2D SPACE',''
  ) );
#3574 = PCURVE('',#3473,#3575);
#3575 = DEFINITIONAL_REPRESENTATION('',(#3576),#3580);
#3576 = LINE('',#3577,#3578);
#3577 = CARTESIAN_POINT('',(0.6,-25.));
#3578 = VECTOR('',#3579,1.);
#3579 = DIRECTION('',(0.,1.));
#3580 = ( GEOMETRIC_REPRESENTATION_CONTEXT(2) 
PARAMETRIC_REPRESENTATION_CONTEXT() REPRESENTATION_CONTEXT('2D SPACE',''
  ) );
#3581 = ORIENTED_EDGE('',*,*,#3485,.T.);
#3582 = ORIENTED_EDGE('',*,*,#963,.F.);
#3583 = ORIENTED_EDGE('',*,*,#3584,.F.);
#3584 = EDGE_CURVE('',#3560,#935,#3585,.T.);
#3585 = SURFACE_CURVE('',#3586,(#3590,#3597),.PCURVE_S1.);
#3586 = LINE('',#3587,#3588);
#3587 = CARTESIAN_POINT('',(145.1,-96.5,-7.85));
#3588 = VECTOR('',#3589,1.);
#3589 = DIRECTION('',(0.,0.,1.));
#3590 = PCURVE('',#976,#3591);
#3591 = DEFINITIONAL_REPRESENTATION('',(#3592),#3596);
#3592 = LINE('',#3593,#3594);
#3593 = CARTESIAN_POINT('',(49.5,0.));
#3594 = VECTOR('',#3595,1.);
#3595 = DIRECTION('',(0.,-1.));
#3596 = ( GEOMETRIC_REPRESENTATION_CONTEXT(2) 
PARAMETRIC_REPRESENTATION_CONTEXT() REPRESENTATION_CONTEXT('2D SPACE',''
  ) );
#3597 = PCURVE('',#951,#3598);
#3598 = DEFINITIONAL_REPRESENTATION('',(#3599),#3603);
#3599 = LINE('',#3600,#3601);
#3600 = CARTESIAN_POINT('',(0.,0.));
#3601 = VECTOR('',#3602,1.);
#3602 = DIRECTION('',(0.,1.));
#3603 = ( GEOMETRIC_REPRESENTATION_CONTEXT(2) 
PARAMETRIC_REPRESENTATION_CONTEXT() REPRESENTATION_CONTEXT('2D SPACE',''
  ) );
#3604 = ADVANCED_FACE('',(#3605),#841,.T.);
#3605 = FACE_BOUND('',#3606,.F.);
#3606 = EDGE_LOOP('',(#3607,#3608,#3636,#3657));
#3607 = ORIENTED_EDGE('',*,*,#3533,.F.);
#3608 = ORIENTED_EDGE('',*,*,#3609,.T.);
#3609 = EDGE_CURVE('',#3511,#3610,#3612,.T.);
#3610 = VERTEX_POINT('',#3611);
#3611 = CARTESIAN_POINT('',(143.9,-145.5,-7.85));
#3612 = SURFACE_CURVE('',#3613,(#3618,#3625),.PCURVE_S1.);
#3613 = CIRCLE('',#3614,0.5);
#3614 = AXIS2_PLACEMENT_3D('',#3615,#3616,#3617);
#3615 = CARTESIAN_POINT('',(144.4,-145.5,-7.85));
#3616 = DIRECTION('',(-0.,-0.,-1.));
#3617 = DIRECTION('',(0.,-1.,0.));
#3618 = PCURVE('',#841,#3619);
#3619 = DEFINITIONAL_REPRESENTATION('',(#3620),#3624);
#3620 = LINE('',#3621,#3622);
#3621 = CARTESIAN_POINT('',(-0.,0.));
#3622 = VECTOR('',#3623,1.);
#3623 = DIRECTION('',(-1.,0.));
#3624 = ( GEOMETRIC_REPRESENTATION_CONTEXT(2) 
PARAMETRIC_REPRESENTATION_CONTEXT() REPRESENTATION_CONTEXT('2D SPACE',''
  ) );
#3625 = PCURVE('',#3473,#3626);
#3626 = DEFINITIONAL_REPRESENTATION('',(#3627),#3635);
#3627 = ( BOUNDED_CURVE() B_SPLINE_CURVE(2,(#3628,#3629,#3630,#3631,
#3632,#3633,#3634),.UNSPECIFIED.,.T.,.F.) B_SPLINE_CURVE_WITH_KNOTS((1,2
    ,2,2,2,1),(-2.094395102393,0.,2.094395102393,4.188790204786,
6.28318530718,8.377580409573),.UNSPECIFIED.) CURVE() 
GEOMETRIC_REPRESENTATION_ITEM() RATIONAL_B_SPLINE_CURVE((1.,0.5,1.,0.5,
1.,0.5,1.)) REPRESENTATION_ITEM('') );
#3628 = CARTESIAN_POINT('',(-9.999999999999E-02,-25.));
#3629 = CARTESIAN_POINT('',(-0.966025403784,-25.));
#3630 = CARTESIAN_POINT('',(-0.533012701892,-24.25));
#3631 = CARTESIAN_POINT('',(-9.999999999999E-02,-23.5));
#3632 = CARTESIAN_POINT('',(0.333012701892,-24.25));
#3633 = CARTESIAN_POINT('',(0.766025403784,-25.));
#3634 = CARTESIAN_POINT('',(-9.999999999999E-02,-25.));
#3635 = ( GEOMETRIC_REPRESENTATION_CONTEXT(2) 
PARAMETRIC_REPRESENTATION_CONTEXT() REPRESENTATION_CONTEXT('2D SPACE',''
  ) );
#3636 = ORIENTED_EDGE('',*,*,#3637,.T.);
#3637 = EDGE_CURVE('',#3610,#825,#3638,.T.);
#3638 = SURFACE_CURVE('',#3639,(#3643,#3650),.PCURVE_S1.);
#3639 = LINE('',#3640,#3641);
#3640 = CARTESIAN_POINT('',(143.9,-145.5,-7.85));
#3641 = VECTOR('',#3642,1.);
#3642 = DIRECTION('',(0.,0.,1.));
#3643 = PCURVE('',#841,#3644);
#3644 = DEFINITIONAL_REPRESENTATION('',(#3645),#3649);
#3645 = LINE('',#3646,#3647);
#3646 = CARTESIAN_POINT('',(-1.570796326795,0.));
#3647 = VECTOR('',#3648,1.);
#3648 = DIRECTION('',(-0.,1.));
#3649 = ( GEOMETRIC_REPRESENTATION_CONTEXT(2) 
PARAMETRIC_REPRESENTATION_CONTEXT() REPRESENTATION_CONTEXT('2D SPACE',''
  ) );
#3650 = PCURVE('',#868,#3651);
#3651 = DEFINITIONAL_REPRESENTATION('',(#3652),#3656);
#3652 = LINE('',#3653,#3654);
#3653 = CARTESIAN_POINT('',(49.5,0.));
#3654 = VECTOR('',#3655,1.);
#3655 = DIRECTION('',(0.,-1.));
#3656 = ( GEOMETRIC_REPRESENTATION_CONTEXT(2) 
PARAMETRIC_REPRESENTATION_CONTEXT() REPRESENTATION_CONTEXT('2D SPACE',''
  ) );
#3657 = ORIENTED_EDGE('',*,*,#824,.T.);
#3658 = ADVANCED_FACE('',(#3659),#951,.T.);
#3659 = FACE_BOUND('',#3660,.T.);
#3660 = EDGE_LOOP('',(#3661,#3662,#3686,#3707));
#3661 = ORIENTED_EDGE('',*,*,#3584,.F.);
#3662 = ORIENTED_EDGE('',*,*,#3663,.T.);
#3663 = EDGE_CURVE('',#3560,#3664,#3666,.T.);
#3664 = VERTEX_POINT('',#3665);
#3665 = CARTESIAN_POINT('',(144.6,-96.,-7.85));
#3666 = SURFACE_CURVE('',#3667,(#3672,#3679),.PCURVE_S1.);
#3667 = CIRCLE('',#3668,0.5);
#3668 = AXIS2_PLACEMENT_3D('',#3669,#3670,#3671);
#3669 = CARTESIAN_POINT('',(144.6,-96.5,-7.85));
#3670 = DIRECTION('',(0.,0.,1.));
#3671 = DIRECTION('',(0.,-1.,0.));
#3672 = PCURVE('',#951,#3673);
#3673 = DEFINITIONAL_REPRESENTATION('',(#3674),#3678);
#3674 = LINE('',#3675,#3676);
#3675 = CARTESIAN_POINT('',(-1.570796326795,0.));
#3676 = VECTOR('',#3677,1.);
#3677 = DIRECTION('',(1.,0.));
#3678 = ( GEOMETRIC_REPRESENTATION_CONTEXT(2) 
PARAMETRIC_REPRESENTATION_CONTEXT() REPRESENTATION_CONTEXT('2D SPACE',''
  ) );
#3679 = PCURVE('',#3473,#3680);
#3680 = DEFINITIONAL_REPRESENTATION('',(#3681),#3685);
#3681 = CIRCLE('',#3682,0.5);
#3682 = AXIS2_PLACEMENT_2D('',#3683,#3684);
#3683 = CARTESIAN_POINT('',(9.999999999999E-02,24.5));
#3684 = DIRECTION('',(0.,-1.));
#3685 = ( GEOMETRIC_REPRESENTATION_CONTEXT(2) 
PARAMETRIC_REPRESENTATION_CONTEXT() REPRESENTATION_CONTEXT('2D SPACE',''
  ) );
#3686 = ORIENTED_EDGE('',*,*,#3687,.T.);
#3687 = EDGE_CURVE('',#3664,#909,#3688,.T.);
#3688 = SURFACE_CURVE('',#3689,(#3693,#3700),.PCURVE_S1.);
#3689 = LINE('',#3690,#3691);
#3690 = CARTESIAN_POINT('',(144.6,-96.,-7.85));
#3691 = VECTOR('',#3692,1.);
#3692 = DIRECTION('',(0.,0.,1.));
#3693 = PCURVE('',#951,#3694);
#3694 = DEFINITIONAL_REPRESENTATION('',(#3695),#3699);
#3695 = LINE('',#3696,#3697);
#3696 = CARTESIAN_POINT('',(1.570796326795,0.));
#3697 = VECTOR('',#3698,1.);
#3698 = DIRECTION('',(0.,1.));
#3699 = ( GEOMETRIC_REPRESENTATION_CONTEXT(2) 
PARAMETRIC_REPRESENTATION_CONTEXT() REPRESENTATION_CONTEXT('2D SPACE',''
  ) );
#3700 = PCURVE('',#923,#3701);
#3701 = DEFINITIONAL_REPRESENTATION('',(#3702),#3706);
#3702 = LINE('',#3703,#3704);
#3703 = CARTESIAN_POINT('',(0.5,0.));
#3704 = VECTOR('',#3705,1.);
#3705 = DIRECTION('',(0.,-1.));
#3706 = ( GEOMETRIC_REPRESENTATION_CONTEXT(2) 
PARAMETRIC_REPRESENTATION_CONTEXT() REPRESENTATION_CONTEXT('2D SPACE',''
  ) );
#3707 = ORIENTED_EDGE('',*,*,#934,.F.);
#3708 = ADVANCED_FACE('',(#3709),#868,.F.);
#3709 = FACE_BOUND('',#3710,.F.);
#3710 = EDGE_LOOP('',(#3711,#3734,#3755,#3756));
#3711 = ORIENTED_EDGE('',*,*,#3712,.F.);
#3712 = EDGE_CURVE('',#3713,#3610,#3715,.T.);
#3713 = VERTEX_POINT('',#3714);
#3714 = CARTESIAN_POINT('',(143.9,-96.5,-7.85));
#3715 = SURFACE_CURVE('',#3716,(#3720,#3727),.PCURVE_S1.);
#3716 = LINE('',#3717,#3718);
#3717 = CARTESIAN_POINT('',(143.9,-96.,-7.85));
#3718 = VECTOR('',#3719,1.);
#3719 = DIRECTION('',(0.,-1.,0.));
#3720 = PCURVE('',#868,#3721);
#3721 = DEFINITIONAL_REPRESENTATION('',(#3722),#3726);
#3722 = LINE('',#3723,#3724);
#3723 = CARTESIAN_POINT('',(0.,0.));
#3724 = VECTOR('',#3725,1.);
#3725 = DIRECTION('',(1.,0.));
#3726 = ( GEOMETRIC_REPRESENTATION_CONTEXT(2) 
PARAMETRIC_REPRESENTATION_CONTEXT() REPRESENTATION_CONTEXT('2D SPACE',''
  ) );
#3727 = PCURVE('',#3473,#3728);
#3728 = DEFINITIONAL_REPRESENTATION('',(#3729),#3733);
#3729 = LINE('',#3730,#3731);
#3730 = CARTESIAN_POINT('',(-0.6,25.));
#3731 = VECTOR('',#3732,1.);
#3732 = DIRECTION('',(0.,-1.));
#3733 = ( GEOMETRIC_REPRESENTATION_CONTEXT(2) 
PARAMETRIC_REPRESENTATION_CONTEXT() REPRESENTATION_CONTEXT('2D SPACE',''
  ) );
#3734 = ORIENTED_EDGE('',*,*,#3735,.T.);
#3735 = EDGE_CURVE('',#3713,#854,#3736,.T.);
#3736 = SURFACE_CURVE('',#3737,(#3741,#3748),.PCURVE_S1.);
#3737 = LINE('',#3738,#3739);
#3738 = CARTESIAN_POINT('',(143.9,-96.5,-7.85));
#3739 = VECTOR('',#3740,1.);
#3740 = DIRECTION('',(0.,0.,1.));
#3741 = PCURVE('',#868,#3742);
#3742 = DEFINITIONAL_REPRESENTATION('',(#3743),#3747);
#3743 = LINE('',#3744,#3745);
#3744 = CARTESIAN_POINT('',(0.5,0.));
#3745 = VECTOR('',#3746,1.);
#3746 = DIRECTION('',(0.,-1.));
#3747 = ( GEOMETRIC_REPRESENTATION_CONTEXT(2) 
PARAMETRIC_REPRESENTATION_CONTEXT() REPRESENTATION_CONTEXT('2D SPACE',''
  ) );
#3748 = PCURVE('',#896,#3749);
#3749 = DEFINITIONAL_REPRESENTATION('',(#3750),#3754);
#3750 = LINE('',#3751,#3752);
#3751 = CARTESIAN_POINT('',(1.570796326795,0.));
#3752 = VECTOR('',#3753,1.);
#3753 = DIRECTION('',(0.,1.));
#3754 = ( GEOMETRIC_REPRESENTATION_CONTEXT(2) 
PARAMETRIC_REPRESENTATION_CONTEXT() REPRESENTATION_CONTEXT('2D SPACE',''
  ) );
#3755 = ORIENTED_EDGE('',*,*,#853,.F.);
#3756 = ORIENTED_EDGE('',*,*,#3637,.F.);
#3757 = ADVANCED_FACE('',(#3758),#923,.F.);
#3758 = FACE_BOUND('',#3759,.F.);
#3759 = EDGE_LOOP('',(#3760,#3783,#3784,#3785));
#3760 = ORIENTED_EDGE('',*,*,#3761,.F.);
#3761 = EDGE_CURVE('',#3664,#3762,#3764,.T.);
#3762 = VERTEX_POINT('',#3763);
#3763 = CARTESIAN_POINT('',(144.4,-96.,-7.85));
#3764 = SURFACE_CURVE('',#3765,(#3769,#3776),.PCURVE_S1.);
#3765 = LINE('',#3766,#3767);
#3766 = CARTESIAN_POINT('',(145.1,-96.,-7.85));
#3767 = VECTOR('',#3768,1.);
#3768 = DIRECTION('',(-1.,0.,0.));
#3769 = PCURVE('',#923,#3770);
#3770 = DEFINITIONAL_REPRESENTATION('',(#3771),#3775);
#3771 = LINE('',#3772,#3773);
#3772 = CARTESIAN_POINT('',(0.,-0.));
#3773 = VECTOR('',#3774,1.);
#3774 = DIRECTION('',(1.,0.));
#3775 = ( GEOMETRIC_REPRESENTATION_CONTEXT(2) 
PARAMETRIC_REPRESENTATION_CONTEXT() REPRESENTATION_CONTEXT('2D SPACE',''
  ) );
#3776 = PCURVE('',#3473,#3777);
#3777 = DEFINITIONAL_REPRESENTATION('',(#3778),#3782);
#3778 = LINE('',#3779,#3780);
#3779 = CARTESIAN_POINT('',(0.6,25.));
#3780 = VECTOR('',#3781,1.);
#3781 = DIRECTION('',(-1.,0.));
#3782 = ( GEOMETRIC_REPRESENTATION_CONTEXT(2) 
PARAMETRIC_REPRESENTATION_CONTEXT() REPRESENTATION_CONTEXT('2D SPACE',''
  ) );
#3783 = ORIENTED_EDGE('',*,*,#3687,.T.);
#3784 = ORIENTED_EDGE('',*,*,#908,.F.);
#3785 = ORIENTED_EDGE('',*,*,#3786,.F.);
#3786 = EDGE_CURVE('',#3762,#880,#3787,.T.);
#3787 = SURFACE_CURVE('',#3788,(#3792,#3799),.PCURVE_S1.);
#3788 = LINE('',#3789,#3790);
#3789 = CARTESIAN_POINT('',(144.4,-96.,-7.85));
#3790 = VECTOR('',#3791,1.);
#3791 = DIRECTION('',(0.,0.,1.));
#3792 = PCURVE('',#923,#3793);
#3793 = DEFINITIONAL_REPRESENTATION('',(#3794),#3798);
#3794 = LINE('',#3795,#3796);
#3795 = CARTESIAN_POINT('',(0.7,0.));
#3796 = VECTOR('',#3797,1.);
#3797 = DIRECTION('',(0.,-1.));
#3798 = ( GEOMETRIC_REPRESENTATION_CONTEXT(2) 
PARAMETRIC_REPRESENTATION_CONTEXT() REPRESENTATION_CONTEXT('2D SPACE',''
  ) );
#3799 = PCURVE('',#896,#3800);
#3800 = DEFINITIONAL_REPRESENTATION('',(#3801),#3805);
#3801 = LINE('',#3802,#3803);
#3802 = CARTESIAN_POINT('',(0.,0.));
#3803 = VECTOR('',#3804,1.);
#3804 = DIRECTION('',(0.,1.));
#3805 = ( GEOMETRIC_REPRESENTATION_CONTEXT(2) 
PARAMETRIC_REPRESENTATION_CONTEXT() REPRESENTATION_CONTEXT('2D SPACE',''
  ) );
#3806 = ADVANCED_FACE('',(#3807),#896,.T.);
#3807 = FACE_BOUND('',#3808,.T.);
#3808 = EDGE_LOOP('',(#3809,#3810,#3832,#3833));
#3809 = ORIENTED_EDGE('',*,*,#3786,.F.);
#3810 = ORIENTED_EDGE('',*,*,#3811,.T.);
#3811 = EDGE_CURVE('',#3762,#3713,#3812,.T.);
#3812 = SURFACE_CURVE('',#3813,(#3818,#3825),.PCURVE_S1.);
#3813 = CIRCLE('',#3814,0.5);
#3814 = AXIS2_PLACEMENT_3D('',#3815,#3816,#3817);
#3815 = CARTESIAN_POINT('',(144.4,-96.5,-7.85));
#3816 = DIRECTION('',(0.,0.,1.));
#3817 = DIRECTION('',(0.,-1.,0.));
#3818 = PCURVE('',#896,#3819);
#3819 = DEFINITIONAL_REPRESENTATION('',(#3820),#3824);
#3820 = LINE('',#3821,#3822);
#3821 = CARTESIAN_POINT('',(-3.14159265359,0.));
#3822 = VECTOR('',#3823,1.);
#3823 = DIRECTION('',(1.,0.));
#3824 = ( GEOMETRIC_REPRESENTATION_CONTEXT(2) 
PARAMETRIC_REPRESENTATION_CONTEXT() REPRESENTATION_CONTEXT('2D SPACE',''
  ) );
#3825 = PCURVE('',#3473,#3826);
#3826 = DEFINITIONAL_REPRESENTATION('',(#3827),#3831);
#3827 = CIRCLE('',#3828,0.5);
#3828 = AXIS2_PLACEMENT_2D('',#3829,#3830);
#3829 = CARTESIAN_POINT('',(-9.999999999999E-02,24.5));
#3830 = DIRECTION('',(0.,-1.));
#3831 = ( GEOMETRIC_REPRESENTATION_CONTEXT(2) 
PARAMETRIC_REPRESENTATION_CONTEXT() REPRESENTATION_CONTEXT('2D SPACE',''
  ) );
#3832 = ORIENTED_EDGE('',*,*,#3735,.T.);
#3833 = ORIENTED_EDGE('',*,*,#879,.F.);
#3834 = ADVANCED_FACE('',(#3835),#1008,.T.);
#3835 = FACE_BOUND('',#3836,.T.);
#3836 = EDGE_LOOP('',(#3837,#3860,#3889,#3910));
#3837 = ORIENTED_EDGE('',*,*,#3838,.F.);
#3838 = EDGE_CURVE('',#3839,#990,#3841,.T.);
#3839 = VERTEX_POINT('',#3840);
#3840 = CARTESIAN_POINT('',(148.6,-146.,-7.85));
#3841 = SURFACE_CURVE('',#3842,(#3846,#3853),.PCURVE_S1.);
#3842 = LINE('',#3843,#3844);
#3843 = CARTESIAN_POINT('',(148.6,-146.,-7.85));
#3844 = VECTOR('',#3845,1.);
#3845 = DIRECTION('',(0.,0.,1.));
#3846 = PCURVE('',#1008,#3847);
#3847 = DEFINITIONAL_REPRESENTATION('',(#3848),#3852);
#3848 = LINE('',#3849,#3850);
#3849 = CARTESIAN_POINT('',(0.,0.));
#3850 = VECTOR('',#3851,1.);
#3851 = DIRECTION('',(0.,1.));
#3852 = ( GEOMETRIC_REPRESENTATION_CONTEXT(2) 
PARAMETRIC_REPRESENTATION_CONTEXT() REPRESENTATION_CONTEXT('2D SPACE',''
  ) );
#3853 = PCURVE('',#1035,#3854);
#3854 = DEFINITIONAL_REPRESENTATION('',(#3855),#3859);
#3855 = LINE('',#3856,#3857);
#3856 = CARTESIAN_POINT('',(0.7,0.));
#3857 = VECTOR('',#3858,1.);
#3858 = DIRECTION('',(0.,-1.));
#3859 = ( GEOMETRIC_REPRESENTATION_CONTEXT(2) 
PARAMETRIC_REPRESENTATION_CONTEXT() REPRESENTATION_CONTEXT('2D SPACE',''
  ) );
#3860 = ORIENTED_EDGE('',*,*,#3861,.T.);
#3861 = EDGE_CURVE('',#3839,#3862,#3864,.T.);
#3862 = VERTEX_POINT('',#3863);
#3863 = CARTESIAN_POINT('',(149.1,-145.5,-7.85));
#3864 = SURFACE_CURVE('',#3865,(#3870,#3877),.PCURVE_S1.);
#3865 = CIRCLE('',#3866,0.5);
#3866 = AXIS2_PLACEMENT_3D('',#3867,#3868,#3869);
#3867 = CARTESIAN_POINT('',(148.6,-145.5,-7.85));
#3868 = DIRECTION('',(0.,0.,1.));
#3869 = DIRECTION('',(0.,-1.,0.));
#3870 = PCURVE('',#1008,#3871);
#3871 = DEFINITIONAL_REPRESENTATION('',(#3872),#3876);
#3872 = LINE('',#3873,#3874);
#3873 = CARTESIAN_POINT('',(0.,0.));
#3874 = VECTOR('',#3875,1.);
#3875 = DIRECTION('',(1.,0.));
#3876 = ( GEOMETRIC_REPRESENTATION_CONTEXT(2) 
PARAMETRIC_REPRESENTATION_CONTEXT() REPRESENTATION_CONTEXT('2D SPACE',''
  ) );
#3877 = PCURVE('',#3878,#3883);
#3878 = PLANE('',#3879);
#3879 = AXIS2_PLACEMENT_3D('',#3880,#3881,#3882);
#3880 = CARTESIAN_POINT('',(148.5,-121.,-7.85));
#3881 = DIRECTION('',(0.,0.,1.));
#3882 = DIRECTION('',(1.,0.,-0.));
#3883 = DEFINITIONAL_REPRESENTATION('',(#3884),#3888);
#3884 = CIRCLE('',#3885,0.5);
#3885 = AXIS2_PLACEMENT_2D('',#3886,#3887);
#3886 = CARTESIAN_POINT('',(9.999999999999E-02,-24.5));
#3887 = DIRECTION('',(0.,-1.));
#3888 = ( GEOMETRIC_REPRESENTATION_CONTEXT(2) 
PARAMETRIC_REPRESENTATION_CONTEXT() REPRESENTATION_CONTEXT('2D SPACE',''
  ) );
#3889 = ORIENTED_EDGE('',*,*,#3890,.T.);
#3890 = EDGE_CURVE('',#3862,#992,#3891,.T.);
#3891 = SURFACE_CURVE('',#3892,(#3896,#3903),.PCURVE_S1.);
#3892 = LINE('',#3893,#3894);
#3893 = CARTESIAN_POINT('',(149.1,-145.5,-7.85));
#3894 = VECTOR('',#3895,1.);
#3895 = DIRECTION('',(0.,0.,1.));
#3896 = PCURVE('',#1008,#3897);
#3897 = DEFINITIONAL_REPRESENTATION('',(#3898),#3902);
#3898 = LINE('',#3899,#3900);
#3899 = CARTESIAN_POINT('',(1.570796326795,0.));
#3900 = VECTOR('',#3901,1.);
#3901 = DIRECTION('',(0.,1.));
#3902 = ( GEOMETRIC_REPRESENTATION_CONTEXT(2) 
PARAMETRIC_REPRESENTATION_CONTEXT() REPRESENTATION_CONTEXT('2D SPACE',''
  ) );
#3903 = PCURVE('',#1198,#3904);
#3904 = DEFINITIONAL_REPRESENTATION('',(#3905),#3909);
#3905 = LINE('',#3906,#3907);
#3906 = CARTESIAN_POINT('',(0.5,0.));
#3907 = VECTOR('',#3908,1.);
#3908 = DIRECTION('',(0.,-1.));
#3909 = ( GEOMETRIC_REPRESENTATION_CONTEXT(2) 
PARAMETRIC_REPRESENTATION_CONTEXT() REPRESENTATION_CONTEXT('2D SPACE',''
  ) );
#3910 = ORIENTED_EDGE('',*,*,#989,.F.);
#3911 = ADVANCED_FACE('',(#3912),#1035,.F.);
#3912 = FACE_BOUND('',#3913,.F.);
#3913 = EDGE_LOOP('',(#3914,#3937,#3958,#3959));
#3914 = ORIENTED_EDGE('',*,*,#3915,.F.);
#3915 = EDGE_CURVE('',#3916,#3839,#3918,.T.);
#3916 = VERTEX_POINT('',#3917);
#3917 = CARTESIAN_POINT('',(148.4,-146.,-7.85));
#3918 = SURFACE_CURVE('',#3919,(#3923,#3930),.PCURVE_S1.);
#3919 = LINE('',#3920,#3921);
#3920 = CARTESIAN_POINT('',(147.9,-146.,-7.85));
#3921 = VECTOR('',#3922,1.);
#3922 = DIRECTION('',(1.,0.,0.));
#3923 = PCURVE('',#1035,#3924);
#3924 = DEFINITIONAL_REPRESENTATION('',(#3925),#3929);
#3925 = LINE('',#3926,#3927);
#3926 = CARTESIAN_POINT('',(0.,0.));
#3927 = VECTOR('',#3928,1.);
#3928 = DIRECTION('',(1.,0.));
#3929 = ( GEOMETRIC_REPRESENTATION_CONTEXT(2) 
PARAMETRIC_REPRESENTATION_CONTEXT() REPRESENTATION_CONTEXT('2D SPACE',''
  ) );
#3930 = PCURVE('',#3878,#3931);
#3931 = DEFINITIONAL_REPRESENTATION('',(#3932),#3936);
#3932 = LINE('',#3933,#3934);
#3933 = CARTESIAN_POINT('',(-0.6,-25.));
#3934 = VECTOR('',#3935,1.);
#3935 = DIRECTION('',(1.,0.));
#3936 = ( GEOMETRIC_REPRESENTATION_CONTEXT(2) 
PARAMETRIC_REPRESENTATION_CONTEXT() REPRESENTATION_CONTEXT('2D SPACE',''
  ) );
#3937 = ORIENTED_EDGE('',*,*,#3938,.T.);
#3938 = EDGE_CURVE('',#3916,#1021,#3939,.T.);
#3939 = SURFACE_CURVE('',#3940,(#3944,#3951),.PCURVE_S1.);
#3940 = LINE('',#3941,#3942);
#3941 = CARTESIAN_POINT('',(148.4,-146.,-7.85));
#3942 = VECTOR('',#3943,1.);
#3943 = DIRECTION('',(0.,0.,1.));
#3944 = PCURVE('',#1035,#3945);
#3945 = DEFINITIONAL_REPRESENTATION('',(#3946),#3950);
#3946 = LINE('',#3947,#3948);
#3947 = CARTESIAN_POINT('',(0.5,0.));
#3948 = VECTOR('',#3949,1.);
#3949 = DIRECTION('',(0.,-1.));
#3950 = ( GEOMETRIC_REPRESENTATION_CONTEXT(2) 
PARAMETRIC_REPRESENTATION_CONTEXT() REPRESENTATION_CONTEXT('2D SPACE',''
  ) );
#3951 = PCURVE('',#1063,#3952);
#3952 = DEFINITIONAL_REPRESENTATION('',(#3953),#3957);
#3953 = LINE('',#3954,#3955);
#3954 = CARTESIAN_POINT('',(-0.,0.));
#3955 = VECTOR('',#3956,1.);
#3956 = DIRECTION('',(-0.,1.));
#3957 = ( GEOMETRIC_REPRESENTATION_CONTEXT(2) 
PARAMETRIC_REPRESENTATION_CONTEXT() REPRESENTATION_CONTEXT('2D SPACE',''
  ) );
#3958 = ORIENTED_EDGE('',*,*,#1020,.F.);
#3959 = ORIENTED_EDGE('',*,*,#3838,.F.);
#3960 = ADVANCED_FACE('',(#3961),#1198,.F.);
#3961 = FACE_BOUND('',#3962,.F.);
#3962 = EDGE_LOOP('',(#3963,#3986,#3987,#3988));
#3963 = ORIENTED_EDGE('',*,*,#3964,.F.);
#3964 = EDGE_CURVE('',#3862,#3965,#3967,.T.);
#3965 = VERTEX_POINT('',#3966);
#3966 = CARTESIAN_POINT('',(149.1,-96.5,-7.85));
#3967 = SURFACE_CURVE('',#3968,(#3972,#3979),.PCURVE_S1.);
#3968 = LINE('',#3969,#3970);
#3969 = CARTESIAN_POINT('',(149.1,-146.,-7.85));
#3970 = VECTOR('',#3971,1.);
#3971 = DIRECTION('',(0.,1.,0.));
#3972 = PCURVE('',#1198,#3973);
#3973 = DEFINITIONAL_REPRESENTATION('',(#3974),#3978);
#3974 = LINE('',#3975,#3976);
#3975 = CARTESIAN_POINT('',(0.,0.));
#3976 = VECTOR('',#3977,1.);
#3977 = DIRECTION('',(1.,0.));
#3978 = ( GEOMETRIC_REPRESENTATION_CONTEXT(2) 
PARAMETRIC_REPRESENTATION_CONTEXT() REPRESENTATION_CONTEXT('2D SPACE',''
  ) );
#3979 = PCURVE('',#3878,#3980);
#3980 = DEFINITIONAL_REPRESENTATION('',(#3981),#3985);
#3981 = LINE('',#3982,#3983);
#3982 = CARTESIAN_POINT('',(0.6,-25.));
#3983 = VECTOR('',#3984,1.);
#3984 = DIRECTION('',(0.,1.));
#3985 = ( GEOMETRIC_REPRESENTATION_CONTEXT(2) 
PARAMETRIC_REPRESENTATION_CONTEXT() REPRESENTATION_CONTEXT('2D SPACE',''
  ) );
#3986 = ORIENTED_EDGE('',*,*,#3890,.T.);
#3987 = ORIENTED_EDGE('',*,*,#1185,.F.);
#3988 = ORIENTED_EDGE('',*,*,#3989,.F.);
#3989 = EDGE_CURVE('',#3965,#1157,#3990,.T.);
#3990 = SURFACE_CURVE('',#3991,(#3995,#4002),.PCURVE_S1.);
#3991 = LINE('',#3992,#3993);
#3992 = CARTESIAN_POINT('',(149.1,-96.5,-7.85));
#3993 = VECTOR('',#3994,1.);
#3994 = DIRECTION('',(0.,0.,1.));
#3995 = PCURVE('',#1198,#3996);
#3996 = DEFINITIONAL_REPRESENTATION('',(#3997),#4001);
#3997 = LINE('',#3998,#3999);
#3998 = CARTESIAN_POINT('',(49.5,0.));
#3999 = VECTOR('',#4000,1.);
#4000 = DIRECTION('',(0.,-1.));
#4001 = ( GEOMETRIC_REPRESENTATION_CONTEXT(2) 
PARAMETRIC_REPRESENTATION_CONTEXT() REPRESENTATION_CONTEXT('2D SPACE',''
  ) );
#4002 = PCURVE('',#1173,#4003);
#4003 = DEFINITIONAL_REPRESENTATION('',(#4004),#4008);
#4004 = LINE('',#4005,#4006);
#4005 = CARTESIAN_POINT('',(0.,0.));
#4006 = VECTOR('',#4007,1.);
#4007 = DIRECTION('',(0.,1.));
#4008 = ( GEOMETRIC_REPRESENTATION_CONTEXT(2) 
PARAMETRIC_REPRESENTATION_CONTEXT() REPRESENTATION_CONTEXT('2D SPACE',''
  ) );
#4009 = ADVANCED_FACE('',(#4010),#1063,.T.);
#4010 = FACE_BOUND('',#4011,.F.);
#4011 = EDGE_LOOP('',(#4012,#4013,#4041,#4062));
#4012 = ORIENTED_EDGE('',*,*,#3938,.F.);
#4013 = ORIENTED_EDGE('',*,*,#4014,.T.);
#4014 = EDGE_CURVE('',#3916,#4015,#4017,.T.);
#4015 = VERTEX_POINT('',#4016);
#4016 = CARTESIAN_POINT('',(147.9,-145.5,-7.85));
#4017 = SURFACE_CURVE('',#4018,(#4023,#4030),.PCURVE_S1.);
#4018 = CIRCLE('',#4019,0.5);
#4019 = AXIS2_PLACEMENT_3D('',#4020,#4021,#4022);
#4020 = CARTESIAN_POINT('',(148.4,-145.5,-7.85));
#4021 = DIRECTION('',(-0.,-0.,-1.));
#4022 = DIRECTION('',(0.,-1.,0.));
#4023 = PCURVE('',#1063,#4024);
#4024 = DEFINITIONAL_REPRESENTATION('',(#4025),#4029);
#4025 = LINE('',#4026,#4027);
#4026 = CARTESIAN_POINT('',(-0.,0.));
#4027 = VECTOR('',#4028,1.);
#4028 = DIRECTION('',(-1.,0.));
#4029 = ( GEOMETRIC_REPRESENTATION_CONTEXT(2) 
PARAMETRIC_REPRESENTATION_CONTEXT() REPRESENTATION_CONTEXT('2D SPACE',''
  ) );
#4030 = PCURVE('',#3878,#4031);
#4031 = DEFINITIONAL_REPRESENTATION('',(#4032),#4040);
#4032 = ( BOUNDED_CURVE() B_SPLINE_CURVE(2,(#4033,#4034,#4035,#4036,
#4037,#4038,#4039),.UNSPECIFIED.,.T.,.F.) B_SPLINE_CURVE_WITH_KNOTS((1,2
    ,2,2,2,1),(-2.094395102393,0.,2.094395102393,4.188790204786,
6.28318530718,8.377580409573),.UNSPECIFIED.) CURVE() 
GEOMETRIC_REPRESENTATION_ITEM() RATIONAL_B_SPLINE_CURVE((1.,0.5,1.,0.5,
1.,0.5,1.)) REPRESENTATION_ITEM('') );
#4033 = CARTESIAN_POINT('',(-9.999999999999E-02,-25.));
#4034 = CARTESIAN_POINT('',(-0.966025403784,-25.));
#4035 = CARTESIAN_POINT('',(-0.533012701892,-24.25));
#4036 = CARTESIAN_POINT('',(-9.999999999999E-02,-23.5));
#4037 = CARTESIAN_POINT('',(0.333012701892,-24.25));
#4038 = CARTESIAN_POINT('',(0.766025403784,-25.));
#4039 = CARTESIAN_POINT('',(-9.999999999999E-02,-25.));
#4040 = ( GEOMETRIC_REPRESENTATION_CONTEXT(2) 
PARAMETRIC_REPRESENTATION_CONTEXT() REPRESENTATION_CONTEXT('2D SPACE',''
  ) );
#4041 = ORIENTED_EDGE('',*,*,#4042,.T.);
#4042 = EDGE_CURVE('',#4015,#1047,#4043,.T.);
#4043 = SURFACE_CURVE('',#4044,(#4048,#4055),.PCURVE_S1.);
#4044 = LINE('',#4045,#4046);
#4045 = CARTESIAN_POINT('',(147.9,-145.5,-7.85));
#4046 = VECTOR('',#4047,1.);
#4047 = DIRECTION('',(0.,0.,1.));
#4048 = PCURVE('',#1063,#4049);
#4049 = DEFINITIONAL_REPRESENTATION('',(#4050),#4054);
#4050 = LINE('',#4051,#4052);
#4051 = CARTESIAN_POINT('',(-1.570796326795,0.));
#4052 = VECTOR('',#4053,1.);
#4053 = DIRECTION('',(-0.,1.));
#4054 = ( GEOMETRIC_REPRESENTATION_CONTEXT(2) 
PARAMETRIC_REPRESENTATION_CONTEXT() REPRESENTATION_CONTEXT('2D SPACE',''
  ) );
#4055 = PCURVE('',#1090,#4056);
#4056 = DEFINITIONAL_REPRESENTATION('',(#4057),#4061);
#4057 = LINE('',#4058,#4059);
#4058 = CARTESIAN_POINT('',(49.5,0.));
#4059 = VECTOR('',#4060,1.);
#4060 = DIRECTION('',(0.,-1.));
#4061 = ( GEOMETRIC_REPRESENTATION_CONTEXT(2) 
PARAMETRIC_REPRESENTATION_CONTEXT() REPRESENTATION_CONTEXT('2D SPACE',''
  ) );
#4062 = ORIENTED_EDGE('',*,*,#1046,.T.);
#4063 = ADVANCED_FACE('',(#4064),#1173,.T.);
#4064 = FACE_BOUND('',#4065,.T.);
#4065 = EDGE_LOOP('',(#4066,#4067,#4091,#4112));
#4066 = ORIENTED_EDGE('',*,*,#3989,.F.);
#4067 = ORIENTED_EDGE('',*,*,#4068,.T.);
#4068 = EDGE_CURVE('',#3965,#4069,#4071,.T.);
#4069 = VERTEX_POINT('',#4070);
#4070 = CARTESIAN_POINT('',(148.6,-96.,-7.85));
#4071 = SURFACE_CURVE('',#4072,(#4077,#4084),.PCURVE_S1.);
#4072 = CIRCLE('',#4073,0.5);
#4073 = AXIS2_PLACEMENT_3D('',#4074,#4075,#4076);
#4074 = CARTESIAN_POINT('',(148.6,-96.5,-7.85));
#4075 = DIRECTION('',(0.,0.,1.));
#4076 = DIRECTION('',(0.,-1.,0.));
#4077 = PCURVE('',#1173,#4078);
#4078 = DEFINITIONAL_REPRESENTATION('',(#4079),#4083);
#4079 = LINE('',#4080,#4081);
#4080 = CARTESIAN_POINT('',(-1.570796326795,0.));
#4081 = VECTOR('',#4082,1.);
#4082 = DIRECTION('',(1.,0.));
#4083 = ( GEOMETRIC_REPRESENTATION_CONTEXT(2) 
PARAMETRIC_REPRESENTATION_CONTEXT() REPRESENTATION_CONTEXT('2D SPACE',''
  ) );
#4084 = PCURVE('',#3878,#4085);
#4085 = DEFINITIONAL_REPRESENTATION('',(#4086),#4090);
#4086 = CIRCLE('',#4087,0.5);
#4087 = AXIS2_PLACEMENT_2D('',#4088,#4089);
#4088 = CARTESIAN_POINT('',(9.999999999999E-02,24.5));
#4089 = DIRECTION('',(0.,-1.));
#4090 = ( GEOMETRIC_REPRESENTATION_CONTEXT(2) 
PARAMETRIC_REPRESENTATION_CONTEXT() REPRESENTATION_CONTEXT('2D SPACE',''
  ) );
#4091 = ORIENTED_EDGE('',*,*,#4092,.T.);
#4092 = EDGE_CURVE('',#4069,#1131,#4093,.T.);
#4093 = SURFACE_CURVE('',#4094,(#4098,#4105),.PCURVE_S1.);
#4094 = LINE('',#4095,#4096);
#4095 = CARTESIAN_POINT('',(148.6,-96.,-7.85));
#4096 = VECTOR('',#4097,1.);
#4097 = DIRECTION('',(0.,0.,1.));
#4098 = PCURVE('',#1173,#4099);
#4099 = DEFINITIONAL_REPRESENTATION('',(#4100),#4104);
#4100 = LINE('',#4101,#4102);
#4101 = CARTESIAN_POINT('',(1.570796326795,0.));
#4102 = VECTOR('',#4103,1.);
#4103 = DIRECTION('',(0.,1.));
#4104 = ( GEOMETRIC_REPRESENTATION_CONTEXT(2) 
PARAMETRIC_REPRESENTATION_CONTEXT() REPRESENTATION_CONTEXT('2D SPACE',''
  ) );
#4105 = PCURVE('',#1145,#4106);
#4106 = DEFINITIONAL_REPRESENTATION('',(#4107),#4111);
#4107 = LINE('',#4108,#4109);
#4108 = CARTESIAN_POINT('',(0.5,0.));
#4109 = VECTOR('',#4110,1.);
#4110 = DIRECTION('',(0.,-1.));
#4111 = ( GEOMETRIC_REPRESENTATION_CONTEXT(2) 
PARAMETRIC_REPRESENTATION_CONTEXT() REPRESENTATION_CONTEXT('2D SPACE',''
  ) );
#4112 = ORIENTED_EDGE('',*,*,#1156,.F.);
#4113 = ADVANCED_FACE('',(#4114),#1090,.F.);
#4114 = FACE_BOUND('',#4115,.F.);
#4115 = EDGE_LOOP('',(#4116,#4139,#4160,#4161));
#4116 = ORIENTED_EDGE('',*,*,#4117,.F.);
#4117 = EDGE_CURVE('',#4118,#4015,#4120,.T.);
#4118 = VERTEX_POINT('',#4119);
#4119 = CARTESIAN_POINT('',(147.9,-96.5,-7.85));
#4120 = SURFACE_CURVE('',#4121,(#4125,#4132),.PCURVE_S1.);
#4121 = LINE('',#4122,#4123);
#4122 = CARTESIAN_POINT('',(147.9,-96.,-7.85));
#4123 = VECTOR('',#4124,1.);
#4124 = DIRECTION('',(0.,-1.,0.));
#4125 = PCURVE('',#1090,#4126);
#4126 = DEFINITIONAL_REPRESENTATION('',(#4127),#4131);
#4127 = LINE('',#4128,#4129);
#4128 = CARTESIAN_POINT('',(0.,0.));
#4129 = VECTOR('',#4130,1.);
#4130 = DIRECTION('',(1.,0.));
#4131 = ( GEOMETRIC_REPRESENTATION_CONTEXT(2) 
PARAMETRIC_REPRESENTATION_CONTEXT() REPRESENTATION_CONTEXT('2D SPACE',''
  ) );
#4132 = PCURVE('',#3878,#4133);
#4133 = DEFINITIONAL_REPRESENTATION('',(#4134),#4138);
#4134 = LINE('',#4135,#4136);
#4135 = CARTESIAN_POINT('',(-0.6,25.));
#4136 = VECTOR('',#4137,1.);
#4137 = DIRECTION('',(0.,-1.));
#4138 = ( GEOMETRIC_REPRESENTATION_CONTEXT(2) 
PARAMETRIC_REPRESENTATION_CONTEXT() REPRESENTATION_CONTEXT('2D SPACE',''
  ) );
#4139 = ORIENTED_EDGE('',*,*,#4140,.T.);
#4140 = EDGE_CURVE('',#4118,#1076,#4141,.T.);
#4141 = SURFACE_CURVE('',#4142,(#4146,#4153),.PCURVE_S1.);
#4142 = LINE('',#4143,#4144);
#4143 = CARTESIAN_POINT('',(147.9,-96.5,-7.85));
#4144 = VECTOR('',#4145,1.);
#4145 = DIRECTION('',(0.,0.,1.));
#4146 = PCURVE('',#1090,#4147);
#4147 = DEFINITIONAL_REPRESENTATION('',(#4148),#4152);
#4148 = LINE('',#4149,#4150);
#4149 = CARTESIAN_POINT('',(0.5,0.));
#4150 = VECTOR('',#4151,1.);
#4151 = DIRECTION('',(0.,-1.));
#4152 = ( GEOMETRIC_REPRESENTATION_CONTEXT(2) 
PARAMETRIC_REPRESENTATION_CONTEXT() REPRESENTATION_CONTEXT('2D SPACE',''
  ) );
#4153 = PCURVE('',#1118,#4154);
#4154 = DEFINITIONAL_REPRESENTATION('',(#4155),#4159);
#4155 = LINE('',#4156,#4157);
#4156 = CARTESIAN_POINT('',(1.570796326795,0.));
#4157 = VECTOR('',#4158,1.);
#4158 = DIRECTION('',(0.,1.));
#4159 = ( GEOMETRIC_REPRESENTATION_CONTEXT(2) 
PARAMETRIC_REPRESENTATION_CONTEXT() REPRESENTATION_CONTEXT('2D SPACE',''
  ) );
#4160 = ORIENTED_EDGE('',*,*,#1075,.F.);
#4161 = ORIENTED_EDGE('',*,*,#4042,.F.);
#4162 = ADVANCED_FACE('',(#4163),#1145,.F.);
#4163 = FACE_BOUND('',#4164,.F.);
#4164 = EDGE_LOOP('',(#4165,#4188,#4189,#4190));
#4165 = ORIENTED_EDGE('',*,*,#4166,.F.);
#4166 = EDGE_CURVE('',#4069,#4167,#4169,.T.);
#4167 = VERTEX_POINT('',#4168);
#4168 = CARTESIAN_POINT('',(148.4,-96.,-7.85));
#4169 = SURFACE_CURVE('',#4170,(#4174,#4181),.PCURVE_S1.);
#4170 = LINE('',#4171,#4172);
#4171 = CARTESIAN_POINT('',(149.1,-96.,-7.85));
#4172 = VECTOR('',#4173,1.);
#4173 = DIRECTION('',(-1.,0.,0.));
#4174 = PCURVE('',#1145,#4175);
#4175 = DEFINITIONAL_REPRESENTATION('',(#4176),#4180);
#4176 = LINE('',#4177,#4178);
#4177 = CARTESIAN_POINT('',(0.,-0.));
#4178 = VECTOR('',#4179,1.);
#4179 = DIRECTION('',(1.,0.));
#4180 = ( GEOMETRIC_REPRESENTATION_CONTEXT(2) 
PARAMETRIC_REPRESENTATION_CONTEXT() REPRESENTATION_CONTEXT('2D SPACE',''
  ) );
#4181 = PCURVE('',#3878,#4182);
#4182 = DEFINITIONAL_REPRESENTATION('',(#4183),#4187);
#4183 = LINE('',#4184,#4185);
#4184 = CARTESIAN_POINT('',(0.6,25.));
#4185 = VECTOR('',#4186,1.);
#4186 = DIRECTION('',(-1.,0.));
#4187 = ( GEOMETRIC_REPRESENTATION_CONTEXT(2) 
PARAMETRIC_REPRESENTATION_CONTEXT() REPRESENTATION_CONTEXT('2D SPACE',''
  ) );
#4188 = ORIENTED_EDGE('',*,*,#4092,.T.);
#4189 = ORIENTED_EDGE('',*,*,#1130,.F.);
#4190 = ORIENTED_EDGE('',*,*,#4191,.F.);
#4191 = EDGE_CURVE('',#4167,#1102,#4192,.T.);
#4192 = SURFACE_CURVE('',#4193,(#4197,#4204),.PCURVE_S1.);
#4193 = LINE('',#4194,#4195);
#4194 = CARTESIAN_POINT('',(148.4,-96.,-7.85));
#4195 = VECTOR('',#4196,1.);
#4196 = DIRECTION('',(0.,0.,1.));
#4197 = PCURVE('',#1145,#4198);
#4198 = DEFINITIONAL_REPRESENTATION('',(#4199),#4203);
#4199 = LINE('',#4200,#4201);
#4200 = CARTESIAN_POINT('',(0.7,0.));
#4201 = VECTOR('',#4202,1.);
#4202 = DIRECTION('',(0.,-1.));
#4203 = ( GEOMETRIC_REPRESENTATION_CONTEXT(2) 
PARAMETRIC_REPRESENTATION_CONTEXT() REPRESENTATION_CONTEXT('2D SPACE',''
  ) );
#4204 = PCURVE('',#1118,#4205);
#4205 = DEFINITIONAL_REPRESENTATION('',(#4206),#4210);
#4206 = LINE('',#4207,#4208);
#4207 = CARTESIAN_POINT('',(0.,0.));
#4208 = VECTOR('',#4209,1.);
#4209 = DIRECTION('',(0.,1.));
#4210 = ( GEOMETRIC_REPRESENTATION_CONTEXT(2) 
PARAMETRIC_REPRESENTATION_CONTEXT() REPRESENTATION_CONTEXT('2D SPACE',''
  ) );
#4211 = ADVANCED_FACE('',(#4212),#1118,.T.);
#4212 = FACE_BOUND('',#4213,.T.);
#4213 = EDGE_LOOP('',(#4214,#4215,#4237,#4238));
#4214 = ORIENTED_EDGE('',*,*,#4191,.F.);
#4215 = ORIENTED_EDGE('',*,*,#4216,.T.);
#4216 = EDGE_CURVE('',#4167,#4118,#4217,.T.);
#4217 = SURFACE_CURVE('',#4218,(#4223,#4230),.PCURVE_S1.);
#4218 = CIRCLE('',#4219,0.5);
#4219 = AXIS2_PLACEMENT_3D('',#4220,#4221,#4222);
#4220 = CARTESIAN_POINT('',(148.4,-96.5,-7.85));
#4221 = DIRECTION('',(0.,0.,1.));
#4222 = DIRECTION('',(0.,-1.,0.));
#4223 = PCURVE('',#1118,#4224);
#4224 = DEFINITIONAL_REPRESENTATION('',(#4225),#4229);
#4225 = LINE('',#4226,#4227);
#4226 = CARTESIAN_POINT('',(-3.14159265359,0.));
#4227 = VECTOR('',#4228,1.);
#4228 = DIRECTION('',(1.,0.));
#4229 = ( GEOMETRIC_REPRESENTATION_CONTEXT(2) 
PARAMETRIC_REPRESENTATION_CONTEXT() REPRESENTATION_CONTEXT('2D SPACE',''
  ) );
#4230 = PCURVE('',#3878,#4231);
#4231 = DEFINITIONAL_REPRESENTATION('',(#4232),#4236);
#4232 = CIRCLE('',#4233,0.5);
#4233 = AXIS2_PLACEMENT_2D('',#4234,#4235);
#4234 = CARTESIAN_POINT('',(-9.999999999999E-02,24.5));
#4235 = DIRECTION('',(0.,-1.));
#4236 = ( GEOMETRIC_REPRESENTATION_CONTEXT(2) 
PARAMETRIC_REPRESENTATION_CONTEXT() REPRESENTATION_CONTEXT('2D SPACE',''
  ) );
#4237 = ORIENTED_EDGE('',*,*,#4140,.T.);
#4238 = ORIENTED_EDGE('',*,*,#1101,.F.);
#4239 = ADVANCED_FACE('',(#4240),#1230,.T.);
#4240 = FACE_BOUND('',#4241,.T.);
#4241 = EDGE_LOOP('',(#4242,#4265,#4294,#4315));
#4242 = ORIENTED_EDGE('',*,*,#4243,.F.);
#4243 = EDGE_CURVE('',#4244,#1212,#4246,.T.);
#4244 = VERTEX_POINT('',#4245);
#4245 = CARTESIAN_POINT('',(152.6,-146.,-7.85));
#4246 = SURFACE_CURVE('',#4247,(#4251,#4258),.PCURVE_S1.);
#4247 = LINE('',#4248,#4249);
#4248 = CARTESIAN_POINT('',(152.6,-146.,-7.85));
#4249 = VECTOR('',#4250,1.);
#4250 = DIRECTION('',(0.,0.,1.));
#4251 = PCURVE('',#1230,#4252);
#4252 = DEFINITIONAL_REPRESENTATION('',(#4253),#4257);
#4253 = LINE('',#4254,#4255);
#4254 = CARTESIAN_POINT('',(0.,0.));
#4255 = VECTOR('',#4256,1.);
#4256 = DIRECTION('',(0.,1.));
#4257 = ( GEOMETRIC_REPRESENTATION_CONTEXT(2) 
PARAMETRIC_REPRESENTATION_CONTEXT() REPRESENTATION_CONTEXT('2D SPACE',''
  ) );
#4258 = PCURVE('',#1257,#4259);
#4259 = DEFINITIONAL_REPRESENTATION('',(#4260),#4264);
#4260 = LINE('',#4261,#4262);
#4261 = CARTESIAN_POINT('',(0.7,0.));
#4262 = VECTOR('',#4263,1.);
#4263 = DIRECTION('',(0.,-1.));
#4264 = ( GEOMETRIC_REPRESENTATION_CONTEXT(2) 
PARAMETRIC_REPRESENTATION_CONTEXT() REPRESENTATION_CONTEXT('2D SPACE',''
  ) );
#4265 = ORIENTED_EDGE('',*,*,#4266,.T.);
#4266 = EDGE_CURVE('',#4244,#4267,#4269,.T.);
#4267 = VERTEX_POINT('',#4268);
#4268 = CARTESIAN_POINT('',(153.1,-145.5,-7.85));
#4269 = SURFACE_CURVE('',#4270,(#4275,#4282),.PCURVE_S1.);
#4270 = CIRCLE('',#4271,0.5);
#4271 = AXIS2_PLACEMENT_3D('',#4272,#4273,#4274);
#4272 = CARTESIAN_POINT('',(152.6,-145.5,-7.85));
#4273 = DIRECTION('',(0.,0.,1.));
#4274 = DIRECTION('',(0.,-1.,0.));
#4275 = PCURVE('',#1230,#4276);
#4276 = DEFINITIONAL_REPRESENTATION('',(#4277),#4281);
#4277 = LINE('',#4278,#4279);
#4278 = CARTESIAN_POINT('',(0.,0.));
#4279 = VECTOR('',#4280,1.);
#4280 = DIRECTION('',(1.,0.));
#4281 = ( GEOMETRIC_REPRESENTATION_CONTEXT(2) 
PARAMETRIC_REPRESENTATION_CONTEXT() REPRESENTATION_CONTEXT('2D SPACE',''
  ) );
#4282 = PCURVE('',#4283,#4288);
#4283 = PLANE('',#4284);
#4284 = AXIS2_PLACEMENT_3D('',#4285,#4286,#4287);
#4285 = CARTESIAN_POINT('',(152.5,-121.,-7.85));
#4286 = DIRECTION('',(0.,0.,1.));
#4287 = DIRECTION('',(1.,0.,-0.));
#4288 = DEFINITIONAL_REPRESENTATION('',(#4289),#4293);
#4289 = CIRCLE('',#4290,0.5);
#4290 = AXIS2_PLACEMENT_2D('',#4291,#4292);
#4291 = CARTESIAN_POINT('',(9.999999999999E-02,-24.5));
#4292 = DIRECTION('',(0.,-1.));
#4293 = ( GEOMETRIC_REPRESENTATION_CONTEXT(2) 
PARAMETRIC_REPRESENTATION_CONTEXT() REPRESENTATION_CONTEXT('2D SPACE',''
  ) );
#4294 = ORIENTED_EDGE('',*,*,#4295,.T.);
#4295 = EDGE_CURVE('',#4267,#1214,#4296,.T.);
#4296 = SURFACE_CURVE('',#4297,(#4301,#4308),.PCURVE_S1.);
#4297 = LINE('',#4298,#4299);
#4298 = CARTESIAN_POINT('',(153.1,-145.5,-7.85));
#4299 = VECTOR('',#4300,1.);
#4300 = DIRECTION('',(0.,0.,1.));
#4301 = PCURVE('',#1230,#4302);
#4302 = DEFINITIONAL_REPRESENTATION('',(#4303),#4307);
#4303 = LINE('',#4304,#4305);
#4304 = CARTESIAN_POINT('',(1.570796326795,0.));
#4305 = VECTOR('',#4306,1.);
#4306 = DIRECTION('',(0.,1.));
#4307 = ( GEOMETRIC_REPRESENTATION_CONTEXT(2) 
PARAMETRIC_REPRESENTATION_CONTEXT() REPRESENTATION_CONTEXT('2D SPACE',''
  ) );
#4308 = PCURVE('',#1420,#4309);
#4309 = DEFINITIONAL_REPRESENTATION('',(#4310),#4314);
#4310 = LINE('',#4311,#4312);
#4311 = CARTESIAN_POINT('',(0.5,0.));
#4312 = VECTOR('',#4313,1.);
#4313 = DIRECTION('',(0.,-1.));
#4314 = ( GEOMETRIC_REPRESENTATION_CONTEXT(2) 
PARAMETRIC_REPRESENTATION_CONTEXT() REPRESENTATION_CONTEXT('2D SPACE',''
  ) );
#4315 = ORIENTED_EDGE('',*,*,#1211,.F.);
#4316 = ADVANCED_FACE('',(#4317),#1257,.F.);
#4317 = FACE_BOUND('',#4318,.F.);
#4318 = EDGE_LOOP('',(#4319,#4342,#4363,#4364));
#4319 = ORIENTED_EDGE('',*,*,#4320,.F.);
#4320 = EDGE_CURVE('',#4321,#4244,#4323,.T.);
#4321 = VERTEX_POINT('',#4322);
#4322 = CARTESIAN_POINT('',(152.4,-146.,-7.85));
#4323 = SURFACE_CURVE('',#4324,(#4328,#4335),.PCURVE_S1.);
#4324 = LINE('',#4325,#4326);
#4325 = CARTESIAN_POINT('',(151.9,-146.,-7.85));
#4326 = VECTOR('',#4327,1.);
#4327 = DIRECTION('',(1.,0.,0.));
#4328 = PCURVE('',#1257,#4329);
#4329 = DEFINITIONAL_REPRESENTATION('',(#4330),#4334);
#4330 = LINE('',#4331,#4332);
#4331 = CARTESIAN_POINT('',(0.,0.));
#4332 = VECTOR('',#4333,1.);
#4333 = DIRECTION('',(1.,0.));
#4334 = ( GEOMETRIC_REPRESENTATION_CONTEXT(2) 
PARAMETRIC_REPRESENTATION_CONTEXT() REPRESENTATION_CONTEXT('2D SPACE',''
  ) );
#4335 = PCURVE('',#4283,#4336);
#4336 = DEFINITIONAL_REPRESENTATION('',(#4337),#4341);
#4337 = LINE('',#4338,#4339);
#4338 = CARTESIAN_POINT('',(-0.6,-25.));
#4339 = VECTOR('',#4340,1.);
#4340 = DIRECTION('',(1.,0.));
#4341 = ( GEOMETRIC_REPRESENTATION_CONTEXT(2) 
PARAMETRIC_REPRESENTATION_CONTEXT() REPRESENTATION_CONTEXT('2D SPACE',''
  ) );
#4342 = ORIENTED_EDGE('',*,*,#4343,.T.);
#4343 = EDGE_CURVE('',#4321,#1243,#4344,.T.);
#4344 = SURFACE_CURVE('',#4345,(#4349,#4356),.PCURVE_S1.);
#4345 = LINE('',#4346,#4347);
#4346 = CARTESIAN_POINT('',(152.4,-146.,-7.85));
#4347 = VECTOR('',#4348,1.);
#4348 = DIRECTION('',(0.,0.,1.));
#4349 = PCURVE('',#1257,#4350);
#4350 = DEFINITIONAL_REPRESENTATION('',(#4351),#4355);
#4351 = LINE('',#4352,#4353);
#4352 = CARTESIAN_POINT('',(0.5,0.));
#4353 = VECTOR('',#4354,1.);
#4354 = DIRECTION('',(0.,-1.));
#4355 = ( GEOMETRIC_REPRESENTATION_CONTEXT(2) 
PARAMETRIC_REPRESENTATION_CONTEXT() REPRESENTATION_CONTEXT('2D SPACE',''
  ) );
#4356 = PCURVE('',#1285,#4357);
#4357 = DEFINITIONAL_REPRESENTATION('',(#4358),#4362);
#4358 = LINE('',#4359,#4360);
#4359 = CARTESIAN_POINT('',(-0.,0.));
#4360 = VECTOR('',#4361,1.);
#4361 = DIRECTION('',(-0.,1.));
#4362 = ( GEOMETRIC_REPRESENTATION_CONTEXT(2) 
PARAMETRIC_REPRESENTATION_CONTEXT() REPRESENTATION_CONTEXT('2D SPACE',''
  ) );
#4363 = ORIENTED_EDGE('',*,*,#1242,.F.);
#4364 = ORIENTED_EDGE('',*,*,#4243,.F.);
#4365 = ADVANCED_FACE('',(#4366),#1420,.F.);
#4366 = FACE_BOUND('',#4367,.F.);
#4367 = EDGE_LOOP('',(#4368,#4391,#4392,#4393));
#4368 = ORIENTED_EDGE('',*,*,#4369,.F.);
#4369 = EDGE_CURVE('',#4267,#4370,#4372,.T.);
#4370 = VERTEX_POINT('',#4371);
#4371 = CARTESIAN_POINT('',(153.1,-96.5,-7.85));
#4372 = SURFACE_CURVE('',#4373,(#4377,#4384),.PCURVE_S1.);
#4373 = LINE('',#4374,#4375);
#4374 = CARTESIAN_POINT('',(153.1,-146.,-7.85));
#4375 = VECTOR('',#4376,1.);
#4376 = DIRECTION('',(0.,1.,0.));
#4377 = PCURVE('',#1420,#4378);
#4378 = DEFINITIONAL_REPRESENTATION('',(#4379),#4383);
#4379 = LINE('',#4380,#4381);
#4380 = CARTESIAN_POINT('',(0.,0.));
#4381 = VECTOR('',#4382,1.);
#4382 = DIRECTION('',(1.,0.));
#4383 = ( GEOMETRIC_REPRESENTATION_CONTEXT(2) 
PARAMETRIC_REPRESENTATION_CONTEXT() REPRESENTATION_CONTEXT('2D SPACE',''
  ) );
#4384 = PCURVE('',#4283,#4385);
#4385 = DEFINITIONAL_REPRESENTATION('',(#4386),#4390);
#4386 = LINE('',#4387,#4388);
#4387 = CARTESIAN_POINT('',(0.6,-25.));
#4388 = VECTOR('',#4389,1.);
#4389 = DIRECTION('',(0.,1.));
#4390 = ( GEOMETRIC_REPRESENTATION_CONTEXT(2) 
PARAMETRIC_REPRESENTATION_CONTEXT() REPRESENTATION_CONTEXT('2D SPACE',''
  ) );
#4391 = ORIENTED_EDGE('',*,*,#4295,.T.);
#4392 = ORIENTED_EDGE('',*,*,#1407,.F.);
#4393 = ORIENTED_EDGE('',*,*,#4394,.F.);
#4394 = EDGE_CURVE('',#4370,#1379,#4395,.T.);
#4395 = SURFACE_CURVE('',#4396,(#4400,#4407),.PCURVE_S1.);
#4396 = LINE('',#4397,#4398);
#4397 = CARTESIAN_POINT('',(153.1,-96.5,-7.85));
#4398 = VECTOR('',#4399,1.);
#4399 = DIRECTION('',(0.,0.,1.));
#4400 = PCURVE('',#1420,#4401);
#4401 = DEFINITIONAL_REPRESENTATION('',(#4402),#4406);
#4402 = LINE('',#4403,#4404);
#4403 = CARTESIAN_POINT('',(49.5,0.));
#4404 = VECTOR('',#4405,1.);
#4405 = DIRECTION('',(0.,-1.));
#4406 = ( GEOMETRIC_REPRESENTATION_CONTEXT(2) 
PARAMETRIC_REPRESENTATION_CONTEXT() REPRESENTATION_CONTEXT('2D SPACE',''
  ) );
#4407 = PCURVE('',#1395,#4408);
#4408 = DEFINITIONAL_REPRESENTATION('',(#4409),#4413);
#4409 = LINE('',#4410,#4411);
#4410 = CARTESIAN_POINT('',(0.,0.));
#4411 = VECTOR('',#4412,1.);
#4412 = DIRECTION('',(0.,1.));
#4413 = ( GEOMETRIC_REPRESENTATION_CONTEXT(2) 
PARAMETRIC_REPRESENTATION_CONTEXT() REPRESENTATION_CONTEXT('2D SPACE',''
  ) );
#4414 = ADVANCED_FACE('',(#4415),#1285,.T.);
#4415 = FACE_BOUND('',#4416,.F.);
#4416 = EDGE_LOOP('',(#4417,#4418,#4446,#4467));
#4417 = ORIENTED_EDGE('',*,*,#4343,.F.);
#4418 = ORIENTED_EDGE('',*,*,#4419,.T.);
#4419 = EDGE_CURVE('',#4321,#4420,#4422,.T.);
#4420 = VERTEX_POINT('',#4421);
#4421 = CARTESIAN_POINT('',(151.9,-145.5,-7.85));
#4422 = SURFACE_CURVE('',#4423,(#4428,#4435),.PCURVE_S1.);
#4423 = CIRCLE('',#4424,0.5);
#4424 = AXIS2_PLACEMENT_3D('',#4425,#4426,#4427);
#4425 = CARTESIAN_POINT('',(152.4,-145.5,-7.85));
#4426 = DIRECTION('',(-0.,-0.,-1.));
#4427 = DIRECTION('',(0.,-1.,0.));
#4428 = PCURVE('',#1285,#4429);
#4429 = DEFINITIONAL_REPRESENTATION('',(#4430),#4434);
#4430 = LINE('',#4431,#4432);
#4431 = CARTESIAN_POINT('',(-0.,0.));
#4432 = VECTOR('',#4433,1.);
#4433 = DIRECTION('',(-1.,0.));
#4434 = ( GEOMETRIC_REPRESENTATION_CONTEXT(2) 
PARAMETRIC_REPRESENTATION_CONTEXT() REPRESENTATION_CONTEXT('2D SPACE',''
  ) );
#4435 = PCURVE('',#4283,#4436);
#4436 = DEFINITIONAL_REPRESENTATION('',(#4437),#4445);
#4437 = ( BOUNDED_CURVE() B_SPLINE_CURVE(2,(#4438,#4439,#4440,#4441,
#4442,#4443,#4444),.UNSPECIFIED.,.T.,.F.) B_SPLINE_CURVE_WITH_KNOTS((1,2
    ,2,2,2,1),(-2.094395102393,0.,2.094395102393,4.188790204786,
6.28318530718,8.377580409573),.UNSPECIFIED.) CURVE() 
GEOMETRIC_REPRESENTATION_ITEM() RATIONAL_B_SPLINE_CURVE((1.,0.5,1.,0.5,
1.,0.5,1.)) REPRESENTATION_ITEM('') );
#4438 = CARTESIAN_POINT('',(-9.999999999999E-02,-25.));
#4439 = CARTESIAN_POINT('',(-0.966025403784,-25.));
#4440 = CARTESIAN_POINT('',(-0.533012701892,-24.25));
#4441 = CARTESIAN_POINT('',(-9.999999999999E-02,-23.5));
#4442 = CARTESIAN_POINT('',(0.333012701892,-24.25));
#4443 = CARTESIAN_POINT('',(0.766025403784,-25.));
#4444 = CARTESIAN_POINT('',(-9.999999999999E-02,-25.));
#4445 = ( GEOMETRIC_REPRESENTATION_CONTEXT(2) 
PARAMETRIC_REPRESENTATION_CONTEXT() REPRESENTATION_CONTEXT('2D SPACE',''
  ) );
#4446 = ORIENTED_EDGE('',*,*,#4447,.T.);
#4447 = EDGE_CURVE('',#4420,#1269,#4448,.T.);
#4448 = SURFACE_CURVE('',#4449,(#4453,#4460),.PCURVE_S1.);
#4449 = LINE('',#4450,#4451);
#4450 = CARTESIAN_POINT('',(151.9,-145.5,-7.85));
#4451 = VECTOR('',#4452,1.);
#4452 = DIRECTION('',(0.,0.,1.));
#4453 = PCURVE('',#1285,#4454);
#4454 = DEFINITIONAL_REPRESENTATION('',(#4455),#4459);
#4455 = LINE('',#4456,#4457);
#4456 = CARTESIAN_POINT('',(-1.570796326795,0.));
#4457 = VECTOR('',#4458,1.);
#4458 = DIRECTION('',(-0.,1.));
#4459 = ( GEOMETRIC_REPRESENTATION_CONTEXT(2) 
PARAMETRIC_REPRESENTATION_CONTEXT() REPRESENTATION_CONTEXT('2D SPACE',''
  ) );
#4460 = PCURVE('',#1312,#4461);
#4461 = DEFINITIONAL_REPRESENTATION('',(#4462),#4466);
#4462 = LINE('',#4463,#4464);
#4463 = CARTESIAN_POINT('',(49.5,0.));
#4464 = VECTOR('',#4465,1.);
#4465 = DIRECTION('',(0.,-1.));
#4466 = ( GEOMETRIC_REPRESENTATION_CONTEXT(2) 
PARAMETRIC_REPRESENTATION_CONTEXT() REPRESENTATION_CONTEXT('2D SPACE',''
  ) );
#4467 = ORIENTED_EDGE('',*,*,#1268,.T.);
#4468 = ADVANCED_FACE('',(#4469),#1395,.T.);
#4469 = FACE_BOUND('',#4470,.T.);
#4470 = EDGE_LOOP('',(#4471,#4472,#4496,#4517));
#4471 = ORIENTED_EDGE('',*,*,#4394,.F.);
#4472 = ORIENTED_EDGE('',*,*,#4473,.T.);
#4473 = EDGE_CURVE('',#4370,#4474,#4476,.T.);
#4474 = VERTEX_POINT('',#4475);
#4475 = CARTESIAN_POINT('',(152.6,-96.,-7.85));
#4476 = SURFACE_CURVE('',#4477,(#4482,#4489),.PCURVE_S1.);
#4477 = CIRCLE('',#4478,0.5);
#4478 = AXIS2_PLACEMENT_3D('',#4479,#4480,#4481);
#4479 = CARTESIAN_POINT('',(152.6,-96.5,-7.85));
#4480 = DIRECTION('',(0.,0.,1.));
#4481 = DIRECTION('',(0.,-1.,0.));
#4482 = PCURVE('',#1395,#4483);
#4483 = DEFINITIONAL_REPRESENTATION('',(#4484),#4488);
#4484 = LINE('',#4485,#4486);
#4485 = CARTESIAN_POINT('',(-1.570796326795,0.));
#4486 = VECTOR('',#4487,1.);
#4487 = DIRECTION('',(1.,0.));
#4488 = ( GEOMETRIC_REPRESENTATION_CONTEXT(2) 
PARAMETRIC_REPRESENTATION_CONTEXT() REPRESENTATION_CONTEXT('2D SPACE',''
  ) );
#4489 = PCURVE('',#4283,#4490);
#4490 = DEFINITIONAL_REPRESENTATION('',(#4491),#4495);
#4491 = CIRCLE('',#4492,0.5);
#4492 = AXIS2_PLACEMENT_2D('',#4493,#4494);
#4493 = CARTESIAN_POINT('',(9.999999999999E-02,24.5));
#4494 = DIRECTION('',(0.,-1.));
#4495 = ( GEOMETRIC_REPRESENTATION_CONTEXT(2) 
PARAMETRIC_REPRESENTATION_CONTEXT() REPRESENTATION_CONTEXT('2D SPACE',''
  ) );
#4496 = ORIENTED_EDGE('',*,*,#4497,.T.);
#4497 = EDGE_CURVE('',#4474,#1353,#4498,.T.);
#4498 = SURFACE_CURVE('',#4499,(#4503,#4510),.PCURVE_S1.);
#4499 = LINE('',#4500,#4501);
#4500 = CARTESIAN_POINT('',(152.6,-96.,-7.85));
#4501 = VECTOR('',#4502,1.);
#4502 = DIRECTION('',(0.,0.,1.));
#4503 = PCURVE('',#1395,#4504);
#4504 = DEFINITIONAL_REPRESENTATION('',(#4505),#4509);
#4505 = LINE('',#4506,#4507);
#4506 = CARTESIAN_POINT('',(1.570796326795,0.));
#4507 = VECTOR('',#4508,1.);
#4508 = DIRECTION('',(0.,1.));
#4509 = ( GEOMETRIC_REPRESENTATION_CONTEXT(2) 
PARAMETRIC_REPRESENTATION_CONTEXT() REPRESENTATION_CONTEXT('2D SPACE',''
  ) );
#4510 = PCURVE('',#1367,#4511);
#4511 = DEFINITIONAL_REPRESENTATION('',(#4512),#4516);
#4512 = LINE('',#4513,#4514);
#4513 = CARTESIAN_POINT('',(0.5,0.));
#4514 = VECTOR('',#4515,1.);
#4515 = DIRECTION('',(0.,-1.));
#4516 = ( GEOMETRIC_REPRESENTATION_CONTEXT(2) 
PARAMETRIC_REPRESENTATION_CONTEXT() REPRESENTATION_CONTEXT('2D SPACE',''
  ) );
#4517 = ORIENTED_EDGE('',*,*,#1378,.F.);
#4518 = ADVANCED_FACE('',(#4519),#1312,.F.);
#4519 = FACE_BOUND('',#4520,.F.);
#4520 = EDGE_LOOP('',(#4521,#4544,#4565,#4566));
#4521 = ORIENTED_EDGE('',*,*,#4522,.F.);
#4522 = EDGE_CURVE('',#4523,#4420,#4525,.T.);
#4523 = VERTEX_POINT('',#4524);
#4524 = CARTESIAN_POINT('',(151.9,-96.5,-7.85));
#4525 = SURFACE_CURVE('',#4526,(#4530,#4537),.PCURVE_S1.);
#4526 = LINE('',#4527,#4528);
#4527 = CARTESIAN_POINT('',(151.9,-96.,-7.85));
#4528 = VECTOR('',#4529,1.);
#4529 = DIRECTION('',(0.,-1.,0.));
#4530 = PCURVE('',#1312,#4531);
#4531 = DEFINITIONAL_REPRESENTATION('',(#4532),#4536);
#4532 = LINE('',#4533,#4534);
#4533 = CARTESIAN_POINT('',(0.,0.));
#4534 = VECTOR('',#4535,1.);
#4535 = DIRECTION('',(1.,0.));
#4536 = ( GEOMETRIC_REPRESENTATION_CONTEXT(2) 
PARAMETRIC_REPRESENTATION_CONTEXT() REPRESENTATION_CONTEXT('2D SPACE',''
  ) );
#4537 = PCURVE('',#4283,#4538);
#4538 = DEFINITIONAL_REPRESENTATION('',(#4539),#4543);
#4539 = LINE('',#4540,#4541);
#4540 = CARTESIAN_POINT('',(-0.6,25.));
#4541 = VECTOR('',#4542,1.);
#4542 = DIRECTION('',(0.,-1.));
#4543 = ( GEOMETRIC_REPRESENTATION_CONTEXT(2) 
PARAMETRIC_REPRESENTATION_CONTEXT() REPRESENTATION_CONTEXT('2D SPACE',''
  ) );
#4544 = ORIENTED_EDGE('',*,*,#4545,.T.);
#4545 = EDGE_CURVE('',#4523,#1298,#4546,.T.);
#4546 = SURFACE_CURVE('',#4547,(#4551,#4558),.PCURVE_S1.);
#4547 = LINE('',#4548,#4549);
#4548 = CARTESIAN_POINT('',(151.9,-96.5,-7.85));
#4549 = VECTOR('',#4550,1.);
#4550 = DIRECTION('',(0.,0.,1.));
#4551 = PCURVE('',#1312,#4552);
#4552 = DEFINITIONAL_REPRESENTATION('',(#4553),#4557);
#4553 = LINE('',#4554,#4555);
#4554 = CARTESIAN_POINT('',(0.5,0.));
#4555 = VECTOR('',#4556,1.);
#4556 = DIRECTION('',(0.,-1.));
#4557 = ( GEOMETRIC_REPRESENTATION_CONTEXT(2) 
PARAMETRIC_REPRESENTATION_CONTEXT() REPRESENTATION_CONTEXT('2D SPACE',''
  ) );
#4558 = PCURVE('',#1340,#4559);
#4559 = DEFINITIONAL_REPRESENTATION('',(#4560),#4564);
#4560 = LINE('',#4561,#4562);
#4561 = CARTESIAN_POINT('',(1.570796326795,0.));
#4562 = VECTOR('',#4563,1.);
#4563 = DIRECTION('',(0.,1.));
#4564 = ( GEOMETRIC_REPRESENTATION_CONTEXT(2) 
PARAMETRIC_REPRESENTATION_CONTEXT() REPRESENTATION_CONTEXT('2D SPACE',''
  ) );
#4565 = ORIENTED_EDGE('',*,*,#1297,.F.);
#4566 = ORIENTED_EDGE('',*,*,#4447,.F.);
#4567 = ADVANCED_FACE('',(#4568),#1367,.F.);
#4568 = FACE_BOUND('',#4569,.F.);
#4569 = EDGE_LOOP('',(#4570,#4593,#4594,#4595));
#4570 = ORIENTED_EDGE('',*,*,#4571,.F.);
#4571 = EDGE_CURVE('',#4474,#4572,#4574,.T.);
#4572 = VERTEX_POINT('',#4573);
#4573 = CARTESIAN_POINT('',(152.4,-96.,-7.85));
#4574 = SURFACE_CURVE('',#4575,(#4579,#4586),.PCURVE_S1.);
#4575 = LINE('',#4576,#4577);
#4576 = CARTESIAN_POINT('',(153.1,-96.,-7.85));
#4577 = VECTOR('',#4578,1.);
#4578 = DIRECTION('',(-1.,0.,0.));
#4579 = PCURVE('',#1367,#4580);
#4580 = DEFINITIONAL_REPRESENTATION('',(#4581),#4585);
#4581 = LINE('',#4582,#4583);
#4582 = CARTESIAN_POINT('',(0.,-0.));
#4583 = VECTOR('',#4584,1.);
#4584 = DIRECTION('',(1.,0.));
#4585 = ( GEOMETRIC_REPRESENTATION_CONTEXT(2) 
PARAMETRIC_REPRESENTATION_CONTEXT() REPRESENTATION_CONTEXT('2D SPACE',''
  ) );
#4586 = PCURVE('',#4283,#4587);
#4587 = DEFINITIONAL_REPRESENTATION('',(#4588),#4592);
#4588 = LINE('',#4589,#4590);
#4589 = CARTESIAN_POINT('',(0.6,25.));
#4590 = VECTOR('',#4591,1.);
#4591 = DIRECTION('',(-1.,0.));
#4592 = ( GEOMETRIC_REPRESENTATION_CONTEXT(2) 
PARAMETRIC_REPRESENTATION_CONTEXT() REPRESENTATION_CONTEXT('2D SPACE',''
  ) );
#4593 = ORIENTED_EDGE('',*,*,#4497,.T.);
#4594 = ORIENTED_EDGE('',*,*,#1352,.F.);
#4595 = ORIENTED_EDGE('',*,*,#4596,.F.);
#4596 = EDGE_CURVE('',#4572,#1324,#4597,.T.);
#4597 = SURFACE_CURVE('',#4598,(#4602,#4609),.PCURVE_S1.);
#4598 = LINE('',#4599,#4600);
#4599 = CARTESIAN_POINT('',(152.4,-96.,-7.85));
#4600 = VECTOR('',#4601,1.);
#4601 = DIRECTION('',(0.,0.,1.));
#4602 = PCURVE('',#1367,#4603);
#4603 = DEFINITIONAL_REPRESENTATION('',(#4604),#4608);
#4604 = LINE('',#4605,#4606);
#4605 = CARTESIAN_POINT('',(0.7,0.));
#4606 = VECTOR('',#4607,1.);
#4607 = DIRECTION('',(0.,-1.));
#4608 = ( GEOMETRIC_REPRESENTATION_CONTEXT(2) 
PARAMETRIC_REPRESENTATION_CONTEXT() REPRESENTATION_CONTEXT('2D SPACE',''
  ) );
#4609 = PCURVE('',#1340,#4610);
#4610 = DEFINITIONAL_REPRESENTATION('',(#4611),#4615);
#4611 = LINE('',#4612,#4613);
#4612 = CARTESIAN_POINT('',(0.,0.));
#4613 = VECTOR('',#4614,1.);
#4614 = DIRECTION('',(0.,1.));
#4615 = ( GEOMETRIC_REPRESENTATION_CONTEXT(2) 
PARAMETRIC_REPRESENTATION_CONTEXT() REPRESENTATION_CONTEXT('2D SPACE',''
  ) );
#4616 = ADVANCED_FACE('',(#4617),#1340,.T.);
#4617 = FACE_BOUND('',#4618,.T.);
#4618 = EDGE_LOOP('',(#4619,#4620,#4642,#4643));
#4619 = ORIENTED_EDGE('',*,*,#4596,.F.);
#4620 = ORIENTED_EDGE('',*,*,#4621,.T.);
#4621 = EDGE_CURVE('',#4572,#4523,#4622,.T.);
#4622 = SURFACE_CURVE('',#4623,(#4628,#4635),.PCURVE_S1.);
#4623 = CIRCLE('',#4624,0.5);
#4624 = AXIS2_PLACEMENT_3D('',#4625,#4626,#4627);
#4625 = CARTESIAN_POINT('',(152.4,-96.5,-7.85));
#4626 = DIRECTION('',(0.,0.,1.));
#4627 = DIRECTION('',(0.,-1.,0.));
#4628 = PCURVE('',#1340,#4629);
#4629 = DEFINITIONAL_REPRESENTATION('',(#4630),#4634);
#4630 = LINE('',#4631,#4632);
#4631 = CARTESIAN_POINT('',(-3.14159265359,0.));
#4632 = VECTOR('',#4633,1.);
#4633 = DIRECTION('',(1.,0.));
#4634 = ( GEOMETRIC_REPRESENTATION_CONTEXT(2) 
PARAMETRIC_REPRESENTATION_CONTEXT() REPRESENTATION_CONTEXT('2D SPACE',''
  ) );
#4635 = PCURVE('',#4283,#4636);
#4636 = DEFINITIONAL_REPRESENTATION('',(#4637),#4641);
#4637 = CIRCLE('',#4638,0.5);
#4638 = AXIS2_PLACEMENT_2D('',#4639,#4640);
#4639 = CARTESIAN_POINT('',(-9.999999999999E-02,24.5));
#4640 = DIRECTION('',(0.,-1.));
#4641 = ( GEOMETRIC_REPRESENTATION_CONTEXT(2) 
PARAMETRIC_REPRESENTATION_CONTEXT() REPRESENTATION_CONTEXT('2D SPACE',''
  ) );
#4642 = ORIENTED_EDGE('',*,*,#4545,.T.);
#4643 = ORIENTED_EDGE('',*,*,#1323,.F.);
#4644 = ADVANCED_FACE('',(#4645),#1452,.T.);
#4645 = FACE_BOUND('',#4646,.T.);
#4646 = EDGE_LOOP('',(#4647,#4670,#4699,#4720));
#4647 = ORIENTED_EDGE('',*,*,#4648,.F.);
#4648 = EDGE_CURVE('',#4649,#1434,#4651,.T.);
#4649 = VERTEX_POINT('',#4650);
#4650 = CARTESIAN_POINT('',(156.6,-146.,-7.85));
#4651 = SURFACE_CURVE('',#4652,(#4656,#4663),.PCURVE_S1.);
#4652 = LINE('',#4653,#4654);
#4653 = CARTESIAN_POINT('',(156.6,-146.,-7.85));
#4654 = VECTOR('',#4655,1.);
#4655 = DIRECTION('',(0.,0.,1.));
#4656 = PCURVE('',#1452,#4657);
#4657 = DEFINITIONAL_REPRESENTATION('',(#4658),#4662);
#4658 = LINE('',#4659,#4660);
#4659 = CARTESIAN_POINT('',(0.,0.));
#4660 = VECTOR('',#4661,1.);
#4661 = DIRECTION('',(0.,1.));
#4662 = ( GEOMETRIC_REPRESENTATION_CONTEXT(2) 
PARAMETRIC_REPRESENTATION_CONTEXT() REPRESENTATION_CONTEXT('2D SPACE',''
  ) );
#4663 = PCURVE('',#1479,#4664);
#4664 = DEFINITIONAL_REPRESENTATION('',(#4665),#4669);
#4665 = LINE('',#4666,#4667);
#4666 = CARTESIAN_POINT('',(0.7,0.));
#4667 = VECTOR('',#4668,1.);
#4668 = DIRECTION('',(0.,-1.));
#4669 = ( GEOMETRIC_REPRESENTATION_CONTEXT(2) 
PARAMETRIC_REPRESENTATION_CONTEXT() REPRESENTATION_CONTEXT('2D SPACE',''
  ) );
#4670 = ORIENTED_EDGE('',*,*,#4671,.T.);
#4671 = EDGE_CURVE('',#4649,#4672,#4674,.T.);
#4672 = VERTEX_POINT('',#4673);
#4673 = CARTESIAN_POINT('',(157.1,-145.5,-7.85));
#4674 = SURFACE_CURVE('',#4675,(#4680,#4687),.PCURVE_S1.);
#4675 = CIRCLE('',#4676,0.5);
#4676 = AXIS2_PLACEMENT_3D('',#4677,#4678,#4679);
#4677 = CARTESIAN_POINT('',(156.6,-145.5,-7.85));
#4678 = DIRECTION('',(0.,0.,1.));
#4679 = DIRECTION('',(0.,-1.,0.));
#4680 = PCURVE('',#1452,#4681);
#4681 = DEFINITIONAL_REPRESENTATION('',(#4682),#4686);
#4682 = LINE('',#4683,#4684);
#4683 = CARTESIAN_POINT('',(0.,0.));
#4684 = VECTOR('',#4685,1.);
#4685 = DIRECTION('',(1.,0.));
#4686 = ( GEOMETRIC_REPRESENTATION_CONTEXT(2) 
PARAMETRIC_REPRESENTATION_CONTEXT() REPRESENTATION_CONTEXT('2D SPACE',''
  ) );
#4687 = PCURVE('',#4688,#4693);
#4688 = PLANE('',#4689);
#4689 = AXIS2_PLACEMENT_3D('',#4690,#4691,#4692);
#4690 = CARTESIAN_POINT('',(156.5,-121.,-7.85));
#4691 = DIRECTION('',(0.,0.,1.));
#4692 = DIRECTION('',(1.,0.,-0.));
#4693 = DEFINITIONAL_REPRESENTATION('',(#4694),#4698);
#4694 = CIRCLE('',#4695,0.5);
#4695 = AXIS2_PLACEMENT_2D('',#4696,#4697);
#4696 = CARTESIAN_POINT('',(9.999999999999E-02,-24.5));
#4697 = DIRECTION('',(0.,-1.));
#4698 = ( GEOMETRIC_REPRESENTATION_CONTEXT(2) 
PARAMETRIC_REPRESENTATION_CONTEXT() REPRESENTATION_CONTEXT('2D SPACE',''
  ) );
#4699 = ORIENTED_EDGE('',*,*,#4700,.T.);
#4700 = EDGE_CURVE('',#4672,#1436,#4701,.T.);
#4701 = SURFACE_CURVE('',#4702,(#4706,#4713),.PCURVE_S1.);
#4702 = LINE('',#4703,#4704);
#4703 = CARTESIAN_POINT('',(157.1,-145.5,-7.85));
#4704 = VECTOR('',#4705,1.);
#4705 = DIRECTION('',(0.,0.,1.));
#4706 = PCURVE('',#1452,#4707);
#4707 = DEFINITIONAL_REPRESENTATION('',(#4708),#4712);
#4708 = LINE('',#4709,#4710);
#4709 = CARTESIAN_POINT('',(1.570796326795,0.));
#4710 = VECTOR('',#4711,1.);
#4711 = DIRECTION('',(0.,1.));
#4712 = ( GEOMETRIC_REPRESENTATION_CONTEXT(2) 
PARAMETRIC_REPRESENTATION_CONTEXT() REPRESENTATION_CONTEXT('2D SPACE',''
  ) );
#4713 = PCURVE('',#1642,#4714);
#4714 = DEFINITIONAL_REPRESENTATION('',(#4715),#4719);
#4715 = LINE('',#4716,#4717);
#4716 = CARTESIAN_POINT('',(0.5,0.));
#4717 = VECTOR('',#4718,1.);
#4718 = DIRECTION('',(0.,-1.));
#4719 = ( GEOMETRIC_REPRESENTATION_CONTEXT(2) 
PARAMETRIC_REPRESENTATION_CONTEXT() REPRESENTATION_CONTEXT('2D SPACE',''
  ) );
#4720 = ORIENTED_EDGE('',*,*,#1433,.F.);
#4721 = ADVANCED_FACE('',(#4722),#1642,.F.);
#4722 = FACE_BOUND('',#4723,.F.);
#4723 = EDGE_LOOP('',(#4724,#4747,#4748,#4749));
#4724 = ORIENTED_EDGE('',*,*,#4725,.F.);
#4725 = EDGE_CURVE('',#4672,#4726,#4728,.T.);
#4726 = VERTEX_POINT('',#4727);
#4727 = CARTESIAN_POINT('',(157.1,-96.5,-7.85));
#4728 = SURFACE_CURVE('',#4729,(#4733,#4740),.PCURVE_S1.);
#4729 = LINE('',#4730,#4731);
#4730 = CARTESIAN_POINT('',(157.1,-146.,-7.85));
#4731 = VECTOR('',#4732,1.);
#4732 = DIRECTION('',(0.,1.,0.));
#4733 = PCURVE('',#1642,#4734);
#4734 = DEFINITIONAL_REPRESENTATION('',(#4735),#4739);
#4735 = LINE('',#4736,#4737);
#4736 = CARTESIAN_POINT('',(0.,0.));
#4737 = VECTOR('',#4738,1.);
#4738 = DIRECTION('',(1.,0.));
#4739 = ( GEOMETRIC_REPRESENTATION_CONTEXT(2) 
PARAMETRIC_REPRESENTATION_CONTEXT() REPRESENTATION_CONTEXT('2D SPACE',''
  ) );
#4740 = PCURVE('',#4688,#4741);
#4741 = DEFINITIONAL_REPRESENTATION('',(#4742),#4746);
#4742 = LINE('',#4743,#4744);
#4743 = CARTESIAN_POINT('',(0.6,-25.));
#4744 = VECTOR('',#4745,1.);
#4745 = DIRECTION('',(0.,1.));
#4746 = ( GEOMETRIC_REPRESENTATION_CONTEXT(2) 
PARAMETRIC_REPRESENTATION_CONTEXT() REPRESENTATION_CONTEXT('2D SPACE',''
  ) );
#4747 = ORIENTED_EDGE('',*,*,#4700,.T.);
#4748 = ORIENTED_EDGE('',*,*,#1629,.F.);
#4749 = ORIENTED_EDGE('',*,*,#4750,.F.);
#4750 = EDGE_CURVE('',#4726,#1601,#4751,.T.);
#4751 = SURFACE_CURVE('',#4752,(#4756,#4763),.PCURVE_S1.);
#4752 = LINE('',#4753,#4754);
#4753 = CARTESIAN_POINT('',(157.1,-96.5,-7.85));
#4754 = VECTOR('',#4755,1.);
#4755 = DIRECTION('',(0.,0.,1.));
#4756 = PCURVE('',#1642,#4757);
#4757 = DEFINITIONAL_REPRESENTATION('',(#4758),#4762);
#4758 = LINE('',#4759,#4760);
#4759 = CARTESIAN_POINT('',(49.5,0.));
#4760 = VECTOR('',#4761,1.);
#4761 = DIRECTION('',(0.,-1.));
#4762 = ( GEOMETRIC_REPRESENTATION_CONTEXT(2) 
PARAMETRIC_REPRESENTATION_CONTEXT() REPRESENTATION_CONTEXT('2D SPACE',''
  ) );
#4763 = PCURVE('',#1617,#4764);
#4764 = DEFINITIONAL_REPRESENTATION('',(#4765),#4769);
#4765 = LINE('',#4766,#4767);
#4766 = CARTESIAN_POINT('',(0.,0.));
#4767 = VECTOR('',#4768,1.);
#4768 = DIRECTION('',(0.,1.));
#4769 = ( GEOMETRIC_REPRESENTATION_CONTEXT(2) 
PARAMETRIC_REPRESENTATION_CONTEXT() REPRESENTATION_CONTEXT('2D SPACE',''
  ) );
#4770 = ADVANCED_FACE('',(#4771),#1617,.T.);
#4771 = FACE_BOUND('',#4772,.T.);
#4772 = EDGE_LOOP('',(#4773,#4774,#4798,#4819));
#4773 = ORIENTED_EDGE('',*,*,#4750,.F.);
#4774 = ORIENTED_EDGE('',*,*,#4775,.T.);
#4775 = EDGE_CURVE('',#4726,#4776,#4778,.T.);
#4776 = VERTEX_POINT('',#4777);
#4777 = CARTESIAN_POINT('',(156.6,-96.,-7.85));
#4778 = SURFACE_CURVE('',#4779,(#4784,#4791),.PCURVE_S1.);
#4779 = CIRCLE('',#4780,0.5);
#4780 = AXIS2_PLACEMENT_3D('',#4781,#4782,#4783);
#4781 = CARTESIAN_POINT('',(156.6,-96.5,-7.85));
#4782 = DIRECTION('',(0.,0.,1.));
#4783 = DIRECTION('',(0.,-1.,0.));
#4784 = PCURVE('',#1617,#4785);
#4785 = DEFINITIONAL_REPRESENTATION('',(#4786),#4790);
#4786 = LINE('',#4787,#4788);
#4787 = CARTESIAN_POINT('',(-1.570796326795,0.));
#4788 = VECTOR('',#4789,1.);
#4789 = DIRECTION('',(1.,0.));
#4790 = ( GEOMETRIC_REPRESENTATION_CONTEXT(2) 
PARAMETRIC_REPRESENTATION_CONTEXT() REPRESENTATION_CONTEXT('2D SPACE',''
  ) );
#4791 = PCURVE('',#4688,#4792);
#4792 = DEFINITIONAL_REPRESENTATION('',(#4793),#4797);
#4793 = CIRCLE('',#4794,0.5);
#4794 = AXIS2_PLACEMENT_2D('',#4795,#4796);
#4795 = CARTESIAN_POINT('',(9.999999999999E-02,24.5));
#4796 = DIRECTION('',(0.,-1.));
#4797 = ( GEOMETRIC_REPRESENTATION_CONTEXT(2) 
PARAMETRIC_REPRESENTATION_CONTEXT() REPRESENTATION_CONTEXT('2D SPACE',''
  ) );
#4798 = ORIENTED_EDGE('',*,*,#4799,.T.);
#4799 = EDGE_CURVE('',#4776,#1575,#4800,.T.);
#4800 = SURFACE_CURVE('',#4801,(#4805,#4812),.PCURVE_S1.);
#4801 = LINE('',#4802,#4803);
#4802 = CARTESIAN_POINT('',(156.6,-96.,-7.85));
#4803 = VECTOR('',#4804,1.);
#4804 = DIRECTION('',(0.,0.,1.));
#4805 = PCURVE('',#1617,#4806);
#4806 = DEFINITIONAL_REPRESENTATION('',(#4807),#4811);
#4807 = LINE('',#4808,#4809);
#4808 = CARTESIAN_POINT('',(1.570796326795,0.));
#4809 = VECTOR('',#4810,1.);
#4810 = DIRECTION('',(0.,1.));
#4811 = ( GEOMETRIC_REPRESENTATION_CONTEXT(2) 
PARAMETRIC_REPRESENTATION_CONTEXT() REPRESENTATION_CONTEXT('2D SPACE',''
  ) );
#4812 = PCURVE('',#1589,#4813);
#4813 = DEFINITIONAL_REPRESENTATION('',(#4814),#4818);
#4814 = LINE('',#4815,#4816);
#4815 = CARTESIAN_POINT('',(0.5,0.));
#4816 = VECTOR('',#4817,1.);
#4817 = DIRECTION('',(0.,-1.));
#4818 = ( GEOMETRIC_REPRESENTATION_CONTEXT(2) 
PARAMETRIC_REPRESENTATION_CONTEXT() REPRESENTATION_CONTEXT('2D SPACE',''
  ) );
#4819 = ORIENTED_EDGE('',*,*,#1600,.F.);
#4820 = ADVANCED_FACE('',(#4821),#1589,.F.);
#4821 = FACE_BOUND('',#4822,.F.);
#4822 = EDGE_LOOP('',(#4823,#4846,#4847,#4848));
#4823 = ORIENTED_EDGE('',*,*,#4824,.F.);
#4824 = EDGE_CURVE('',#4776,#4825,#4827,.T.);
#4825 = VERTEX_POINT('',#4826);
#4826 = CARTESIAN_POINT('',(156.4,-96.,-7.85));
#4827 = SURFACE_CURVE('',#4828,(#4832,#4839),.PCURVE_S1.);
#4828 = LINE('',#4829,#4830);
#4829 = CARTESIAN_POINT('',(157.1,-96.,-7.85));
#4830 = VECTOR('',#4831,1.);
#4831 = DIRECTION('',(-1.,0.,0.));
#4832 = PCURVE('',#1589,#4833);
#4833 = DEFINITIONAL_REPRESENTATION('',(#4834),#4838);
#4834 = LINE('',#4835,#4836);
#4835 = CARTESIAN_POINT('',(0.,-0.));
#4836 = VECTOR('',#4837,1.);
#4837 = DIRECTION('',(1.,0.));
#4838 = ( GEOMETRIC_REPRESENTATION_CONTEXT(2) 
PARAMETRIC_REPRESENTATION_CONTEXT() REPRESENTATION_CONTEXT('2D SPACE',''
  ) );
#4839 = PCURVE('',#4688,#4840);
#4840 = DEFINITIONAL_REPRESENTATION('',(#4841),#4845);
#4841 = LINE('',#4842,#4843);
#4842 = CARTESIAN_POINT('',(0.6,25.));
#4843 = VECTOR('',#4844,1.);
#4844 = DIRECTION('',(-1.,0.));
#4845 = ( GEOMETRIC_REPRESENTATION_CONTEXT(2) 
PARAMETRIC_REPRESENTATION_CONTEXT() REPRESENTATION_CONTEXT('2D SPACE',''
  ) );
#4846 = ORIENTED_EDGE('',*,*,#4799,.T.);
#4847 = ORIENTED_EDGE('',*,*,#1574,.F.);
#4848 = ORIENTED_EDGE('',*,*,#4849,.F.);
#4849 = EDGE_CURVE('',#4825,#1546,#4850,.T.);
#4850 = SURFACE_CURVE('',#4851,(#4855,#4862),.PCURVE_S1.);
#4851 = LINE('',#4852,#4853);
#4852 = CARTESIAN_POINT('',(156.4,-96.,-7.85));
#4853 = VECTOR('',#4854,1.);
#4854 = DIRECTION('',(0.,0.,1.));
#4855 = PCURVE('',#1589,#4856);
#4856 = DEFINITIONAL_REPRESENTATION('',(#4857),#4861);
#4857 = LINE('',#4858,#4859);
#4858 = CARTESIAN_POINT('',(0.7,0.));
#4859 = VECTOR('',#4860,1.);
#4860 = DIRECTION('',(0.,-1.));
#4861 = ( GEOMETRIC_REPRESENTATION_CONTEXT(2) 
PARAMETRIC_REPRESENTATION_CONTEXT() REPRESENTATION_CONTEXT('2D SPACE',''
  ) );
#4862 = PCURVE('',#1562,#4863);
#4863 = DEFINITIONAL_REPRESENTATION('',(#4864),#4868);
#4864 = LINE('',#4865,#4866);
#4865 = CARTESIAN_POINT('',(0.,0.));
#4866 = VECTOR('',#4867,1.);
#4867 = DIRECTION('',(0.,1.));
#4868 = ( GEOMETRIC_REPRESENTATION_CONTEXT(2) 
PARAMETRIC_REPRESENTATION_CONTEXT() REPRESENTATION_CONTEXT('2D SPACE',''
  ) );
#4869 = ADVANCED_FACE('',(#4870),#1562,.T.);
#4870 = FACE_BOUND('',#4871,.T.);
#4871 = EDGE_LOOP('',(#4872,#4873,#4897,#4918));
#4872 = ORIENTED_EDGE('',*,*,#4849,.F.);
#4873 = ORIENTED_EDGE('',*,*,#4874,.T.);
#4874 = EDGE_CURVE('',#4825,#4875,#4877,.T.);
#4875 = VERTEX_POINT('',#4876);
#4876 = CARTESIAN_POINT('',(155.9,-96.5,-7.85));
#4877 = SURFACE_CURVE('',#4878,(#4883,#4890),.PCURVE_S1.);
#4878 = CIRCLE('',#4879,0.5);
#4879 = AXIS2_PLACEMENT_3D('',#4880,#4881,#4882);
#4880 = CARTESIAN_POINT('',(156.4,-96.5,-7.85));
#4881 = DIRECTION('',(0.,0.,1.));
#4882 = DIRECTION('',(0.,-1.,0.));
#4883 = PCURVE('',#1562,#4884);
#4884 = DEFINITIONAL_REPRESENTATION('',(#4885),#4889);
#4885 = LINE('',#4886,#4887);
#4886 = CARTESIAN_POINT('',(-3.14159265359,0.));
#4887 = VECTOR('',#4888,1.);
#4888 = DIRECTION('',(1.,0.));
#4889 = ( GEOMETRIC_REPRESENTATION_CONTEXT(2) 
PARAMETRIC_REPRESENTATION_CONTEXT() REPRESENTATION_CONTEXT('2D SPACE',''
  ) );
#4890 = PCURVE('',#4688,#4891);
#4891 = DEFINITIONAL_REPRESENTATION('',(#4892),#4896);
#4892 = CIRCLE('',#4893,0.5);
#4893 = AXIS2_PLACEMENT_2D('',#4894,#4895);
#4894 = CARTESIAN_POINT('',(-9.999999999999E-02,24.5));
#4895 = DIRECTION('',(0.,-1.));
#4896 = ( GEOMETRIC_REPRESENTATION_CONTEXT(2) 
PARAMETRIC_REPRESENTATION_CONTEXT() REPRESENTATION_CONTEXT('2D SPACE',''
  ) );
#4897 = ORIENTED_EDGE('',*,*,#4898,.T.);
#4898 = EDGE_CURVE('',#4875,#1520,#4899,.T.);
#4899 = SURFACE_CURVE('',#4900,(#4904,#4911),.PCURVE_S1.);
#4900 = LINE('',#4901,#4902);
#4901 = CARTESIAN_POINT('',(155.9,-96.5,-7.85));
#4902 = VECTOR('',#4903,1.);
#4903 = DIRECTION('',(0.,0.,1.));
#4904 = PCURVE('',#1562,#4905);
#4905 = DEFINITIONAL_REPRESENTATION('',(#4906),#4910);
#4906 = LINE('',#4907,#4908);
#4907 = CARTESIAN_POINT('',(1.570796326795,0.));
#4908 = VECTOR('',#4909,1.);
#4909 = DIRECTION('',(0.,1.));
#4910 = ( GEOMETRIC_REPRESENTATION_CONTEXT(2) 
PARAMETRIC_REPRESENTATION_CONTEXT() REPRESENTATION_CONTEXT('2D SPACE',''
  ) );
#4911 = PCURVE('',#1534,#4912);
#4912 = DEFINITIONAL_REPRESENTATION('',(#4913),#4917);
#4913 = LINE('',#4914,#4915);
#4914 = CARTESIAN_POINT('',(0.5,0.));
#4915 = VECTOR('',#4916,1.);
#4916 = DIRECTION('',(0.,-1.));
#4917 = ( GEOMETRIC_REPRESENTATION_CONTEXT(2) 
PARAMETRIC_REPRESENTATION_CONTEXT() REPRESENTATION_CONTEXT('2D SPACE',''
  ) );
#4918 = ORIENTED_EDGE('',*,*,#1545,.F.);
#4919 = ADVANCED_FACE('',(#4920),#1534,.F.);
#4920 = FACE_BOUND('',#4921,.F.);
#4921 = EDGE_LOOP('',(#4922,#4945,#4946,#4947));
#4922 = ORIENTED_EDGE('',*,*,#4923,.F.);
#4923 = EDGE_CURVE('',#4875,#4924,#4926,.T.);
#4924 = VERTEX_POINT('',#4925);
#4925 = CARTESIAN_POINT('',(155.9,-145.5,-7.85));
#4926 = SURFACE_CURVE('',#4927,(#4931,#4938),.PCURVE_S1.);
#4927 = LINE('',#4928,#4929);
#4928 = CARTESIAN_POINT('',(155.9,-96.,-7.85));
#4929 = VECTOR('',#4930,1.);
#4930 = DIRECTION('',(0.,-1.,0.));
#4931 = PCURVE('',#1534,#4932);
#4932 = DEFINITIONAL_REPRESENTATION('',(#4933),#4937);
#4933 = LINE('',#4934,#4935);
#4934 = CARTESIAN_POINT('',(0.,0.));
#4935 = VECTOR('',#4936,1.);
#4936 = DIRECTION('',(1.,0.));
#4937 = ( GEOMETRIC_REPRESENTATION_CONTEXT(2) 
PARAMETRIC_REPRESENTATION_CONTEXT() REPRESENTATION_CONTEXT('2D SPACE',''
  ) );
#4938 = PCURVE('',#4688,#4939);
#4939 = DEFINITIONAL_REPRESENTATION('',(#4940),#4944);
#4940 = LINE('',#4941,#4942);
#4941 = CARTESIAN_POINT('',(-0.6,25.));
#4942 = VECTOR('',#4943,1.);
#4943 = DIRECTION('',(0.,-1.));
#4944 = ( GEOMETRIC_REPRESENTATION_CONTEXT(2) 
PARAMETRIC_REPRESENTATION_CONTEXT() REPRESENTATION_CONTEXT('2D SPACE',''
  ) );
#4945 = ORIENTED_EDGE('',*,*,#4898,.T.);
#4946 = ORIENTED_EDGE('',*,*,#1519,.F.);
#4947 = ORIENTED_EDGE('',*,*,#4948,.F.);
#4948 = EDGE_CURVE('',#4924,#1491,#4949,.T.);
#4949 = SURFACE_CURVE('',#4950,(#4954,#4961),.PCURVE_S1.);
#4950 = LINE('',#4951,#4952);
#4951 = CARTESIAN_POINT('',(155.9,-145.5,-7.85));
#4952 = VECTOR('',#4953,1.);
#4953 = DIRECTION('',(0.,0.,1.));
#4954 = PCURVE('',#1534,#4955);
#4955 = DEFINITIONAL_REPRESENTATION('',(#4956),#4960);
#4956 = LINE('',#4957,#4958);
#4957 = CARTESIAN_POINT('',(49.5,0.));
#4958 = VECTOR('',#4959,1.);
#4959 = DIRECTION('',(0.,-1.));
#4960 = ( GEOMETRIC_REPRESENTATION_CONTEXT(2) 
PARAMETRIC_REPRESENTATION_CONTEXT() REPRESENTATION_CONTEXT('2D SPACE',''
  ) );
#4961 = PCURVE('',#1507,#4962);
#4962 = DEFINITIONAL_REPRESENTATION('',(#4963),#4967);
#4963 = LINE('',#4964,#4965);
#4964 = CARTESIAN_POINT('',(-1.570796326795,0.));
#4965 = VECTOR('',#4966,1.);
#4966 = DIRECTION('',(-0.,1.));
#4967 = ( GEOMETRIC_REPRESENTATION_CONTEXT(2) 
PARAMETRIC_REPRESENTATION_CONTEXT() REPRESENTATION_CONTEXT('2D SPACE',''
  ) );
#4968 = ADVANCED_FACE('',(#4969),#1507,.T.);
#4969 = FACE_BOUND('',#4970,.F.);
#4970 = EDGE_LOOP('',(#4971,#4994,#5020,#5021));
#4971 = ORIENTED_EDGE('',*,*,#4972,.F.);
#4972 = EDGE_CURVE('',#4973,#1465,#4975,.T.);
#4973 = VERTEX_POINT('',#4974);
#4974 = CARTESIAN_POINT('',(156.4,-146.,-7.85));
#4975 = SURFACE_CURVE('',#4976,(#4980,#4987),.PCURVE_S1.);
#4976 = LINE('',#4977,#4978);
#4977 = CARTESIAN_POINT('',(156.4,-146.,-7.85));
#4978 = VECTOR('',#4979,1.);
#4979 = DIRECTION('',(0.,0.,1.));
#4980 = PCURVE('',#1507,#4981);
#4981 = DEFINITIONAL_REPRESENTATION('',(#4982),#4986);
#4982 = LINE('',#4983,#4984);
#4983 = CARTESIAN_POINT('',(-0.,0.));
#4984 = VECTOR('',#4985,1.);
#4985 = DIRECTION('',(-0.,1.));
#4986 = ( GEOMETRIC_REPRESENTATION_CONTEXT(2) 
PARAMETRIC_REPRESENTATION_CONTEXT() REPRESENTATION_CONTEXT('2D SPACE',''
  ) );
#4987 = PCURVE('',#1479,#4988);
#4988 = DEFINITIONAL_REPRESENTATION('',(#4989),#4993);
#4989 = LINE('',#4990,#4991);
#4990 = CARTESIAN_POINT('',(0.5,0.));
#4991 = VECTOR('',#4992,1.);
#4992 = DIRECTION('',(0.,-1.));
#4993 = ( GEOMETRIC_REPRESENTATION_CONTEXT(2) 
PARAMETRIC_REPRESENTATION_CONTEXT() REPRESENTATION_CONTEXT('2D SPACE',''
  ) );
#4994 = ORIENTED_EDGE('',*,*,#4995,.T.);
#4995 = EDGE_CURVE('',#4973,#4924,#4996,.T.);
#4996 = SURFACE_CURVE('',#4997,(#5002,#5009),.PCURVE_S1.);
#4997 = CIRCLE('',#4998,0.5);
#4998 = AXIS2_PLACEMENT_3D('',#4999,#5000,#5001);
#4999 = CARTESIAN_POINT('',(156.4,-145.5,-7.85));
#5000 = DIRECTION('',(-0.,-0.,-1.));
#5001 = DIRECTION('',(0.,-1.,0.));
#5002 = PCURVE('',#1507,#5003);
#5003 = DEFINITIONAL_REPRESENTATION('',(#5004),#5008);
#5004 = LINE('',#5005,#5006);
#5005 = CARTESIAN_POINT('',(-0.,0.));
#5006 = VECTOR('',#5007,1.);
#5007 = DIRECTION('',(-1.,0.));
#5008 = ( GEOMETRIC_REPRESENTATION_CONTEXT(2) 
PARAMETRIC_REPRESENTATION_CONTEXT() REPRESENTATION_CONTEXT('2D SPACE',''
  ) );
#5009 = PCURVE('',#4688,#5010);
#5010 = DEFINITIONAL_REPRESENTATION('',(#5011),#5019);
#5011 = ( BOUNDED_CURVE() B_SPLINE_CURVE(2,(#5012,#5013,#5014,#5015,
#5016,#5017,#5018),.UNSPECIFIED.,.T.,.F.) B_SPLINE_CURVE_WITH_KNOTS((1,2
    ,2,2,2,1),(-2.094395102393,0.,2.094395102393,4.188790204786,
6.28318530718,8.377580409573),.UNSPECIFIED.) CURVE() 
GEOMETRIC_REPRESENTATION_ITEM() RATIONAL_B_SPLINE_CURVE((1.,0.5,1.,0.5,
1.,0.5,1.)) REPRESENTATION_ITEM('') );
#5012 = CARTESIAN_POINT('',(-9.999999999999E-02,-25.));
#5013 = CARTESIAN_POINT('',(-0.966025403784,-25.));
#5014 = CARTESIAN_POINT('',(-0.533012701892,-24.25));
#5015 = CARTESIAN_POINT('',(-9.999999999999E-02,-23.5));
#5016 = CARTESIAN_POINT('',(0.333012701892,-24.25));
#5017 = CARTESIAN_POINT('',(0.766025403784,-25.));
#5018 = CARTESIAN_POINT('',(-9.999999999999E-02,-25.));
#5019 = ( GEOMETRIC_REPRESENTATION_CONTEXT(2) 
PARAMETRIC_REPRESENTATION_CONTEXT() REPRESENTATION_CONTEXT('2D SPACE',''
  ) );
#5020 = ORIENTED_EDGE('',*,*,#4948,.T.);
#5021 = ORIENTED_EDGE('',*,*,#1490,.T.);
#5022 = ADVANCED_FACE('',(#5023),#1479,.F.);
#5023 = FACE_BOUND('',#5024,.F.);
#5024 = EDGE_LOOP('',(#5025,#5046,#5047,#5048));
#5025 = ORIENTED_EDGE('',*,*,#5026,.F.);
#5026 = EDGE_CURVE('',#4973,#4649,#5027,.T.);
#5027 = SURFACE_CURVE('',#5028,(#5032,#5039),.PCURVE_S1.);
#5028 = LINE('',#5029,#5030);
#5029 = CARTESIAN_POINT('',(155.9,-146.,-7.85));
#5030 = VECTOR('',#5031,1.);
#5031 = DIRECTION('',(1.,0.,0.));
#5032 = PCURVE('',#1479,#5033);
#5033 = DEFINITIONAL_REPRESENTATION('',(#5034),#5038);
#5034 = LINE('',#5035,#5036);
#5035 = CARTESIAN_POINT('',(0.,0.));
#5036 = VECTOR('',#5037,1.);
#5037 = DIRECTION('',(1.,0.));
#5038 = ( GEOMETRIC_REPRESENTATION_CONTEXT(2) 
PARAMETRIC_REPRESENTATION_CONTEXT() REPRESENTATION_CONTEXT('2D SPACE',''
  ) );
#5039 = PCURVE('',#4688,#5040);
#5040 = DEFINITIONAL_REPRESENTATION('',(#5041),#5045);
#5041 = LINE('',#5042,#5043);
#5042 = CARTESIAN_POINT('',(-0.6,-25.));
#5043 = VECTOR('',#5044,1.);
#5044 = DIRECTION('',(1.,0.));
#5045 = ( GEOMETRIC_REPRESENTATION_CONTEXT(2) 
PARAMETRIC_REPRESENTATION_CONTEXT() REPRESENTATION_CONTEXT('2D SPACE',''
  ) );
#5046 = ORIENTED_EDGE('',*,*,#4972,.T.);
#5047 = ORIENTED_EDGE('',*,*,#1464,.F.);
#5048 = ORIENTED_EDGE('',*,*,#4648,.F.);
#5049 = ADVANCED_FACE('',(#5050),#1877,.F.);
#5050 = FACE_BOUND('',#5051,.F.);
#5051 = EDGE_LOOP('',(#5052,#5073,#5074,#5075));
#5052 = ORIENTED_EDGE('',*,*,#5053,.F.);
#5053 = EDGE_CURVE('',#2730,#2578,#5054,.T.);
#5054 = SURFACE_CURVE('',#5055,(#5059,#5066),.PCURVE_S1.);
#5055 = LINE('',#5056,#5057);
#5056 = CARTESIAN_POINT('',(137.18,-88.06,-5.65));
#5057 = VECTOR('',#5058,1.);
#5058 = DIRECTION('',(0.,-1.,0.));
#5059 = PCURVE('',#1877,#5060);
#5060 = DEFINITIONAL_REPRESENTATION('',(#5061),#5065);
#5061 = LINE('',#5062,#5063);
#5062 = CARTESIAN_POINT('',(0.,0.));
#5063 = VECTOR('',#5064,1.);
#5064 = DIRECTION('',(1.,0.));
#5065 = ( GEOMETRIC_REPRESENTATION_CONTEXT(2) 
PARAMETRIC_REPRESENTATION_CONTEXT() REPRESENTATION_CONTEXT('2D SPACE',''
  ) );
#5066 = PCURVE('',#2613,#5067);
#5067 = DEFINITIONAL_REPRESENTATION('',(#5068),#5072);
#5068 = LINE('',#5069,#5070);
#5069 = CARTESIAN_POINT('',(-11.32,0.5));
#5070 = VECTOR('',#5071,1.);
#5071 = DIRECTION('',(0.,-1.));
#5072 = ( GEOMETRIC_REPRESENTATION_CONTEXT(2) 
PARAMETRIC_REPRESENTATION_CONTEXT() REPRESENTATION_CONTEXT('2D SPACE',''
  ) );
#5073 = ORIENTED_EDGE('',*,*,#2729,.T.);
#5074 = ORIENTED_EDGE('',*,*,#1861,.T.);
#5075 = ORIENTED_EDGE('',*,*,#2577,.F.);
#5076 = ADVANCED_FACE('',(#5077),#1826,.F.);
#5077 = FACE_BOUND('',#5078,.F.);
#5078 = EDGE_LOOP('',(#5079,#5100,#5101,#5102));
#5079 = ORIENTED_EDGE('',*,*,#5080,.F.);
#5080 = EDGE_CURVE('',#2837,#2680,#5081,.T.);
#5081 = SURFACE_CURVE('',#5082,(#5086,#5093),.PCURVE_S1.);
#5082 = LINE('',#5083,#5084);
#5083 = CARTESIAN_POINT('',(159.82,-89.06,-5.65));
#5084 = VECTOR('',#5085,1.);
#5085 = DIRECTION('',(0.,1.,0.));
#5086 = PCURVE('',#1826,#5087);
#5087 = DEFINITIONAL_REPRESENTATION('',(#5088),#5092);
#5088 = LINE('',#5089,#5090);
#5089 = CARTESIAN_POINT('',(0.,0.));
#5090 = VECTOR('',#5091,1.);
#5091 = DIRECTION('',(1.,0.));
#5092 = ( GEOMETRIC_REPRESENTATION_CONTEXT(2) 
PARAMETRIC_REPRESENTATION_CONTEXT() REPRESENTATION_CONTEXT('2D SPACE',''
  ) );
#5093 = PCURVE('',#2695,#5094);
#5094 = DEFINITIONAL_REPRESENTATION('',(#5095),#5099);
#5095 = LINE('',#5096,#5097);
#5096 = CARTESIAN_POINT('',(11.32,-0.5));
#5097 = VECTOR('',#5098,1.);
#5098 = DIRECTION('',(0.,1.));
#5099 = ( GEOMETRIC_REPRESENTATION_CONTEXT(2) 
PARAMETRIC_REPRESENTATION_CONTEXT() REPRESENTATION_CONTEXT('2D SPACE',''
  ) );
#5100 = ORIENTED_EDGE('',*,*,#2860,.T.);
#5101 = ORIENTED_EDGE('',*,*,#1810,.T.);
#5102 = ORIENTED_EDGE('',*,*,#2707,.F.);
#5103 = ADVANCED_FACE('',(#5104),#1957,.F.);
#5104 = FACE_BOUND('',#5105,.T.);
#5105 = EDGE_LOOP('',(#5106,#5107,#5128,#5129));
#5106 = ORIENTED_EDGE('',*,*,#3002,.F.);
#5107 = ORIENTED_EDGE('',*,*,#5108,.T.);
#5108 = EDGE_CURVE('',#2983,#1937,#5109,.T.);
#5109 = SEAM_CURVE('',#5110,(#5114,#5121),.PCURVE_S1.);
#5110 = LINE('',#5111,#5112);
#5111 = CARTESIAN_POINT('',(149.7,-150.696,-7.85));
#5112 = VECTOR('',#5113,1.);
#5113 = DIRECTION('',(0.,0.,1.));
#5114 = PCURVE('',#1957,#5115);
#5115 = DEFINITIONAL_REPRESENTATION('',(#5116),#5120);
#5116 = LINE('',#5117,#5118);
#5117 = CARTESIAN_POINT('',(-6.28318530718,0.));
#5118 = VECTOR('',#5119,1.);
#5119 = DIRECTION('',(-0.,-1.));
#5120 = ( GEOMETRIC_REPRESENTATION_CONTEXT(2) 
PARAMETRIC_REPRESENTATION_CONTEXT() REPRESENTATION_CONTEXT('2D SPACE',''
  ) );
#5121 = PCURVE('',#1957,#5122);
#5122 = DEFINITIONAL_REPRESENTATION('',(#5123),#5127);
#5123 = LINE('',#5124,#5125);
#5124 = CARTESIAN_POINT('',(-0.,0.));
#5125 = VECTOR('',#5126,1.);
#5126 = DIRECTION('',(-0.,-1.));
#5127 = ( GEOMETRIC_REPRESENTATION_CONTEXT(2) 
PARAMETRIC_REPRESENTATION_CONTEXT() REPRESENTATION_CONTEXT('2D SPACE',''
  ) );
#5128 = ORIENTED_EDGE('',*,*,#1936,.F.);
#5129 = ORIENTED_EDGE('',*,*,#5108,.F.);
#5130 = ADVANCED_FACE('',(#5131),#1992,.F.);
#5131 = FACE_BOUND('',#5132,.T.);
#5132 = EDGE_LOOP('',(#5133,#5134,#5155,#5156));
#5133 = ORIENTED_EDGE('',*,*,#2907,.F.);
#5134 = ORIENTED_EDGE('',*,*,#5135,.T.);
#5135 = EDGE_CURVE('',#2884,#1972,#5136,.T.);
#5136 = SEAM_CURVE('',#5137,(#5141,#5148),.PCURVE_S1.);
#5137 = LINE('',#5138,#5139);
#5138 = CARTESIAN_POINT('',(142.196,-90.951,-7.85));
#5139 = VECTOR('',#5140,1.);
#5140 = DIRECTION('',(0.,0.,1.));
#5141 = PCURVE('',#1992,#5142);
#5142 = DEFINITIONAL_REPRESENTATION('',(#5143),#5147);
#5143 = LINE('',#5144,#5145);
#5144 = CARTESIAN_POINT('',(-6.28318530718,0.));
#5145 = VECTOR('',#5146,1.);
#5146 = DIRECTION('',(-0.,-1.));
#5147 = ( GEOMETRIC_REPRESENTATION_CONTEXT(2) 
PARAMETRIC_REPRESENTATION_CONTEXT() REPRESENTATION_CONTEXT('2D SPACE',''
  ) );
#5148 = PCURVE('',#1992,#5149);
#5149 = DEFINITIONAL_REPRESENTATION('',(#5150),#5154);
#5150 = LINE('',#5151,#5152);
#5151 = CARTESIAN_POINT('',(-0.,0.));
#5152 = VECTOR('',#5153,1.);
#5153 = DIRECTION('',(-0.,-1.));
#5154 = ( GEOMETRIC_REPRESENTATION_CONTEXT(2) 
PARAMETRIC_REPRESENTATION_CONTEXT() REPRESENTATION_CONTEXT('2D SPACE',''
  ) );
#5155 = ORIENTED_EDGE('',*,*,#1971,.F.);
#5156 = ORIENTED_EDGE('',*,*,#5135,.F.);
#5157 = ADVANCED_FACE('',(#5158),#2025,.F.);
#5158 = FACE_BOUND('',#5159,.F.);
#5159 = EDGE_LOOP('',(#5160,#5183,#5212,#5233));
#5160 = ORIENTED_EDGE('',*,*,#5161,.F.);
#5161 = EDGE_CURVE('',#5162,#2007,#5164,.T.);
#5162 = VERTEX_POINT('',#5163);
#5163 = CARTESIAN_POINT('',(137.98,-89.06,-5.65));
#5164 = SURFACE_CURVE('',#5165,(#5169,#5176),.PCURVE_S1.);
#5165 = LINE('',#5166,#5167);
#5166 = CARTESIAN_POINT('',(137.98,-89.06,-5.65));
#5167 = VECTOR('',#5168,1.);
#5168 = DIRECTION('',(0.,0.,1.));
#5169 = PCURVE('',#2025,#5170);
#5170 = DEFINITIONAL_REPRESENTATION('',(#5171),#5175);
#5171 = LINE('',#5172,#5173);
#5172 = CARTESIAN_POINT('',(0.,0.));
#5173 = VECTOR('',#5174,1.);
#5174 = DIRECTION('',(0.,1.));
#5175 = ( GEOMETRIC_REPRESENTATION_CONTEXT(2) 
PARAMETRIC_REPRESENTATION_CONTEXT() REPRESENTATION_CONTEXT('2D SPACE',''
  ) );
#5176 = PCURVE('',#2053,#5177);
#5177 = DEFINITIONAL_REPRESENTATION('',(#5178),#5182);
#5178 = LINE('',#5179,#5180);
#5179 = CARTESIAN_POINT('',(21.84,0.));
#5180 = VECTOR('',#5181,1.);
#5181 = DIRECTION('',(0.,-1.));
#5182 = ( GEOMETRIC_REPRESENTATION_CONTEXT(2) 
PARAMETRIC_REPRESENTATION_CONTEXT() REPRESENTATION_CONTEXT('2D SPACE',''
  ) );
#5183 = ORIENTED_EDGE('',*,*,#5184,.T.);
#5184 = EDGE_CURVE('',#5162,#5185,#5187,.T.);
#5185 = VERTEX_POINT('',#5186);
#5186 = CARTESIAN_POINT('',(137.18,-89.86,-5.65));
#5187 = SURFACE_CURVE('',#5188,(#5193,#5200),.PCURVE_S1.);
#5188 = CIRCLE('',#5189,0.8);
#5189 = AXIS2_PLACEMENT_3D('',#5190,#5191,#5192);
#5190 = CARTESIAN_POINT('',(137.98,-89.86,-5.65));
#5191 = DIRECTION('',(0.,0.,1.));
#5192 = DIRECTION('',(0.,-1.,0.));
#5193 = PCURVE('',#2025,#5194);
#5194 = DEFINITIONAL_REPRESENTATION('',(#5195),#5199);
#5195 = LINE('',#5196,#5197);
#5196 = CARTESIAN_POINT('',(-3.14159265359,8.881784197001E-16));
#5197 = VECTOR('',#5198,1.);
#5198 = DIRECTION('',(1.,0.));
#5199 = ( GEOMETRIC_REPRESENTATION_CONTEXT(2) 
PARAMETRIC_REPRESENTATION_CONTEXT() REPRESENTATION_CONTEXT('2D SPACE',''
  ) );
#5200 = PCURVE('',#5201,#5206);
#5201 = PLANE('',#5202);
#5202 = AXIS2_PLACEMENT_3D('',#5203,#5204,#5205);
#5203 = CARTESIAN_POINT('',(148.5,-120.828,-5.65));
#5204 = DIRECTION('',(0.,0.,1.));
#5205 = DIRECTION('',(1.,0.,-0.));
#5206 = DEFINITIONAL_REPRESENTATION('',(#5207),#5211);
#5207 = CIRCLE('',#5208,0.8);
#5208 = AXIS2_PLACEMENT_2D('',#5209,#5210);
#5209 = CARTESIAN_POINT('',(-10.52,30.968));
#5210 = DIRECTION('',(0.,-1.));
#5211 = ( GEOMETRIC_REPRESENTATION_CONTEXT(2) 
PARAMETRIC_REPRESENTATION_CONTEXT() REPRESENTATION_CONTEXT('2D SPACE',''
  ) );
#5212 = ORIENTED_EDGE('',*,*,#5213,.T.);
#5213 = EDGE_CURVE('',#5185,#2009,#5214,.T.);
#5214 = SURFACE_CURVE('',#5215,(#5219,#5226),.PCURVE_S1.);
#5215 = LINE('',#5216,#5217);
#5216 = CARTESIAN_POINT('',(137.18,-89.86,-5.65));
#5217 = VECTOR('',#5218,1.);
#5218 = DIRECTION('',(0.,0.,1.));
#5219 = PCURVE('',#2025,#5220);
#5220 = DEFINITIONAL_REPRESENTATION('',(#5221),#5225);
#5221 = LINE('',#5222,#5223);
#5222 = CARTESIAN_POINT('',(1.570796326795,0.));
#5223 = VECTOR('',#5224,1.);
#5224 = DIRECTION('',(0.,1.));
#5225 = ( GEOMETRIC_REPRESENTATION_CONTEXT(2) 
PARAMETRIC_REPRESENTATION_CONTEXT() REPRESENTATION_CONTEXT('2D SPACE',''
  ) );
#5226 = PCURVE('',#2455,#5227);
#5227 = DEFINITIONAL_REPRESENTATION('',(#5228),#5232);
#5228 = LINE('',#5229,#5230);
#5229 = CARTESIAN_POINT('',(0.8,0.));
#5230 = VECTOR('',#5231,1.);
#5231 = DIRECTION('',(0.,-1.));
#5232 = ( GEOMETRIC_REPRESENTATION_CONTEXT(2) 
PARAMETRIC_REPRESENTATION_CONTEXT() REPRESENTATION_CONTEXT('2D SPACE',''
  ) );
#5233 = ORIENTED_EDGE('',*,*,#2006,.F.);
#5234 = ADVANCED_FACE('',(#5235),#2053,.T.);
#5235 = FACE_BOUND('',#5236,.T.);
#5236 = EDGE_LOOP('',(#5237,#5260,#5279,#5280));
#5237 = ORIENTED_EDGE('',*,*,#5238,.F.);
#5238 = EDGE_CURVE('',#5239,#5162,#5241,.T.);
#5239 = VERTEX_POINT('',#5240);
#5240 = CARTESIAN_POINT('',(138.43102566601,-89.06,-5.65));
#5241 = SURFACE_CURVE('',#5242,(#5246,#5253),.PCURVE_S1.);
#5242 = LINE('',#5243,#5244);
#5243 = CARTESIAN_POINT('',(159.82,-89.06,-5.65));
#5244 = VECTOR('',#5245,1.);
#5245 = DIRECTION('',(-1.,0.,0.));
#5246 = PCURVE('',#2053,#5247);
#5247 = DEFINITIONAL_REPRESENTATION('',(#5248),#5252);
#5248 = LINE('',#5249,#5250);
#5249 = CARTESIAN_POINT('',(0.,-0.));
#5250 = VECTOR('',#5251,1.);
#5251 = DIRECTION('',(1.,0.));
#5252 = ( GEOMETRIC_REPRESENTATION_CONTEXT(2) 
PARAMETRIC_REPRESENTATION_CONTEXT() REPRESENTATION_CONTEXT('2D SPACE',''
  ) );
#5253 = PCURVE('',#5201,#5254);
#5254 = DEFINITIONAL_REPRESENTATION('',(#5255),#5259);
#5255 = LINE('',#5256,#5257);
#5256 = CARTESIAN_POINT('',(11.32,31.768));
#5257 = VECTOR('',#5258,1.);
#5258 = DIRECTION('',(-1.,0.));
#5259 = ( GEOMETRIC_REPRESENTATION_CONTEXT(2) 
PARAMETRIC_REPRESENTATION_CONTEXT() REPRESENTATION_CONTEXT('2D SPACE',''
  ) );
#5260 = ORIENTED_EDGE('',*,*,#5261,.F.);
#5261 = EDGE_CURVE('',#2038,#5239,#5262,.T.);
#5262 = SURFACE_CURVE('',#5263,(#5267,#5273),.PCURVE_S1.);
#5263 = LINE('',#5264,#5265);
#5264 = CARTESIAN_POINT('',(138.43102566601,-89.06,-5.65));
#5265 = VECTOR('',#5266,1.);
#5266 = DIRECTION('',(-0.,-0.,-1.));
#5267 = PCURVE('',#2053,#5268);
#5268 = DEFINITIONAL_REPRESENTATION('',(#5269),#5272);
#5269 = B_SPLINE_CURVE_WITH_KNOTS('',1,(#5270,#5271),.UNSPECIFIED.,.F.,
  .F.,(2,2),(-5.6500006,5.999999999062E-07),.PIECEWISE_BEZIER_KNOTS.);
#5270 = CARTESIAN_POINT('',(21.388974333981,-5.6500006));
#5271 = CARTESIAN_POINT('',(21.388974333981,5.999999999062E-07));
#5272 = ( GEOMETRIC_REPRESENTATION_CONTEXT(2) 
PARAMETRIC_REPRESENTATION_CONTEXT() REPRESENTATION_CONTEXT('2D SPACE',''
  ) );
#5273 = PCURVE('',#2081,#5274);
#5274 = DEFINITIONAL_REPRESENTATION('',(#5275),#5278);
#5275 = B_SPLINE_CURVE_WITH_KNOTS('',1,(#5276,#5277),.UNSPECIFIED.,.F.,
  .F.,(2,2),(-5.65,0.),.PIECEWISE_BEZIER_KNOTS.);
#5276 = CARTESIAN_POINT('',(-2.400143791179,-5.65));
#5277 = CARTESIAN_POINT('',(-2.400143791179,0.));
#5278 = ( GEOMETRIC_REPRESENTATION_CONTEXT(2) 
PARAMETRIC_REPRESENTATION_CONTEXT() REPRESENTATION_CONTEXT('2D SPACE',''
  ) );
#5279 = ORIENTED_EDGE('',*,*,#2037,.F.);
#5280 = ORIENTED_EDGE('',*,*,#5161,.F.);
#5281 = ADVANCED_FACE('',(#5282),#2455,.T.);
#5282 = FACE_BOUND('',#5283,.T.);
#5283 = EDGE_LOOP('',(#5284,#5307,#5308,#5309,#5310));
#5284 = ORIENTED_EDGE('',*,*,#5285,.F.);
#5285 = EDGE_CURVE('',#5185,#5286,#5288,.T.);
#5286 = VERTEX_POINT('',#5287);
#5287 = CARTESIAN_POINT('',(137.18,-151.796,-5.65));
#5288 = SURFACE_CURVE('',#5289,(#5293,#5300),.PCURVE_S1.);
#5289 = LINE('',#5290,#5291);
#5290 = CARTESIAN_POINT('',(137.18,-89.06,-5.65));
#5291 = VECTOR('',#5292,1.);
#5292 = DIRECTION('',(0.,-1.,0.));
#5293 = PCURVE('',#2455,#5294);
#5294 = DEFINITIONAL_REPRESENTATION('',(#5295),#5299);
#5295 = LINE('',#5296,#5297);
#5296 = CARTESIAN_POINT('',(0.,0.));
#5297 = VECTOR('',#5298,1.);
#5298 = DIRECTION('',(1.,0.));
#5299 = ( GEOMETRIC_REPRESENTATION_CONTEXT(2) 
PARAMETRIC_REPRESENTATION_CONTEXT() REPRESENTATION_CONTEXT('2D SPACE',''
  ) );
#5300 = PCURVE('',#5201,#5301);
#5301 = DEFINITIONAL_REPRESENTATION('',(#5302),#5306);
#5302 = LINE('',#5303,#5304);
#5303 = CARTESIAN_POINT('',(-11.32,31.768));
#5304 = VECTOR('',#5305,1.);
#5305 = DIRECTION('',(0.,-1.));
#5306 = ( GEOMETRIC_REPRESENTATION_CONTEXT(2) 
PARAMETRIC_REPRESENTATION_CONTEXT() REPRESENTATION_CONTEXT('2D SPACE',''
  ) );
#5307 = ORIENTED_EDGE('',*,*,#5213,.T.);
#5308 = ORIENTED_EDGE('',*,*,#2466,.F.);
#5309 = ORIENTED_EDGE('',*,*,#2439,.F.);
#5310 = ORIENTED_EDGE('',*,*,#5311,.F.);
#5311 = EDGE_CURVE('',#5286,#2411,#5312,.T.);
#5312 = SURFACE_CURVE('',#5313,(#5317,#5324),.PCURVE_S1.);
#5313 = LINE('',#5314,#5315);
#5314 = CARTESIAN_POINT('',(137.18,-151.796,-5.65));
#5315 = VECTOR('',#5316,1.);
#5316 = DIRECTION('',(0.,0.,1.));
#5317 = PCURVE('',#2455,#5318);
#5318 = DEFINITIONAL_REPRESENTATION('',(#5319),#5323);
#5319 = LINE('',#5320,#5321);
#5320 = CARTESIAN_POINT('',(62.736,0.));
#5321 = VECTOR('',#5322,1.);
#5322 = DIRECTION('',(0.,-1.));
#5323 = ( GEOMETRIC_REPRESENTATION_CONTEXT(2) 
PARAMETRIC_REPRESENTATION_CONTEXT() REPRESENTATION_CONTEXT('2D SPACE',''
  ) );
#5324 = PCURVE('',#2427,#5325);
#5325 = DEFINITIONAL_REPRESENTATION('',(#5326),#5330);
#5326 = LINE('',#5327,#5328);
#5327 = CARTESIAN_POINT('',(-1.570796326795,0.));
#5328 = VECTOR('',#5329,1.);
#5329 = DIRECTION('',(-0.,1.));
#5330 = ( GEOMETRIC_REPRESENTATION_CONTEXT(2) 
PARAMETRIC_REPRESENTATION_CONTEXT() REPRESENTATION_CONTEXT('2D SPACE',''
  ) );
#5331 = ADVANCED_FACE('',(#5332),#2081,.T.);
#5332 = FACE_BOUND('',#5333,.F.);
#5333 = EDGE_LOOP('',(#5334,#5362,#5363,#5364));
#5334 = ORIENTED_EDGE('',*,*,#5335,.T.);
#5335 = EDGE_CURVE('',#5336,#5239,#5338,.T.);
#5336 = VERTEX_POINT('',#5337);
#5337 = CARTESIAN_POINT('',(142.56097433398,-89.06,-5.65));
#5338 = SURFACE_CURVE('',#5339,(#5344,#5351),.PCURVE_S1.);
#5339 = CIRCLE('',#5340,2.8);
#5340 = AXIS2_PLACEMENT_3D('',#5341,#5342,#5343);
#5341 = CARTESIAN_POINT('',(140.496,-90.951,-5.65));
#5342 = DIRECTION('',(0.,0.,-1.));
#5343 = DIRECTION('',(0.737490833565,0.675357142857,0.));
#5344 = PCURVE('',#2081,#5345);
#5345 = DEFINITIONAL_REPRESENTATION('',(#5346),#5350);
#5346 = LINE('',#5347,#5348);
#5347 = CARTESIAN_POINT('',(-7.024634169591,0.));
#5348 = VECTOR('',#5349,1.);
#5349 = DIRECTION('',(1.,-0.));
#5350 = ( GEOMETRIC_REPRESENTATION_CONTEXT(2) 
PARAMETRIC_REPRESENTATION_CONTEXT() REPRESENTATION_CONTEXT('2D SPACE',''
  ) );
#5351 = PCURVE('',#5201,#5352);
#5352 = DEFINITIONAL_REPRESENTATION('',(#5353),#5361);
#5353 = ( BOUNDED_CURVE() B_SPLINE_CURVE(2,(#5354,#5355,#5356,#5357,
#5358,#5359,#5360),.UNSPECIFIED.,.T.,.F.) B_SPLINE_CURVE_WITH_KNOTS((1,2
    ,2,2,2,1),(-2.094395102393,0.,2.094395102393,4.188790204786,
6.28318530718,8.377580409573),.UNSPECIFIED.) CURVE() 
GEOMETRIC_REPRESENTATION_ITEM() RATIONAL_B_SPLINE_CURVE((1.,0.5,1.,0.5,
1.,0.5,1.)) REPRESENTATION_ITEM('') );
#5354 = CARTESIAN_POINT('',(-5.939025666019,31.768));
#5355 = CARTESIAN_POINT('',(-2.663717588906,28.191359537219));
#5356 = CARTESIAN_POINT('',(-7.398833128434,27.14317976861));
#5357 = CARTESIAN_POINT('',(-12.13394866796,26.095));
#5358 = CARTESIAN_POINT('',(-10.67414120554,30.71982023139));
#5359 = CARTESIAN_POINT('',(-9.214333743132,35.344640462781));
#5360 = CARTESIAN_POINT('',(-5.939025666019,31.768));
#5361 = ( GEOMETRIC_REPRESENTATION_CONTEXT(2) 
PARAMETRIC_REPRESENTATION_CONTEXT() REPRESENTATION_CONTEXT('2D SPACE',''
  ) );
#5362 = ORIENTED_EDGE('',*,*,#5261,.F.);
#5363 = ORIENTED_EDGE('',*,*,#2064,.T.);
#5364 = ORIENTED_EDGE('',*,*,#5365,.T.);
#5365 = EDGE_CURVE('',#2065,#5336,#5366,.T.);
#5366 = SURFACE_CURVE('',#5367,(#5371,#5377),.PCURVE_S1.);
#5367 = LINE('',#5368,#5369);
#5368 = CARTESIAN_POINT('',(142.56097433398,-89.06,-5.65));
#5369 = VECTOR('',#5370,1.);
#5370 = DIRECTION('',(-0.,-0.,-1.));
#5371 = PCURVE('',#2081,#5372);
#5372 = DEFINITIONAL_REPRESENTATION('',(#5373),#5376);
#5373 = B_SPLINE_CURVE_WITH_KNOTS('',1,(#5374,#5375),.UNSPECIFIED.,.F.,
  .F.,(2,2),(-5.65,-0.),.PIECEWISE_BEZIER_KNOTS.);
#5374 = CARTESIAN_POINT('',(-7.024634169591,-5.65));
#5375 = CARTESIAN_POINT('',(-7.024634169591,0.));
#5376 = ( GEOMETRIC_REPRESENTATION_CONTEXT(2) 
PARAMETRIC_REPRESENTATION_CONTEXT() REPRESENTATION_CONTEXT('2D SPACE',''
  ) );
#5377 = PCURVE('',#2109,#5378);
#5378 = DEFINITIONAL_REPRESENTATION('',(#5379),#5382);
#5379 = B_SPLINE_CURVE_WITH_KNOTS('',1,(#5380,#5381),.UNSPECIFIED.,.F.,
  .F.,(2,2),(-5.6500006,5.999999999062E-07),.PIECEWISE_BEZIER_KNOTS.);
#5380 = CARTESIAN_POINT('',(17.259025666019,-5.6500006));
#5381 = CARTESIAN_POINT('',(17.259025666019,5.999999999062E-07));
#5382 = ( GEOMETRIC_REPRESENTATION_CONTEXT(2) 
PARAMETRIC_REPRESENTATION_CONTEXT() REPRESENTATION_CONTEXT('2D SPACE',''
  ) );
#5383 = ADVANCED_FACE('',(#5384),#2427,.F.);
#5384 = FACE_BOUND('',#5385,.T.);
#5385 = EDGE_LOOP('',(#5386,#5409,#5435,#5436));
#5386 = ORIENTED_EDGE('',*,*,#5387,.F.);
#5387 = EDGE_CURVE('',#5388,#2389,#5390,.T.);
#5388 = VERTEX_POINT('',#5389);
#5389 = CARTESIAN_POINT('',(137.98,-152.596,-5.65));
#5390 = SURFACE_CURVE('',#5391,(#5395,#5402),.PCURVE_S1.);
#5391 = LINE('',#5392,#5393);
#5392 = CARTESIAN_POINT('',(137.98,-152.596,-5.65));
#5393 = VECTOR('',#5394,1.);
#5394 = DIRECTION('',(0.,0.,1.));
#5395 = PCURVE('',#2427,#5396);
#5396 = DEFINITIONAL_REPRESENTATION('',(#5397),#5401);
#5397 = LINE('',#5398,#5399);
#5398 = CARTESIAN_POINT('',(-0.,0.));
#5399 = VECTOR('',#5400,1.);
#5400 = DIRECTION('',(-0.,1.));
#5401 = ( GEOMETRIC_REPRESENTATION_CONTEXT(2) 
PARAMETRIC_REPRESENTATION_CONTEXT() REPRESENTATION_CONTEXT('2D SPACE',''
  ) );
#5402 = PCURVE('',#2377,#5403);
#5403 = DEFINITIONAL_REPRESENTATION('',(#5404),#5408);
#5404 = LINE('',#5405,#5406);
#5405 = CARTESIAN_POINT('',(0.8,0.));
#5406 = VECTOR('',#5407,1.);
#5407 = DIRECTION('',(0.,-1.));
#5408 = ( GEOMETRIC_REPRESENTATION_CONTEXT(2) 
PARAMETRIC_REPRESENTATION_CONTEXT() REPRESENTATION_CONTEXT('2D SPACE',''
  ) );
#5409 = ORIENTED_EDGE('',*,*,#5410,.T.);
#5410 = EDGE_CURVE('',#5388,#5286,#5411,.T.);
#5411 = SURFACE_CURVE('',#5412,(#5417,#5424),.PCURVE_S1.);
#5412 = CIRCLE('',#5413,0.8);
#5413 = AXIS2_PLACEMENT_3D('',#5414,#5415,#5416);
#5414 = CARTESIAN_POINT('',(137.98,-151.796,-5.65));
#5415 = DIRECTION('',(-0.,-0.,-1.));
#5416 = DIRECTION('',(0.,-1.,0.));
#5417 = PCURVE('',#2427,#5418);
#5418 = DEFINITIONAL_REPRESENTATION('',(#5419),#5423);
#5419 = LINE('',#5420,#5421);
#5420 = CARTESIAN_POINT('',(-0.,8.881784197001E-16));
#5421 = VECTOR('',#5422,1.);
#5422 = DIRECTION('',(-1.,0.));
#5423 = ( GEOMETRIC_REPRESENTATION_CONTEXT(2) 
PARAMETRIC_REPRESENTATION_CONTEXT() REPRESENTATION_CONTEXT('2D SPACE',''
  ) );
#5424 = PCURVE('',#5201,#5425);
#5425 = DEFINITIONAL_REPRESENTATION('',(#5426),#5434);
#5426 = ( BOUNDED_CURVE() B_SPLINE_CURVE(2,(#5427,#5428,#5429,#5430,
#5431,#5432,#5433),.UNSPECIFIED.,.T.,.F.) B_SPLINE_CURVE_WITH_KNOTS((1,2
    ,2,2,2,1),(-2.094395102393,0.,2.094395102393,4.188790204786,
6.28318530718,8.377580409573),.UNSPECIFIED.) CURVE() 
GEOMETRIC_REPRESENTATION_ITEM() RATIONAL_B_SPLINE_CURVE((1.,0.5,1.,0.5,
1.,0.5,1.)) REPRESENTATION_ITEM('') );
#5427 = CARTESIAN_POINT('',(-10.52,-31.768));
#5428 = CARTESIAN_POINT('',(-11.90564064605,-31.768));
#5429 = CARTESIAN_POINT('',(-11.21282032302,-30.568));
#5430 = CARTESIAN_POINT('',(-10.52,-29.368));
#5431 = CARTESIAN_POINT('',(-9.827179676972,-30.568));
#5432 = CARTESIAN_POINT('',(-9.134359353945,-31.768));
#5433 = CARTESIAN_POINT('',(-10.52,-31.768));
#5434 = ( GEOMETRIC_REPRESENTATION_CONTEXT(2) 
PARAMETRIC_REPRESENTATION_CONTEXT() REPRESENTATION_CONTEXT('2D SPACE',''
  ) );
#5435 = ORIENTED_EDGE('',*,*,#5311,.T.);
#5436 = ORIENTED_EDGE('',*,*,#2410,.T.);
#5437 = ADVANCED_FACE('',(#5438),#2109,.T.);
#5438 = FACE_BOUND('',#5439,.T.);
#5439 = EDGE_LOOP('',(#5440,#5463,#5482,#5483));
#5440 = ORIENTED_EDGE('',*,*,#5441,.F.);
#5441 = EDGE_CURVE('',#5442,#5336,#5444,.T.);
#5442 = VERTEX_POINT('',#5443);
#5443 = CARTESIAN_POINT('',(154.43102566601,-89.06,-5.65));
#5444 = SURFACE_CURVE('',#5445,(#5449,#5456),.PCURVE_S1.);
#5445 = LINE('',#5446,#5447);
#5446 = CARTESIAN_POINT('',(159.82,-89.06,-5.65));
#5447 = VECTOR('',#5448,1.);
#5448 = DIRECTION('',(-1.,0.,0.));
#5449 = PCURVE('',#2109,#5450);
#5450 = DEFINITIONAL_REPRESENTATION('',(#5451),#5455);
#5451 = LINE('',#5452,#5453);
#5452 = CARTESIAN_POINT('',(0.,-0.));
#5453 = VECTOR('',#5454,1.);
#5454 = DIRECTION('',(1.,0.));
#5455 = ( GEOMETRIC_REPRESENTATION_CONTEXT(2) 
PARAMETRIC_REPRESENTATION_CONTEXT() REPRESENTATION_CONTEXT('2D SPACE',''
  ) );
#5456 = PCURVE('',#5201,#5457);
#5457 = DEFINITIONAL_REPRESENTATION('',(#5458),#5462);
#5458 = LINE('',#5459,#5460);
#5459 = CARTESIAN_POINT('',(11.32,31.768));
#5460 = VECTOR('',#5461,1.);
#5461 = DIRECTION('',(-1.,0.));
#5462 = ( GEOMETRIC_REPRESENTATION_CONTEXT(2) 
PARAMETRIC_REPRESENTATION_CONTEXT() REPRESENTATION_CONTEXT('2D SPACE',''
  ) );
#5463 = ORIENTED_EDGE('',*,*,#5464,.F.);
#5464 = EDGE_CURVE('',#2094,#5442,#5465,.T.);
#5465 = SURFACE_CURVE('',#5466,(#5470,#5476),.PCURVE_S1.);
#5466 = LINE('',#5467,#5468);
#5467 = CARTESIAN_POINT('',(154.43102566601,-89.06,-5.65));
#5468 = VECTOR('',#5469,1.);
#5469 = DIRECTION('',(-0.,-0.,-1.));
#5470 = PCURVE('',#2109,#5471);
#5471 = DEFINITIONAL_REPRESENTATION('',(#5472),#5475);
#5472 = B_SPLINE_CURVE_WITH_KNOTS('',1,(#5473,#5474),.UNSPECIFIED.,.F.,
  .F.,(2,2),(-5.6500006,5.999999999062E-07),.PIECEWISE_BEZIER_KNOTS.);
#5473 = CARTESIAN_POINT('',(5.388974333981,-5.6500006));
#5474 = CARTESIAN_POINT('',(5.388974333981,5.999999999062E-07));
#5475 = ( GEOMETRIC_REPRESENTATION_CONTEXT(2) 
PARAMETRIC_REPRESENTATION_CONTEXT() REPRESENTATION_CONTEXT('2D SPACE',''
  ) );
#5476 = PCURVE('',#2137,#5477);
#5477 = DEFINITIONAL_REPRESENTATION('',(#5478),#5481);
#5478 = B_SPLINE_CURVE_WITH_KNOTS('',1,(#5479,#5480),.UNSPECIFIED.,.F.,
  .F.,(2,2),(-5.65,0.),.PIECEWISE_BEZIER_KNOTS.);
#5479 = CARTESIAN_POINT('',(-2.400143791179,-5.65));
#5480 = CARTESIAN_POINT('',(-2.400143791179,0.));
#5481 = ( GEOMETRIC_REPRESENTATION_CONTEXT(2) 
PARAMETRIC_REPRESENTATION_CONTEXT() REPRESENTATION_CONTEXT('2D SPACE',''
  ) );
#5482 = ORIENTED_EDGE('',*,*,#2093,.F.);
#5483 = ORIENTED_EDGE('',*,*,#5365,.T.);
#5484 = ADVANCED_FACE('',(#5485),#2377,.T.);
#5485 = FACE_BOUND('',#5486,.T.);
#5486 = EDGE_LOOP('',(#5487,#5510,#5511,#5512,#5513));
#5487 = ORIENTED_EDGE('',*,*,#5488,.F.);
#5488 = EDGE_CURVE('',#5388,#5489,#5491,.T.);
#5489 = VERTEX_POINT('',#5490);
#5490 = CARTESIAN_POINT('',(147.20385186031,-152.596,-5.65));
#5491 = SURFACE_CURVE('',#5492,(#5496,#5503),.PCURVE_S1.);
#5492 = LINE('',#5493,#5494);
#5493 = CARTESIAN_POINT('',(137.18,-152.596,-5.65));
#5494 = VECTOR('',#5495,1.);
#5495 = DIRECTION('',(1.,0.,0.));
#5496 = PCURVE('',#2377,#5497);
#5497 = DEFINITIONAL_REPRESENTATION('',(#5498),#5502);
#5498 = LINE('',#5499,#5500);
#5499 = CARTESIAN_POINT('',(0.,0.));
#5500 = VECTOR('',#5501,1.);
#5501 = DIRECTION('',(1.,0.));
#5502 = ( GEOMETRIC_REPRESENTATION_CONTEXT(2) 
PARAMETRIC_REPRESENTATION_CONTEXT() REPRESENTATION_CONTEXT('2D SPACE',''
  ) );
#5503 = PCURVE('',#5201,#5504);
#5504 = DEFINITIONAL_REPRESENTATION('',(#5505),#5509);
#5505 = LINE('',#5506,#5507);
#5506 = CARTESIAN_POINT('',(-11.32,-31.768));
#5507 = VECTOR('',#5508,1.);
#5508 = DIRECTION('',(1.,0.));
#5509 = ( GEOMETRIC_REPRESENTATION_CONTEXT(2) 
PARAMETRIC_REPRESENTATION_CONTEXT() REPRESENTATION_CONTEXT('2D SPACE',''
  ) );
#5510 = ORIENTED_EDGE('',*,*,#5387,.T.);
#5511 = ORIENTED_EDGE('',*,*,#2388,.F.);
#5512 = ORIENTED_EDGE('',*,*,#2361,.F.);
#5513 = ORIENTED_EDGE('',*,*,#5514,.T.);
#5514 = EDGE_CURVE('',#2333,#5489,#5515,.T.);
#5515 = SURFACE_CURVE('',#5516,(#5520,#5526),.PCURVE_S1.);
#5516 = LINE('',#5517,#5518);
#5517 = CARTESIAN_POINT('',(147.20385186031,-152.596,-5.65));
#5518 = VECTOR('',#5519,1.);
#5519 = DIRECTION('',(-0.,-0.,-1.));
#5520 = PCURVE('',#2377,#5521);
#5521 = DEFINITIONAL_REPRESENTATION('',(#5522),#5525);
#5522 = B_SPLINE_CURVE_WITH_KNOTS('',1,(#5523,#5524),.UNSPECIFIED.,.F.,
  .F.,(2,2),(-5.6500006,5.999999999062E-07),.PIECEWISE_BEZIER_KNOTS.);
#5523 = CARTESIAN_POINT('',(10.023851860318,-5.6500006));
#5524 = CARTESIAN_POINT('',(10.023851860318,5.999999999062E-07));
#5525 = ( GEOMETRIC_REPRESENTATION_CONTEXT(2) 
PARAMETRIC_REPRESENTATION_CONTEXT() REPRESENTATION_CONTEXT('2D SPACE',''
  ) );
#5526 = PCURVE('',#2349,#5527);
#5527 = DEFINITIONAL_REPRESENTATION('',(#5528),#5531);
#5528 = B_SPLINE_CURVE_WITH_KNOTS('',1,(#5529,#5530),.UNSPECIFIED.,.F.,
  .F.,(2,2),(-5.65,0.),.PIECEWISE_BEZIER_KNOTS.);
#5529 = CARTESIAN_POINT('',(-10.39690623472,-5.65));
#5530 = CARTESIAN_POINT('',(-10.39690623472,0.));
#5531 = ( GEOMETRIC_REPRESENTATION_CONTEXT(2) 
PARAMETRIC_REPRESENTATION_CONTEXT() REPRESENTATION_CONTEXT('2D SPACE',''
  ) );
#5532 = ADVANCED_FACE('',(#5533),#2137,.T.);
#5533 = FACE_BOUND('',#5534,.F.);
#5534 = EDGE_LOOP('',(#5535,#5563,#5564,#5565));
#5535 = ORIENTED_EDGE('',*,*,#5536,.T.);
#5536 = EDGE_CURVE('',#5537,#5442,#5539,.T.);
#5537 = VERTEX_POINT('',#5538);
#5538 = CARTESIAN_POINT('',(158.56097433398,-89.06,-5.65));
#5539 = SURFACE_CURVE('',#5540,(#5545,#5552),.PCURVE_S1.);
#5540 = CIRCLE('',#5541,2.8);
#5541 = AXIS2_PLACEMENT_3D('',#5542,#5543,#5544);
#5542 = CARTESIAN_POINT('',(156.496,-90.951,-5.65));
#5543 = DIRECTION('',(0.,0.,-1.));
#5544 = DIRECTION('',(0.737490833565,0.675357142857,0.));
#5545 = PCURVE('',#2137,#5546);
#5546 = DEFINITIONAL_REPRESENTATION('',(#5547),#5551);
#5547 = LINE('',#5548,#5549);
#5548 = CARTESIAN_POINT('',(-7.024634169591,0.));
#5549 = VECTOR('',#5550,1.);
#5550 = DIRECTION('',(1.,-0.));
#5551 = ( GEOMETRIC_REPRESENTATION_CONTEXT(2) 
PARAMETRIC_REPRESENTATION_CONTEXT() REPRESENTATION_CONTEXT('2D SPACE',''
  ) );
#5552 = PCURVE('',#5201,#5553);
#5553 = DEFINITIONAL_REPRESENTATION('',(#5554),#5562);
#5554 = ( BOUNDED_CURVE() B_SPLINE_CURVE(2,(#5555,#5556,#5557,#5558,
#5559,#5560,#5561),.UNSPECIFIED.,.T.,.F.) B_SPLINE_CURVE_WITH_KNOTS((1,2
    ,2,2,2,1),(-2.094395102393,0.,2.094395102393,4.188790204786,
6.28318530718,8.377580409573),.UNSPECIFIED.) CURVE() 
GEOMETRIC_REPRESENTATION_ITEM() RATIONAL_B_SPLINE_CURVE((1.,0.5,1.,0.5,
1.,0.5,1.)) REPRESENTATION_ITEM('') );
#5555 = CARTESIAN_POINT('',(10.060974333981,31.768));
#5556 = CARTESIAN_POINT('',(13.336282411094,28.191359537219));
#5557 = CARTESIAN_POINT('',(8.601166871566,27.14317976861));
#5558 = CARTESIAN_POINT('',(3.866051332038,26.095));
#5559 = CARTESIAN_POINT('',(5.325858794453,30.71982023139));
#5560 = CARTESIAN_POINT('',(6.785666256868,35.344640462781));
#5561 = CARTESIAN_POINT('',(10.060974333981,31.768));
#5562 = ( GEOMETRIC_REPRESENTATION_CONTEXT(2) 
PARAMETRIC_REPRESENTATION_CONTEXT() REPRESENTATION_CONTEXT('2D SPACE',''
  ) );
#5563 = ORIENTED_EDGE('',*,*,#5464,.F.);
#5564 = ORIENTED_EDGE('',*,*,#2120,.T.);
#5565 = ORIENTED_EDGE('',*,*,#5566,.T.);
#5566 = EDGE_CURVE('',#2121,#5537,#5567,.T.);
#5567 = SURFACE_CURVE('',#5568,(#5572,#5578),.PCURVE_S1.);
#5568 = LINE('',#5569,#5570);
#5569 = CARTESIAN_POINT('',(158.56097433398,-89.06,-5.65));
#5570 = VECTOR('',#5571,1.);
#5571 = DIRECTION('',(-0.,-0.,-1.));
#5572 = PCURVE('',#2137,#5573);
#5573 = DEFINITIONAL_REPRESENTATION('',(#5574),#5577);
#5574 = B_SPLINE_CURVE_WITH_KNOTS('',1,(#5575,#5576),.UNSPECIFIED.,.F.,
  .F.,(2,2),(-5.65,0.),.PIECEWISE_BEZIER_KNOTS.);
#5575 = CARTESIAN_POINT('',(-7.024634169591,-5.65));
#5576 = CARTESIAN_POINT('',(-7.024634169591,0.));
#5577 = ( GEOMETRIC_REPRESENTATION_CONTEXT(2) 
PARAMETRIC_REPRESENTATION_CONTEXT() REPRESENTATION_CONTEXT('2D SPACE',''
  ) );
#5578 = PCURVE('',#2165,#5579);
#5579 = DEFINITIONAL_REPRESENTATION('',(#5580),#5583);
#5580 = B_SPLINE_CURVE_WITH_KNOTS('',1,(#5581,#5582),.UNSPECIFIED.,.F.,
  .F.,(2,2),(-5.6500006,5.999999999062E-07),.PIECEWISE_BEZIER_KNOTS.);
#5581 = CARTESIAN_POINT('',(1.259025666019,-5.6500006));
#5582 = CARTESIAN_POINT('',(1.259025666019,5.999999999062E-07));
#5583 = ( GEOMETRIC_REPRESENTATION_CONTEXT(2) 
PARAMETRIC_REPRESENTATION_CONTEXT() REPRESENTATION_CONTEXT('2D SPACE',''
  ) );
#5584 = ADVANCED_FACE('',(#5585),#2349,.T.);
#5585 = FACE_BOUND('',#5586,.F.);
#5586 = EDGE_LOOP('',(#5587,#5617,#5636,#5637,#5638,#5661,#5687,#5719));
#5587 = ORIENTED_EDGE('',*,*,#5588,.T.);
#5588 = EDGE_CURVE('',#5589,#5591,#5593,.T.);
#5589 = VERTEX_POINT('',#5590);
#5590 = CARTESIAN_POINT('',(149.95248828643,-148.9126666666,-5.65));
#5591 = VERTEX_POINT('',#5592);
#5592 = CARTESIAN_POINT('',(149.79614813968,-152.596,-5.65));
#5593 = SURFACE_CURVE('',#5594,(#5599,#5606),.PCURVE_S1.);
#5594 = CIRCLE('',#5595,2.3);
#5595 = AXIS2_PLACEMENT_3D('',#5596,#5597,#5598);
#5596 = CARTESIAN_POINT('',(148.5,-150.696,-5.65));
#5597 = DIRECTION('',(0.,0.,-1.));
#5598 = DIRECTION('',(0.631516646275,0.775362318841,0.));
#5599 = PCURVE('',#2349,#5600);
#5600 = DEFINITIONAL_REPRESENTATION('',(#5601),#5605);
#5601 = LINE('',#5602,#5603);
#5602 = CARTESIAN_POINT('',(-7.170473928375,0.));
#5603 = VECTOR('',#5604,1.);
#5604 = DIRECTION('',(1.,-0.));
#5605 = ( GEOMETRIC_REPRESENTATION_CONTEXT(2) 
PARAMETRIC_REPRESENTATION_CONTEXT() REPRESENTATION_CONTEXT('2D SPACE',''
  ) );
#5606 = PCURVE('',#5201,#5607);
#5607 = DEFINITIONAL_REPRESENTATION('',(#5608),#5616);
#5608 = ( BOUNDED_CURVE() B_SPLINE_CURVE(2,(#5609,#5610,#5611,#5612,
#5613,#5614,#5615),.UNSPECIFIED.,.T.,.F.) B_SPLINE_CURVE_WITH_KNOTS((1,2
    ,2,2,2,1),(-2.094395102393,0.,2.094395102393,4.188790204786,
6.28318530718,8.377580409573),.UNSPECIFIED.) CURVE() 
GEOMETRIC_REPRESENTATION_ITEM() RATIONAL_B_SPLINE_CURVE((1.,0.5,1.,0.5,
1.,0.5,1.)) REPRESENTATION_ITEM('') );
#5609 = CARTESIAN_POINT('',(1.452488286432,-28.08466666666));
#5610 = CARTESIAN_POINT('',(4.541312226597,-30.60045017616));
#5611 = CARTESIAN_POINT('',(0.818167826866,-32.01755842141));
#5612 = CARTESIAN_POINT('',(-2.904976572864,-33.43466666666));
#5613 = CARTESIAN_POINT('',(-2.270656113298,-29.50177491191));
#5614 = CARTESIAN_POINT('',(-1.636335653732,-25.56888315716));
#5615 = CARTESIAN_POINT('',(1.452488286432,-28.08466666666));
#5616 = ( GEOMETRIC_REPRESENTATION_CONTEXT(2) 
PARAMETRIC_REPRESENTATION_CONTEXT() REPRESENTATION_CONTEXT('2D SPACE',''
  ) );
#5617 = ORIENTED_EDGE('',*,*,#5618,.F.);
#5618 = EDGE_CURVE('',#2311,#5591,#5619,.T.);
#5619 = SURFACE_CURVE('',#5620,(#5624,#5630),.PCURVE_S1.);
#5620 = LINE('',#5621,#5622);
#5621 = CARTESIAN_POINT('',(149.79614813968,-152.596,-5.65));
#5622 = VECTOR('',#5623,1.);
#5623 = DIRECTION('',(-0.,-0.,-1.));
#5624 = PCURVE('',#2349,#5625);
#5625 = DEFINITIONAL_REPRESENTATION('',(#5626),#5629);
#5626 = B_SPLINE_CURVE_WITH_KNOTS('',1,(#5627,#5628),.UNSPECIFIED.,.F.,
  .F.,(2,2),(-5.65,0.),.PIECEWISE_BEZIER_KNOTS.);
#5627 = CARTESIAN_POINT('',(-5.31105703322,-5.65));
#5628 = CARTESIAN_POINT('',(-5.31105703322,0.));
#5629 = ( GEOMETRIC_REPRESENTATION_CONTEXT(2) 
PARAMETRIC_REPRESENTATION_CONTEXT() REPRESENTATION_CONTEXT('2D SPACE',''
  ) );
#5630 = PCURVE('',#2299,#5631);
#5631 = DEFINITIONAL_REPRESENTATION('',(#5632),#5635);
#5632 = B_SPLINE_CURVE_WITH_KNOTS('',1,(#5633,#5634),.UNSPECIFIED.,.F.,
  .F.,(2,2),(-5.6500006,5.999999999062E-07),.PIECEWISE_BEZIER_KNOTS.);
#5633 = CARTESIAN_POINT('',(12.616148139682,-5.6500006));
#5634 = CARTESIAN_POINT('',(12.616148139682,5.999999999062E-07));
#5635 = ( GEOMETRIC_REPRESENTATION_CONTEXT(2) 
PARAMETRIC_REPRESENTATION_CONTEXT() REPRESENTATION_CONTEXT('2D SPACE',''
  ) );
#5636 = ORIENTED_EDGE('',*,*,#2332,.T.);
#5637 = ORIENTED_EDGE('',*,*,#5514,.T.);
#5638 = ORIENTED_EDGE('',*,*,#5639,.F.);
#5639 = EDGE_CURVE('',#5640,#5489,#5642,.T.);
#5640 = VERTEX_POINT('',#5641);
#5641 = CARTESIAN_POINT('',(147.04751171356,-148.9126666666,-5.65));
#5642 = SURFACE_CURVE('',#5643,(#5648,#5654),.PCURVE_S1.);
#5643 = CIRCLE('',#5644,2.3);
#5644 = AXIS2_PLACEMENT_3D('',#5645,#5646,#5647);
#5645 = CARTESIAN_POINT('',(148.5,-150.696,-5.65));
#5646 = DIRECTION('',(0.,0.,1.));
#5647 = DIRECTION('',(1.,0.,0.));
#5648 = PCURVE('',#2349,#5649);
#5649 = DEFINITIONAL_REPRESENTATION('',(#5650),#5653);
#5650 = B_SPLINE_CURVE_WITH_KNOTS('',1,(#5651,#5652),.UNSPECIFIED.,.F.,
  .F.,(2,2),(2.254304032395,4.113720927549),.PIECEWISE_BEZIER_KNOTS.);
#5651 = CARTESIAN_POINT('',(-8.537489339574,0.));
#5652 = CARTESIAN_POINT('',(-10.39690623472,0.));
#5653 = ( GEOMETRIC_REPRESENTATION_CONTEXT(2) 
PARAMETRIC_REPRESENTATION_CONTEXT() REPRESENTATION_CONTEXT('2D SPACE',''
  ) );
#5654 = PCURVE('',#5201,#5655);
#5655 = DEFINITIONAL_REPRESENTATION('',(#5656),#5660);
#5656 = CIRCLE('',#5657,2.3);
#5657 = AXIS2_PLACEMENT_2D('',#5658,#5659);
#5658 = CARTESIAN_POINT('',(0.,-29.868));
#5659 = DIRECTION('',(1.,0.));
#5660 = ( GEOMETRIC_REPRESENTATION_CONTEXT(2) 
PARAMETRIC_REPRESENTATION_CONTEXT() REPRESENTATION_CONTEXT('2D SPACE',''
  ) );
#5661 = ORIENTED_EDGE('',*,*,#5662,.F.);
#5662 = EDGE_CURVE('',#5663,#5640,#5665,.T.);
#5663 = VERTEX_POINT('',#5664);
#5664 = CARTESIAN_POINT('',(147.04751171356,-148.9126666666,-2.7));
#5665 = SURFACE_CURVE('',#5666,(#5670,#5676),.PCURVE_S1.);
#5666 = LINE('',#5667,#5668);
#5667 = CARTESIAN_POINT('',(147.04751171356,-148.9126666666,-5.65));
#5668 = VECTOR('',#5669,1.);
#5669 = DIRECTION('',(-0.,-0.,-1.));
#5670 = PCURVE('',#2349,#5671);
#5671 = DEFINITIONAL_REPRESENTATION('',(#5672),#5675);
#5672 = B_SPLINE_CURVE_WITH_KNOTS('',1,(#5673,#5674),.UNSPECIFIED.,.F.,
  .F.,(2,2),(-2.95,0.),.PIECEWISE_BEZIER_KNOTS.);
#5673 = CARTESIAN_POINT('',(-8.537489339574,-2.95));
#5674 = CARTESIAN_POINT('',(-8.537489339574,0.));
#5675 = ( GEOMETRIC_REPRESENTATION_CONTEXT(2) 
PARAMETRIC_REPRESENTATION_CONTEXT() REPRESENTATION_CONTEXT('2D SPACE',''
  ) );
#5676 = PCURVE('',#5677,#5682);
#5677 = CYLINDRICAL_SURFACE('',#5678,2.1);
#5678 = AXIS2_PLACEMENT_3D('',#5679,#5680,#5681);
#5679 = CARTESIAN_POINT('',(148.5,-147.396,-5.65));
#5680 = DIRECTION('',(-0.,-0.,-1.));
#5681 = DIRECTION('',(1.,0.,0.));
#5682 = DEFINITIONAL_REPRESENTATION('',(#5683),#5686);
#5683 = B_SPLINE_CURVE_WITH_KNOTS('',1,(#5684,#5685),.UNSPECIFIED.,.F.,
  .F.,(2,2),(-2.95,0.),.PIECEWISE_BEZIER_KNOTS.);
#5684 = CARTESIAN_POINT('',(-10.23178779116,-2.95));
#5685 = CARTESIAN_POINT('',(-10.23178779116,0.));
#5686 = ( GEOMETRIC_REPRESENTATION_CONTEXT(2) 
PARAMETRIC_REPRESENTATION_CONTEXT() REPRESENTATION_CONTEXT('2D SPACE',''
  ) );
#5687 = ORIENTED_EDGE('',*,*,#5688,.T.);
#5688 = EDGE_CURVE('',#5663,#5689,#5691,.T.);
#5689 = VERTEX_POINT('',#5690);
#5690 = CARTESIAN_POINT('',(149.95248828643,-148.9126666666,-2.7));
#5691 = SURFACE_CURVE('',#5692,(#5697,#5703),.PCURVE_S1.);
#5692 = CIRCLE('',#5693,2.3);
#5693 = AXIS2_PLACEMENT_3D('',#5694,#5695,#5696);
#5694 = CARTESIAN_POINT('',(148.5,-150.696,-2.7));
#5695 = DIRECTION('',(0.,0.,-1.));
#5696 = DIRECTION('',(1.,0.,0.));
#5697 = PCURVE('',#2349,#5698);
#5698 = DEFINITIONAL_REPRESENTATION('',(#5699),#5702);
#5699 = B_SPLINE_CURVE_WITH_KNOTS('',1,(#5700,#5701),.UNSPECIFIED.,.F.,
  .F.,(2,2),(4.028881274785,5.395896685985),.PIECEWISE_BEZIER_KNOTS.);
#5700 = CARTESIAN_POINT('',(-8.537489339574,-2.95));
#5701 = CARTESIAN_POINT('',(-7.170473928375,-2.95));
#5702 = ( GEOMETRIC_REPRESENTATION_CONTEXT(2) 
PARAMETRIC_REPRESENTATION_CONTEXT() REPRESENTATION_CONTEXT('2D SPACE',''
  ) );
#5703 = PCURVE('',#5704,#5709);
#5704 = PLANE('',#5705);
#5705 = AXIS2_PLACEMENT_3D('',#5706,#5707,#5708);
#5706 = CARTESIAN_POINT('',(148.5,-147.396,-2.7));
#5707 = DIRECTION('',(0.,0.,1.));
#5708 = DIRECTION('',(1.,0.,-0.));
#5709 = DEFINITIONAL_REPRESENTATION('',(#5710),#5718);
#5710 = ( BOUNDED_CURVE() B_SPLINE_CURVE(2,(#5711,#5712,#5713,#5714,
#5715,#5716,#5717),.UNSPECIFIED.,.T.,.F.) B_SPLINE_CURVE_WITH_KNOTS((1,2
    ,2,2,2,1),(-2.094395102393,0.,2.094395102393,4.188790204786,
6.28318530718,8.377580409573),.UNSPECIFIED.) CURVE() 
GEOMETRIC_REPRESENTATION_ITEM() RATIONAL_B_SPLINE_CURVE((1.,0.5,1.,0.5,
1.,0.5,1.)) REPRESENTATION_ITEM('') );
#5711 = CARTESIAN_POINT('',(2.3,-3.3));
#5712 = CARTESIAN_POINT('',(2.3,-7.283716857408));
#5713 = CARTESIAN_POINT('',(-1.15,-5.291858428704));
#5714 = CARTESIAN_POINT('',(-4.6,-3.3));
#5715 = CARTESIAN_POINT('',(-1.15,-1.308141571296));
#5716 = CARTESIAN_POINT('',(2.3,0.683716857408));
#5717 = CARTESIAN_POINT('',(2.3,-3.3));
#5718 = ( GEOMETRIC_REPRESENTATION_CONTEXT(2) 
PARAMETRIC_REPRESENTATION_CONTEXT() REPRESENTATION_CONTEXT('2D SPACE',''
  ) );
#5719 = ORIENTED_EDGE('',*,*,#5720,.T.);
#5720 = EDGE_CURVE('',#5689,#5589,#5721,.T.);
#5721 = SURFACE_CURVE('',#5722,(#5726,#5732),.PCURVE_S1.);
#5722 = LINE('',#5723,#5724);
#5723 = CARTESIAN_POINT('',(149.95248828643,-148.9126666666,-5.65));
#5724 = VECTOR('',#5725,1.);
#5725 = DIRECTION('',(-0.,-0.,-1.));
#5726 = PCURVE('',#2349,#5727);
#5727 = DEFINITIONAL_REPRESENTATION('',(#5728),#5731);
#5728 = B_SPLINE_CURVE_WITH_KNOTS('',1,(#5729,#5730),.UNSPECIFIED.,.F.,
  .F.,(2,2),(-2.95,-0.),.PIECEWISE_BEZIER_KNOTS.);
#5729 = CARTESIAN_POINT('',(-7.170473928375,-2.95));
#5730 = CARTESIAN_POINT('',(-7.170473928375,0.));
#5731 = ( GEOMETRIC_REPRESENTATION_CONTEXT(2) 
PARAMETRIC_REPRESENTATION_CONTEXT() REPRESENTATION_CONTEXT('2D SPACE',''
  ) );
#5732 = PCURVE('',#5677,#5733);
#5733 = DEFINITIONAL_REPRESENTATION('',(#5734),#5737);
#5734 = B_SPLINE_CURVE_WITH_KNOTS('',1,(#5735,#5736),.UNSPECIFIED.,.F.,
  .F.,(2,2),(-2.95,-0.),.PIECEWISE_BEZIER_KNOTS.);
#5735 = CARTESIAN_POINT('',(-5.476175476783,-2.95));
#5736 = CARTESIAN_POINT('',(-5.476175476783,0.));
#5737 = ( GEOMETRIC_REPRESENTATION_CONTEXT(2) 
PARAMETRIC_REPRESENTATION_CONTEXT() REPRESENTATION_CONTEXT('2D SPACE',''
  ) );
#5738 = ADVANCED_FACE('',(#5739),#2165,.T.);
#5739 = FACE_BOUND('',#5740,.T.);
#5740 = EDGE_LOOP('',(#5741,#5764,#5785,#5786));
#5741 = ORIENTED_EDGE('',*,*,#5742,.F.);
#5742 = EDGE_CURVE('',#5743,#5537,#5745,.T.);
#5743 = VERTEX_POINT('',#5744);
#5744 = CARTESIAN_POINT('',(159.02,-89.06,-5.65));
#5745 = SURFACE_CURVE('',#5746,(#5750,#5757),.PCURVE_S1.);
#5746 = LINE('',#5747,#5748);
#5747 = CARTESIAN_POINT('',(159.82,-89.06,-5.65));
#5748 = VECTOR('',#5749,1.);
#5749 = DIRECTION('',(-1.,0.,0.));
#5750 = PCURVE('',#2165,#5751);
#5751 = DEFINITIONAL_REPRESENTATION('',(#5752),#5756);
#5752 = LINE('',#5753,#5754);
#5753 = CARTESIAN_POINT('',(0.,-0.));
#5754 = VECTOR('',#5755,1.);
#5755 = DIRECTION('',(1.,0.));
#5756 = ( GEOMETRIC_REPRESENTATION_CONTEXT(2) 
PARAMETRIC_REPRESENTATION_CONTEXT() REPRESENTATION_CONTEXT('2D SPACE',''
  ) );
#5757 = PCURVE('',#5201,#5758);
#5758 = DEFINITIONAL_REPRESENTATION('',(#5759),#5763);
#5759 = LINE('',#5760,#5761);
#5760 = CARTESIAN_POINT('',(11.32,31.768));
#5761 = VECTOR('',#5762,1.);
#5762 = DIRECTION('',(-1.,0.));
#5763 = ( GEOMETRIC_REPRESENTATION_CONTEXT(2) 
PARAMETRIC_REPRESENTATION_CONTEXT() REPRESENTATION_CONTEXT('2D SPACE',''
  ) );
#5764 = ORIENTED_EDGE('',*,*,#5765,.T.);
#5765 = EDGE_CURVE('',#5743,#2150,#5766,.T.);
#5766 = SURFACE_CURVE('',#5767,(#5771,#5778),.PCURVE_S1.);
#5767 = LINE('',#5768,#5769);
#5768 = CARTESIAN_POINT('',(159.02,-89.06,-5.65));
#5769 = VECTOR('',#5770,1.);
#5770 = DIRECTION('',(0.,0.,1.));
#5771 = PCURVE('',#2165,#5772);
#5772 = DEFINITIONAL_REPRESENTATION('',(#5773),#5777);
#5773 = LINE('',#5774,#5775);
#5774 = CARTESIAN_POINT('',(0.8,0.));
#5775 = VECTOR('',#5776,1.);
#5776 = DIRECTION('',(0.,-1.));
#5777 = ( GEOMETRIC_REPRESENTATION_CONTEXT(2) 
PARAMETRIC_REPRESENTATION_CONTEXT() REPRESENTATION_CONTEXT('2D SPACE',''
  ) );
#5778 = PCURVE('',#2193,#5779);
#5779 = DEFINITIONAL_REPRESENTATION('',(#5780),#5784);
#5780 = LINE('',#5781,#5782);
#5781 = CARTESIAN_POINT('',(1.570796326795,0.));
#5782 = VECTOR('',#5783,1.);
#5783 = DIRECTION('',(0.,1.));
#5784 = ( GEOMETRIC_REPRESENTATION_CONTEXT(2) 
PARAMETRIC_REPRESENTATION_CONTEXT() REPRESENTATION_CONTEXT('2D SPACE',''
  ) );
#5785 = ORIENTED_EDGE('',*,*,#2149,.F.);
#5786 = ORIENTED_EDGE('',*,*,#5566,.T.);
#5787 = ADVANCED_FACE('',(#5788),#2299,.T.);
#5788 = FACE_BOUND('',#5789,.T.);
#5789 = EDGE_LOOP('',(#5790,#5813,#5814,#5815,#5816));
#5790 = ORIENTED_EDGE('',*,*,#5791,.F.);
#5791 = EDGE_CURVE('',#5591,#5792,#5794,.T.);
#5792 = VERTEX_POINT('',#5793);
#5793 = CARTESIAN_POINT('',(159.02,-152.596,-5.65));
#5794 = SURFACE_CURVE('',#5795,(#5799,#5806),.PCURVE_S1.);
#5795 = LINE('',#5796,#5797);
#5796 = CARTESIAN_POINT('',(137.18,-152.596,-5.65));
#5797 = VECTOR('',#5798,1.);
#5798 = DIRECTION('',(1.,0.,0.));
#5799 = PCURVE('',#2299,#5800);
#5800 = DEFINITIONAL_REPRESENTATION('',(#5801),#5805);
#5801 = LINE('',#5802,#5803);
#5802 = CARTESIAN_POINT('',(0.,0.));
#5803 = VECTOR('',#5804,1.);
#5804 = DIRECTION('',(1.,0.));
#5805 = ( GEOMETRIC_REPRESENTATION_CONTEXT(2) 
PARAMETRIC_REPRESENTATION_CONTEXT() REPRESENTATION_CONTEXT('2D SPACE',''
  ) );
#5806 = PCURVE('',#5201,#5807);
#5807 = DEFINITIONAL_REPRESENTATION('',(#5808),#5812);
#5808 = LINE('',#5809,#5810);
#5809 = CARTESIAN_POINT('',(-11.32,-31.768));
#5810 = VECTOR('',#5811,1.);
#5811 = DIRECTION('',(1.,0.));
#5812 = ( GEOMETRIC_REPRESENTATION_CONTEXT(2) 
PARAMETRIC_REPRESENTATION_CONTEXT() REPRESENTATION_CONTEXT('2D SPACE',''
  ) );
#5813 = ORIENTED_EDGE('',*,*,#5618,.F.);
#5814 = ORIENTED_EDGE('',*,*,#2310,.F.);
#5815 = ORIENTED_EDGE('',*,*,#2283,.F.);
#5816 = ORIENTED_EDGE('',*,*,#5817,.F.);
#5817 = EDGE_CURVE('',#5792,#2255,#5818,.T.);
#5818 = SURFACE_CURVE('',#5819,(#5823,#5830),.PCURVE_S1.);
#5819 = LINE('',#5820,#5821);
#5820 = CARTESIAN_POINT('',(159.02,-152.596,-5.65));
#5821 = VECTOR('',#5822,1.);
#5822 = DIRECTION('',(0.,0.,1.));
#5823 = PCURVE('',#2299,#5824);
#5824 = DEFINITIONAL_REPRESENTATION('',(#5825),#5829);
#5825 = LINE('',#5826,#5827);
#5826 = CARTESIAN_POINT('',(21.84,0.));
#5827 = VECTOR('',#5828,1.);
#5828 = DIRECTION('',(0.,-1.));
#5829 = ( GEOMETRIC_REPRESENTATION_CONTEXT(2) 
PARAMETRIC_REPRESENTATION_CONTEXT() REPRESENTATION_CONTEXT('2D SPACE',''
  ) );
#5830 = PCURVE('',#2271,#5831);
#5831 = DEFINITIONAL_REPRESENTATION('',(#5832),#5836);
#5832 = LINE('',#5833,#5834);
#5833 = CARTESIAN_POINT('',(0.,0.));
#5834 = VECTOR('',#5835,1.);
#5835 = DIRECTION('',(0.,1.));
#5836 = ( GEOMETRIC_REPRESENTATION_CONTEXT(2) 
PARAMETRIC_REPRESENTATION_CONTEXT() REPRESENTATION_CONTEXT('2D SPACE',''
  ) );
#5837 = ADVANCED_FACE('',(#5838),#2193,.F.);
#5838 = FACE_BOUND('',#5839,.F.);
#5839 = EDGE_LOOP('',(#5840,#5863,#5885,#5886));
#5840 = ORIENTED_EDGE('',*,*,#5841,.F.);
#5841 = EDGE_CURVE('',#5842,#2177,#5844,.T.);
#5842 = VERTEX_POINT('',#5843);
#5843 = CARTESIAN_POINT('',(159.82,-89.86,-5.65));
#5844 = SURFACE_CURVE('',#5845,(#5849,#5856),.PCURVE_S1.);
#5845 = LINE('',#5846,#5847);
#5846 = CARTESIAN_POINT('',(159.82,-89.86,-5.65));
#5847 = VECTOR('',#5848,1.);
#5848 = DIRECTION('',(0.,0.,1.));
#5849 = PCURVE('',#2193,#5850);
#5850 = DEFINITIONAL_REPRESENTATION('',(#5851),#5855);
#5851 = LINE('',#5852,#5853);
#5852 = CARTESIAN_POINT('',(0.,0.));
#5853 = VECTOR('',#5854,1.);
#5854 = DIRECTION('',(0.,1.));
#5855 = ( GEOMETRIC_REPRESENTATION_CONTEXT(2) 
PARAMETRIC_REPRESENTATION_CONTEXT() REPRESENTATION_CONTEXT('2D SPACE',''
  ) );
#5856 = PCURVE('',#2221,#5857);
#5857 = DEFINITIONAL_REPRESENTATION('',(#5858),#5862);
#5858 = LINE('',#5859,#5860);
#5859 = CARTESIAN_POINT('',(62.736,0.));
#5860 = VECTOR('',#5861,1.);
#5861 = DIRECTION('',(0.,-1.));
#5862 = ( GEOMETRIC_REPRESENTATION_CONTEXT(2) 
PARAMETRIC_REPRESENTATION_CONTEXT() REPRESENTATION_CONTEXT('2D SPACE',''
  ) );
#5863 = ORIENTED_EDGE('',*,*,#5864,.T.);
#5864 = EDGE_CURVE('',#5842,#5743,#5865,.T.);
#5865 = SURFACE_CURVE('',#5866,(#5871,#5878),.PCURVE_S1.);
#5866 = CIRCLE('',#5867,0.8);
#5867 = AXIS2_PLACEMENT_3D('',#5868,#5869,#5870);
#5868 = CARTESIAN_POINT('',(159.02,-89.86,-5.65));
#5869 = DIRECTION('',(0.,0.,1.));
#5870 = DIRECTION('',(0.,-1.,0.));
#5871 = PCURVE('',#2193,#5872);
#5872 = DEFINITIONAL_REPRESENTATION('',(#5873),#5877);
#5873 = LINE('',#5874,#5875);
#5874 = CARTESIAN_POINT('',(-1.570796326795,8.881784197001E-16));
#5875 = VECTOR('',#5876,1.);
#5876 = DIRECTION('',(1.,0.));
#5877 = ( GEOMETRIC_REPRESENTATION_CONTEXT(2) 
PARAMETRIC_REPRESENTATION_CONTEXT() REPRESENTATION_CONTEXT('2D SPACE',''
  ) );
#5878 = PCURVE('',#5201,#5879);
#5879 = DEFINITIONAL_REPRESENTATION('',(#5880),#5884);
#5880 = CIRCLE('',#5881,0.8);
#5881 = AXIS2_PLACEMENT_2D('',#5882,#5883);
#5882 = CARTESIAN_POINT('',(10.52,30.968));
#5883 = DIRECTION('',(0.,-1.));
#5884 = ( GEOMETRIC_REPRESENTATION_CONTEXT(2) 
PARAMETRIC_REPRESENTATION_CONTEXT() REPRESENTATION_CONTEXT('2D SPACE',''
  ) );
#5885 = ORIENTED_EDGE('',*,*,#5765,.T.);
#5886 = ORIENTED_EDGE('',*,*,#2176,.F.);
#5887 = ADVANCED_FACE('',(#5888),#2271,.F.);
#5888 = FACE_BOUND('',#5889,.F.);
#5889 = EDGE_LOOP('',(#5890,#5891,#5915,#5936));
#5890 = ORIENTED_EDGE('',*,*,#5817,.F.);
#5891 = ORIENTED_EDGE('',*,*,#5892,.T.);
#5892 = EDGE_CURVE('',#5792,#5893,#5895,.T.);
#5893 = VERTEX_POINT('',#5894);
#5894 = CARTESIAN_POINT('',(159.82,-151.796,-5.65));
#5895 = SURFACE_CURVE('',#5896,(#5901,#5908),.PCURVE_S1.);
#5896 = CIRCLE('',#5897,0.8);
#5897 = AXIS2_PLACEMENT_3D('',#5898,#5899,#5900);
#5898 = CARTESIAN_POINT('',(159.02,-151.796,-5.65));
#5899 = DIRECTION('',(0.,0.,1.));
#5900 = DIRECTION('',(0.,-1.,0.));
#5901 = PCURVE('',#2271,#5902);
#5902 = DEFINITIONAL_REPRESENTATION('',(#5903),#5907);
#5903 = LINE('',#5904,#5905);
#5904 = CARTESIAN_POINT('',(0.,8.881784197001E-16));
#5905 = VECTOR('',#5906,1.);
#5906 = DIRECTION('',(1.,0.));
#5907 = ( GEOMETRIC_REPRESENTATION_CONTEXT(2) 
PARAMETRIC_REPRESENTATION_CONTEXT() REPRESENTATION_CONTEXT('2D SPACE',''
  ) );
#5908 = PCURVE('',#5201,#5909);
#5909 = DEFINITIONAL_REPRESENTATION('',(#5910),#5914);
#5910 = CIRCLE('',#5911,0.8);
#5911 = AXIS2_PLACEMENT_2D('',#5912,#5913);
#5912 = CARTESIAN_POINT('',(10.52,-30.968));
#5913 = DIRECTION('',(0.,-1.));
#5914 = ( GEOMETRIC_REPRESENTATION_CONTEXT(2) 
PARAMETRIC_REPRESENTATION_CONTEXT() REPRESENTATION_CONTEXT('2D SPACE',''
  ) );
#5915 = ORIENTED_EDGE('',*,*,#5916,.T.);
#5916 = EDGE_CURVE('',#5893,#2233,#5917,.T.);
#5917 = SURFACE_CURVE('',#5918,(#5922,#5929),.PCURVE_S1.);
#5918 = LINE('',#5919,#5920);
#5919 = CARTESIAN_POINT('',(159.82,-151.796,-5.65));
#5920 = VECTOR('',#5921,1.);
#5921 = DIRECTION('',(0.,0.,1.));
#5922 = PCURVE('',#2271,#5923);
#5923 = DEFINITIONAL_REPRESENTATION('',(#5924),#5928);
#5924 = LINE('',#5925,#5926);
#5925 = CARTESIAN_POINT('',(1.570796326795,0.));
#5926 = VECTOR('',#5927,1.);
#5927 = DIRECTION('',(0.,1.));
#5928 = ( GEOMETRIC_REPRESENTATION_CONTEXT(2) 
PARAMETRIC_REPRESENTATION_CONTEXT() REPRESENTATION_CONTEXT('2D SPACE',''
  ) );
#5929 = PCURVE('',#2221,#5930);
#5930 = DEFINITIONAL_REPRESENTATION('',(#5931),#5935);
#5931 = LINE('',#5932,#5933);
#5932 = CARTESIAN_POINT('',(0.8,0.));
#5933 = VECTOR('',#5934,1.);
#5934 = DIRECTION('',(0.,-1.));
#5935 = ( GEOMETRIC_REPRESENTATION_CONTEXT(2) 
PARAMETRIC_REPRESENTATION_CONTEXT() REPRESENTATION_CONTEXT('2D SPACE',''
  ) );
#5936 = ORIENTED_EDGE('',*,*,#2254,.F.);
#5937 = ADVANCED_FACE('',(#5938),#2221,.T.);
#5938 = FACE_BOUND('',#5939,.T.);
#5939 = EDGE_LOOP('',(#5940,#5961,#5962,#5963,#5964));
#5940 = ORIENTED_EDGE('',*,*,#5941,.F.);
#5941 = EDGE_CURVE('',#5893,#5842,#5942,.T.);
#5942 = SURFACE_CURVE('',#5943,(#5947,#5954),.PCURVE_S1.);
#5943 = LINE('',#5944,#5945);
#5944 = CARTESIAN_POINT('',(159.82,-152.596,-5.65));
#5945 = VECTOR('',#5946,1.);
#5946 = DIRECTION('',(0.,1.,0.));
#5947 = PCURVE('',#2221,#5948);
#5948 = DEFINITIONAL_REPRESENTATION('',(#5949),#5953);
#5949 = LINE('',#5950,#5951);
#5950 = CARTESIAN_POINT('',(0.,0.));
#5951 = VECTOR('',#5952,1.);
#5952 = DIRECTION('',(1.,0.));
#5953 = ( GEOMETRIC_REPRESENTATION_CONTEXT(2) 
PARAMETRIC_REPRESENTATION_CONTEXT() REPRESENTATION_CONTEXT('2D SPACE',''
  ) );
#5954 = PCURVE('',#5201,#5955);
#5955 = DEFINITIONAL_REPRESENTATION('',(#5956),#5960);
#5956 = LINE('',#5957,#5958);
#5957 = CARTESIAN_POINT('',(11.32,-31.768));
#5958 = VECTOR('',#5959,1.);
#5959 = DIRECTION('',(0.,1.));
#5960 = ( GEOMETRIC_REPRESENTATION_CONTEXT(2) 
PARAMETRIC_REPRESENTATION_CONTEXT() REPRESENTATION_CONTEXT('2D SPACE',''
  ) );
#5961 = ORIENTED_EDGE('',*,*,#5916,.T.);
#5962 = ORIENTED_EDGE('',*,*,#2232,.F.);
#5963 = ORIENTED_EDGE('',*,*,#2205,.F.);
#5964 = ORIENTED_EDGE('',*,*,#5841,.F.);
#5965 = ADVANCED_FACE('',(#5966),#2509,.F.);
#5966 = FACE_BOUND('',#5967,.T.);
#5967 = EDGE_LOOP('',(#5968,#5969,#5990,#5991));
#5968 = ORIENTED_EDGE('',*,*,#2956,.F.);
#5969 = ORIENTED_EDGE('',*,*,#5970,.T.);
#5970 = EDGE_CURVE('',#2933,#2489,#5971,.T.);
#5971 = SEAM_CURVE('',#5972,(#5976,#5983),.PCURVE_S1.);
#5972 = LINE('',#5973,#5974);
#5973 = CARTESIAN_POINT('',(158.196,-90.951,-7.85));
#5974 = VECTOR('',#5975,1.);
#5975 = DIRECTION('',(0.,0.,1.));
#5976 = PCURVE('',#2509,#5977);
#5977 = DEFINITIONAL_REPRESENTATION('',(#5978),#5982);
#5978 = LINE('',#5979,#5980);
#5979 = CARTESIAN_POINT('',(-6.28318530718,0.));
#5980 = VECTOR('',#5981,1.);
#5981 = DIRECTION('',(-0.,-1.));
#5982 = ( GEOMETRIC_REPRESENTATION_CONTEXT(2) 
PARAMETRIC_REPRESENTATION_CONTEXT() REPRESENTATION_CONTEXT('2D SPACE',''
  ) );
#5983 = PCURVE('',#2509,#5984);
#5984 = DEFINITIONAL_REPRESENTATION('',(#5985),#5989);
#5985 = LINE('',#5986,#5987);
#5986 = CARTESIAN_POINT('',(-0.,0.));
#5987 = VECTOR('',#5988,1.);
#5988 = DIRECTION('',(-0.,-1.));
#5989 = ( GEOMETRIC_REPRESENTATION_CONTEXT(2) 
PARAMETRIC_REPRESENTATION_CONTEXT() REPRESENTATION_CONTEXT('2D SPACE',''
  ) );
#5990 = ORIENTED_EDGE('',*,*,#2488,.F.);
#5991 = ORIENTED_EDGE('',*,*,#5970,.F.);
#5992 = ADVANCED_FACE('',(#5993),#2613,.F.);
#5993 = FACE_BOUND('',#5994,.F.);
#5994 = EDGE_LOOP('',(#5995,#5996,#5997));
#5995 = ORIENTED_EDGE('',*,*,#5053,.T.);
#5996 = ORIENTED_EDGE('',*,*,#2598,.F.);
#5997 = ORIENTED_EDGE('',*,*,#2752,.T.);
#5998 = ADVANCED_FACE('',(#5999),#2695,.F.);
#5999 = FACE_BOUND('',#6000,.F.);
#6000 = EDGE_LOOP('',(#6001,#6002,#6003));
#6001 = ORIENTED_EDGE('',*,*,#2679,.T.);
#6002 = ORIENTED_EDGE('',*,*,#2836,.F.);
#6003 = ORIENTED_EDGE('',*,*,#5080,.T.);
#6004 = ADVANCED_FACE('',(#6005),#3068,.F.);
#6005 = FACE_BOUND('',#6006,.F.);
#6006 = EDGE_LOOP('',(#6007,#6008,#6009,#6010,#6011,#6012,#6013,#6014));
#6007 = ORIENTED_EDGE('',*,*,#3105,.T.);
#6008 = ORIENTED_EDGE('',*,*,#3051,.T.);
#6009 = ORIENTED_EDGE('',*,*,#3154,.T.);
#6010 = ORIENTED_EDGE('',*,*,#3258,.T.);
#6011 = ORIENTED_EDGE('',*,*,#3356,.T.);
#6012 = ORIENTED_EDGE('',*,*,#3406,.T.);
#6013 = ORIENTED_EDGE('',*,*,#3307,.T.);
#6014 = ORIENTED_EDGE('',*,*,#3204,.F.);
#6015 = ADVANCED_FACE('',(#6016),#3473,.F.);
#6016 = FACE_BOUND('',#6017,.F.);
#6017 = EDGE_LOOP('',(#6018,#6019,#6020,#6021,#6022,#6023,#6024,#6025));
#6018 = ORIENTED_EDGE('',*,*,#3510,.T.);
#6019 = ORIENTED_EDGE('',*,*,#3456,.T.);
#6020 = ORIENTED_EDGE('',*,*,#3559,.T.);
#6021 = ORIENTED_EDGE('',*,*,#3663,.T.);
#6022 = ORIENTED_EDGE('',*,*,#3761,.T.);
#6023 = ORIENTED_EDGE('',*,*,#3811,.T.);
#6024 = ORIENTED_EDGE('',*,*,#3712,.T.);
#6025 = ORIENTED_EDGE('',*,*,#3609,.F.);
#6026 = ADVANCED_FACE('',(#6027),#3878,.F.);
#6027 = FACE_BOUND('',#6028,.F.);
#6028 = EDGE_LOOP('',(#6029,#6030,#6031,#6032,#6033,#6034,#6035,#6036));
#6029 = ORIENTED_EDGE('',*,*,#3915,.T.);
#6030 = ORIENTED_EDGE('',*,*,#3861,.T.);
#6031 = ORIENTED_EDGE('',*,*,#3964,.T.);
#6032 = ORIENTED_EDGE('',*,*,#4068,.T.);
#6033 = ORIENTED_EDGE('',*,*,#4166,.T.);
#6034 = ORIENTED_EDGE('',*,*,#4216,.T.);
#6035 = ORIENTED_EDGE('',*,*,#4117,.T.);
#6036 = ORIENTED_EDGE('',*,*,#4014,.F.);
#6037 = ADVANCED_FACE('',(#6038),#4283,.F.);
#6038 = FACE_BOUND('',#6039,.F.);
#6039 = EDGE_LOOP('',(#6040,#6041,#6042,#6043,#6044,#6045,#6046,#6047));
#6040 = ORIENTED_EDGE('',*,*,#4320,.T.);
#6041 = ORIENTED_EDGE('',*,*,#4266,.T.);
#6042 = ORIENTED_EDGE('',*,*,#4369,.T.);
#6043 = ORIENTED_EDGE('',*,*,#4473,.T.);
#6044 = ORIENTED_EDGE('',*,*,#4571,.T.);
#6045 = ORIENTED_EDGE('',*,*,#4621,.T.);
#6046 = ORIENTED_EDGE('',*,*,#4522,.T.);
#6047 = ORIENTED_EDGE('',*,*,#4419,.F.);
#6048 = ADVANCED_FACE('',(#6049),#4688,.F.);
#6049 = FACE_BOUND('',#6050,.F.);
#6050 = EDGE_LOOP('',(#6051,#6052,#6053,#6054,#6055,#6056,#6057,#6058));
#6051 = ORIENTED_EDGE('',*,*,#5026,.T.);
#6052 = ORIENTED_EDGE('',*,*,#4671,.T.);
#6053 = ORIENTED_EDGE('',*,*,#4725,.T.);
#6054 = ORIENTED_EDGE('',*,*,#4775,.T.);
#6055 = ORIENTED_EDGE('',*,*,#4824,.T.);
#6056 = ORIENTED_EDGE('',*,*,#4874,.T.);
#6057 = ORIENTED_EDGE('',*,*,#4923,.T.);
#6058 = ORIENTED_EDGE('',*,*,#4995,.F.);
#6059 = ADVANCED_FACE('',(#6060,#6103),#5201,.T.);
#6060 = FACE_BOUND('',#6061,.T.);
#6061 = EDGE_LOOP('',(#6062,#6063,#6064,#6065,#6091,#6092,#6093,#6094,
    #6095,#6096,#6097,#6098,#6099,#6100,#6101,#6102));
#6062 = ORIENTED_EDGE('',*,*,#5410,.F.);
#6063 = ORIENTED_EDGE('',*,*,#5488,.T.);
#6064 = ORIENTED_EDGE('',*,*,#5639,.F.);
#6065 = ORIENTED_EDGE('',*,*,#6066,.T.);
#6066 = EDGE_CURVE('',#5640,#5589,#6067,.T.);
#6067 = SURFACE_CURVE('',#6068,(#6073,#6084),.PCURVE_S1.);
#6068 = CIRCLE('',#6069,2.1);
#6069 = AXIS2_PLACEMENT_3D('',#6070,#6071,#6072);
#6070 = CARTESIAN_POINT('',(148.5,-147.396,-5.65));
#6071 = DIRECTION('',(-0.,0.,-1.));
#6072 = DIRECTION('',(-0.691661088777,-0.722222222222,0.));
#6073 = PCURVE('',#5201,#6074);
#6074 = DEFINITIONAL_REPRESENTATION('',(#6075),#6083);
#6075 = ( BOUNDED_CURVE() B_SPLINE_CURVE(2,(#6076,#6077,#6078,#6079,
#6080,#6081,#6082),.UNSPECIFIED.,.T.,.F.) B_SPLINE_CURVE_WITH_KNOTS((1,2
    ,2,2,2,1),(-2.094395102393,0.,2.094395102393,4.188790204786,
6.28318530718,8.377580409573),.UNSPECIFIED.) CURVE() 
GEOMETRIC_REPRESENTATION_ITEM() RATIONAL_B_SPLINE_CURVE((1.,0.5,1.,0.5,
1.,0.5,1.)) REPRESENTATION_ITEM('') );
#6076 = CARTESIAN_POINT('',(-1.452488286432,-28.08466666666));
#6077 = CARTESIAN_POINT('',(-4.079432011245,-25.56888315716));
#6078 = CARTESIAN_POINT('',(-0.58722771919,-24.55177491191));
#6079 = CARTESIAN_POINT('',(2.904976572864,-23.53466666666));
#6080 = CARTESIAN_POINT('',(2.039716005622,-27.06755842141));
#6081 = CARTESIAN_POINT('',(1.174455438381,-30.60045017616));
#6082 = CARTESIAN_POINT('',(-1.452488286432,-28.08466666666));
#6083 = ( GEOMETRIC_REPRESENTATION_CONTEXT(2) 
PARAMETRIC_REPRESENTATION_CONTEXT() REPRESENTATION_CONTEXT('2D SPACE',''
  ) );
#6084 = PCURVE('',#5677,#6085);
#6085 = DEFINITIONAL_REPRESENTATION('',(#6086),#6090);
#6086 = LINE('',#6087,#6088);
#6087 = CARTESIAN_POINT('',(-10.23178779116,0.));
#6088 = VECTOR('',#6089,1.);
#6089 = DIRECTION('',(1.,-0.));
#6090 = ( GEOMETRIC_REPRESENTATION_CONTEXT(2) 
PARAMETRIC_REPRESENTATION_CONTEXT() REPRESENTATION_CONTEXT('2D SPACE',''
  ) );
#6091 = ORIENTED_EDGE('',*,*,#5588,.T.);
#6092 = ORIENTED_EDGE('',*,*,#5791,.T.);
#6093 = ORIENTED_EDGE('',*,*,#5892,.T.);
#6094 = ORIENTED_EDGE('',*,*,#5941,.T.);
#6095 = ORIENTED_EDGE('',*,*,#5864,.T.);
#6096 = ORIENTED_EDGE('',*,*,#5742,.T.);
#6097 = ORIENTED_EDGE('',*,*,#5536,.T.);
#6098 = ORIENTED_EDGE('',*,*,#5441,.T.);
#6099 = ORIENTED_EDGE('',*,*,#5335,.T.);
#6100 = ORIENTED_EDGE('',*,*,#5238,.T.);
#6101 = ORIENTED_EDGE('',*,*,#5184,.T.);
#6102 = ORIENTED_EDGE('',*,*,#5285,.T.);
#6103 = FACE_BOUND('',#6104,.T.);
#6104 = EDGE_LOOP('',(#6105,#6133,#6159,#6185));
#6105 = ORIENTED_EDGE('',*,*,#6106,.T.);
#6106 = EDGE_CURVE('',#6107,#6109,#6111,.T.);
#6107 = VERTEX_POINT('',#6108);
#6108 = CARTESIAN_POINT('',(158.5,-122.396,-5.65));
#6109 = VERTEX_POINT('',#6110);
#6110 = CARTESIAN_POINT('',(158.5,-144.396,-5.65));
#6111 = SURFACE_CURVE('',#6112,(#6116,#6122),.PCURVE_S1.);
#6112 = LINE('',#6113,#6114);
#6113 = CARTESIAN_POINT('',(158.5,-132.612,-5.65));
#6114 = VECTOR('',#6115,1.);
#6115 = DIRECTION('',(0.,-1.,0.));
#6116 = PCURVE('',#5201,#6117);
#6117 = DEFINITIONAL_REPRESENTATION('',(#6118),#6121);
#6118 = B_SPLINE_CURVE_WITH_KNOTS('',1,(#6119,#6120),.UNSPECIFIED.,.F.,
  .F.,(2,2),(-10.216,11.784),.PIECEWISE_BEZIER_KNOTS.);
#6119 = CARTESIAN_POINT('',(10.,-1.568));
#6120 = CARTESIAN_POINT('',(10.,-23.568));
#6121 = ( GEOMETRIC_REPRESENTATION_CONTEXT(2) 
PARAMETRIC_REPRESENTATION_CONTEXT() REPRESENTATION_CONTEXT('2D SPACE',''
  ) );
#6122 = PCURVE('',#6123,#6128);
#6123 = PLANE('',#6124);
#6124 = AXIS2_PLACEMENT_3D('',#6125,#6126,#6127);
#6125 = CARTESIAN_POINT('',(158.5,-144.396,-5.66));
#6126 = DIRECTION('',(-1.,0.,0.));
#6127 = DIRECTION('',(0.,1.,0.));
#6128 = DEFINITIONAL_REPRESENTATION('',(#6129),#6132);
#6129 = B_SPLINE_CURVE_WITH_KNOTS('',1,(#6130,#6131),.UNSPECIFIED.,.F.,
  .F.,(2,2),(-10.216,11.784),.PIECEWISE_BEZIER_KNOTS.);
#6130 = CARTESIAN_POINT('',(22.,-1.E-02));
#6131 = CARTESIAN_POINT('',(0.,-1.E-02));
#6132 = ( GEOMETRIC_REPRESENTATION_CONTEXT(2) 
PARAMETRIC_REPRESENTATION_CONTEXT() REPRESENTATION_CONTEXT('2D SPACE',''
  ) );
#6133 = ORIENTED_EDGE('',*,*,#6134,.T.);
#6134 = EDGE_CURVE('',#6109,#6135,#6137,.T.);
#6135 = VERTEX_POINT('',#6136);
#6136 = CARTESIAN_POINT('',(138.5,-144.396,-5.65));
#6137 = SURFACE_CURVE('',#6138,(#6142,#6148),.PCURVE_S1.);
#6138 = LINE('',#6139,#6140);
#6139 = CARTESIAN_POINT('',(143.5,-144.396,-5.65));
#6140 = VECTOR('',#6141,1.);
#6141 = DIRECTION('',(-1.,0.,0.));
#6142 = PCURVE('',#5201,#6143);
#6143 = DEFINITIONAL_REPRESENTATION('',(#6144),#6147);
#6144 = B_SPLINE_CURVE_WITH_KNOTS('',1,(#6145,#6146),.UNSPECIFIED.,.F.,
  .F.,(2,2),(-15.,5.),.PIECEWISE_BEZIER_KNOTS.);
#6145 = CARTESIAN_POINT('',(10.,-23.568));
#6146 = CARTESIAN_POINT('',(-10.,-23.568));
#6147 = ( GEOMETRIC_REPRESENTATION_CONTEXT(2) 
PARAMETRIC_REPRESENTATION_CONTEXT() REPRESENTATION_CONTEXT('2D SPACE',''
  ) );
#6148 = PCURVE('',#6149,#6154);
#6149 = PLANE('',#6150);
#6150 = AXIS2_PLACEMENT_3D('',#6151,#6152,#6153);
#6151 = CARTESIAN_POINT('',(138.5,-144.396,-5.66));
#6152 = DIRECTION('',(0.,1.,0.));
#6153 = DIRECTION('',(1.,0.,0.));
#6154 = DEFINITIONAL_REPRESENTATION('',(#6155),#6158);
#6155 = B_SPLINE_CURVE_WITH_KNOTS('',1,(#6156,#6157),.UNSPECIFIED.,.F.,
  .F.,(2,2),(-15.,5.),.PIECEWISE_BEZIER_KNOTS.);
#6156 = CARTESIAN_POINT('',(20.,-1.E-02));
#6157 = CARTESIAN_POINT('',(0.,-1.E-02));
#6158 = ( GEOMETRIC_REPRESENTATION_CONTEXT(2) 
PARAMETRIC_REPRESENTATION_CONTEXT() REPRESENTATION_CONTEXT('2D SPACE',''
  ) );
#6159 = ORIENTED_EDGE('',*,*,#6160,.T.);
#6160 = EDGE_CURVE('',#6135,#6161,#6163,.T.);
#6161 = VERTEX_POINT('',#6162);
#6162 = CARTESIAN_POINT('',(138.5,-122.396,-5.65));
#6163 = SURFACE_CURVE('',#6164,(#6168,#6174),.PCURVE_S1.);
#6164 = LINE('',#6165,#6166);
#6165 = CARTESIAN_POINT('',(138.5,-121.612,-5.65));
#6166 = VECTOR('',#6167,1.);
#6167 = DIRECTION('',(-0.,1.,0.));
#6168 = PCURVE('',#5201,#6169);
#6169 = DEFINITIONAL_REPRESENTATION('',(#6170),#6173);
#6170 = B_SPLINE_CURVE_WITH_KNOTS('',1,(#6171,#6172),.UNSPECIFIED.,.F.,
  .F.,(2,2),(-22.784,-0.784),.PIECEWISE_BEZIER_KNOTS.);
#6171 = CARTESIAN_POINT('',(-10.,-23.568));
#6172 = CARTESIAN_POINT('',(-10.,-1.568));
#6173 = ( GEOMETRIC_REPRESENTATION_CONTEXT(2) 
PARAMETRIC_REPRESENTATION_CONTEXT() REPRESENTATION_CONTEXT('2D SPACE',''
  ) );
#6174 = PCURVE('',#6175,#6180);
#6175 = PLANE('',#6176);
#6176 = AXIS2_PLACEMENT_3D('',#6177,#6178,#6179);
#6177 = CARTESIAN_POINT('',(138.5,-122.396,-5.66));
#6178 = DIRECTION('',(1.,0.,-0.));
#6179 = DIRECTION('',(0.,-1.,0.));
#6180 = DEFINITIONAL_REPRESENTATION('',(#6181),#6184);
#6181 = B_SPLINE_CURVE_WITH_KNOTS('',1,(#6182,#6183),.UNSPECIFIED.,.F.,
  .F.,(2,2),(-22.784,-0.784),.PIECEWISE_BEZIER_KNOTS.);
#6182 = CARTESIAN_POINT('',(22.,-1.E-02));
#6183 = CARTESIAN_POINT('',(0.,-1.E-02));
#6184 = ( GEOMETRIC_REPRESENTATION_CONTEXT(2) 
PARAMETRIC_REPRESENTATION_CONTEXT() REPRESENTATION_CONTEXT('2D SPACE',''
  ) );
#6185 = ORIENTED_EDGE('',*,*,#6186,.T.);
#6186 = EDGE_CURVE('',#6161,#6107,#6187,.T.);
#6187 = SURFACE_CURVE('',#6188,(#6192,#6198),.PCURVE_S1.);
#6188 = LINE('',#6189,#6190);
#6189 = CARTESIAN_POINT('',(153.5,-122.396,-5.65));
#6190 = VECTOR('',#6191,1.);
#6191 = DIRECTION('',(1.,0.,-0.));
#6192 = PCURVE('',#5201,#6193);
#6193 = DEFINITIONAL_REPRESENTATION('',(#6194),#6197);
#6194 = B_SPLINE_CURVE_WITH_KNOTS('',1,(#6195,#6196),.UNSPECIFIED.,.F.,
  .F.,(2,2),(-15.,5.),.PIECEWISE_BEZIER_KNOTS.);
#6195 = CARTESIAN_POINT('',(-10.,-1.568));
#6196 = CARTESIAN_POINT('',(10.,-1.568));
#6197 = ( GEOMETRIC_REPRESENTATION_CONTEXT(2) 
PARAMETRIC_REPRESENTATION_CONTEXT() REPRESENTATION_CONTEXT('2D SPACE',''
  ) );
#6198 = PCURVE('',#6199,#6204);
#6199 = PLANE('',#6200);
#6200 = AXIS2_PLACEMENT_3D('',#6201,#6202,#6203);
#6201 = CARTESIAN_POINT('',(158.5,-122.396,-5.66));
#6202 = DIRECTION('',(0.,-1.,0.));
#6203 = DIRECTION('',(-1.,0.,0.));
#6204 = DEFINITIONAL_REPRESENTATION('',(#6205),#6208);
#6205 = B_SPLINE_CURVE_WITH_KNOTS('',1,(#6206,#6207),.UNSPECIFIED.,.F.,
  .F.,(2,2),(-15.,5.),.PIECEWISE_BEZIER_KNOTS.);
#6206 = CARTESIAN_POINT('',(20.,-1.E-02));
#6207 = CARTESIAN_POINT('',(0.,-1.E-02));
#6208 = ( GEOMETRIC_REPRESENTATION_CONTEXT(2) 
PARAMETRIC_REPRESENTATION_CONTEXT() REPRESENTATION_CONTEXT('2D SPACE',''
  ) );
#6209 = ADVANCED_FACE('',(#6210),#5677,.T.);
#6210 = FACE_BOUND('',#6211,.F.);
#6211 = EDGE_LOOP('',(#6212,#6238,#6239,#6240));
#6212 = ORIENTED_EDGE('',*,*,#6213,.F.);
#6213 = EDGE_CURVE('',#5663,#5689,#6214,.T.);
#6214 = SURFACE_CURVE('',#6215,(#6220,#6227),.PCURVE_S1.);
#6215 = CIRCLE('',#6216,2.1);
#6216 = AXIS2_PLACEMENT_3D('',#6217,#6218,#6219);
#6217 = CARTESIAN_POINT('',(148.5,-147.396,-2.7));
#6218 = DIRECTION('',(-0.,0.,-1.));
#6219 = DIRECTION('',(-0.691661088778,-0.722222222222,0.));
#6220 = PCURVE('',#5677,#6221);
#6221 = DEFINITIONAL_REPRESENTATION('',(#6222),#6226);
#6222 = LINE('',#6223,#6224);
#6223 = CARTESIAN_POINT('',(-10.23178779116,-2.95));
#6224 = VECTOR('',#6225,1.);
#6225 = DIRECTION('',(1.,-0.));
#6226 = ( GEOMETRIC_REPRESENTATION_CONTEXT(2) 
PARAMETRIC_REPRESENTATION_CONTEXT() REPRESENTATION_CONTEXT('2D SPACE',''
  ) );
#6227 = PCURVE('',#5704,#6228);
#6228 = DEFINITIONAL_REPRESENTATION('',(#6229),#6237);
#6229 = ( BOUNDED_CURVE() B_SPLINE_CURVE(2,(#6230,#6231,#6232,#6233,
#6234,#6235,#6236),.UNSPECIFIED.,.T.,.F.) B_SPLINE_CURVE_WITH_KNOTS((1,2
    ,2,2,2,1),(-2.094395102393,0.,2.094395102393,4.188790204786,
6.28318530718,8.377580409573),.UNSPECIFIED.) CURVE() 
GEOMETRIC_REPRESENTATION_ITEM() RATIONAL_B_SPLINE_CURVE((1.,0.5,1.,0.5,
1.,0.5,1.)) REPRESENTATION_ITEM('') );
#6230 = CARTESIAN_POINT('',(-1.452488286433,-1.516666666665));
#6231 = CARTESIAN_POINT('',(-4.079432011244,0.999116842836));
#6232 = CARTESIAN_POINT('',(-0.587227719189,2.016225088083));
#6233 = CARTESIAN_POINT('',(2.904976572867,3.033333333331));
#6234 = CARTESIAN_POINT('',(2.039716005622,-0.499558421418));
#6235 = CARTESIAN_POINT('',(1.174455438377,-4.032450176167));
#6236 = CARTESIAN_POINT('',(-1.452488286433,-1.516666666665));
#6237 = ( GEOMETRIC_REPRESENTATION_CONTEXT(2) 
PARAMETRIC_REPRESENTATION_CONTEXT() REPRESENTATION_CONTEXT('2D SPACE',''
  ) );
#6238 = ORIENTED_EDGE('',*,*,#5662,.T.);
#6239 = ORIENTED_EDGE('',*,*,#6066,.T.);
#6240 = ORIENTED_EDGE('',*,*,#5720,.F.);
#6241 = ADVANCED_FACE('',(#6242,#6246),#5704,.T.);
#6242 = FACE_BOUND('',#6243,.T.);
#6243 = EDGE_LOOP('',(#6244,#6245));
#6244 = ORIENTED_EDGE('',*,*,#5688,.T.);
#6245 = ORIENTED_EDGE('',*,*,#6213,.F.);
#6246 = FACE_BOUND('',#6247,.T.);
#6247 = EDGE_LOOP('',(#6248));
#6248 = ORIENTED_EDGE('',*,*,#6249,.T.);
#6249 = EDGE_CURVE('',#6250,#6250,#6252,.T.);
#6250 = VERTEX_POINT('',#6251);
#6251 = CARTESIAN_POINT('',(149.35,-147.396,-2.7));
#6252 = SURFACE_CURVE('',#6253,(#6258,#6269),.PCURVE_S1.);
#6253 = CIRCLE('',#6254,0.85);
#6254 = AXIS2_PLACEMENT_3D('',#6255,#6256,#6257);
#6255 = CARTESIAN_POINT('',(148.5,-147.396,-2.7));
#6256 = DIRECTION('',(0.,0.,-1.));
#6257 = DIRECTION('',(1.,0.,0.));
#6258 = PCURVE('',#5704,#6259);
#6259 = DEFINITIONAL_REPRESENTATION('',(#6260),#6268);
#6260 = ( BOUNDED_CURVE() B_SPLINE_CURVE(2,(#6261,#6262,#6263,#6264,
#6265,#6266,#6267),.UNSPECIFIED.,.T.,.F.) B_SPLINE_CURVE_WITH_KNOTS((1,2
    ,2,2,2,1),(-2.094395102393,0.,2.094395102393,4.188790204786,
6.28318530718,8.377580409573),.UNSPECIFIED.) CURVE() 
GEOMETRIC_REPRESENTATION_ITEM() RATIONAL_B_SPLINE_CURVE((1.,0.5,1.,0.5,
1.,0.5,1.)) REPRESENTATION_ITEM('') );
#6261 = CARTESIAN_POINT('',(0.85,0.));
#6262 = CARTESIAN_POINT('',(0.85,-1.472243186434));
#6263 = CARTESIAN_POINT('',(-0.425,-0.736121593217));
#6264 = CARTESIAN_POINT('',(-1.7,-2.081899558551E-16));
#6265 = CARTESIAN_POINT('',(-0.425,0.736121593217));
#6266 = CARTESIAN_POINT('',(0.85,1.472243186434));
#6267 = CARTESIAN_POINT('',(0.85,0.));
#6268 = ( GEOMETRIC_REPRESENTATION_CONTEXT(2) 
PARAMETRIC_REPRESENTATION_CONTEXT() REPRESENTATION_CONTEXT('2D SPACE',''
  ) );
#6269 = PCURVE('',#6270,#6275);
#6270 = CYLINDRICAL_SURFACE('',#6271,0.85);
#6271 = AXIS2_PLACEMENT_3D('',#6272,#6273,#6274);
#6272 = CARTESIAN_POINT('',(148.5,-147.396,-5.65));
#6273 = DIRECTION('',(-0.,-0.,-1.));
#6274 = DIRECTION('',(1.,0.,0.));
#6275 = DEFINITIONAL_REPRESENTATION('',(#6276),#6280);
#6276 = LINE('',#6277,#6278);
#6277 = CARTESIAN_POINT('',(-6.28318530718,-2.95));
#6278 = VECTOR('',#6279,1.);
#6279 = DIRECTION('',(1.,-0.));
#6280 = ( GEOMETRIC_REPRESENTATION_CONTEXT(2) 
PARAMETRIC_REPRESENTATION_CONTEXT() REPRESENTATION_CONTEXT('2D SPACE',''
  ) );
#6281 = ADVANCED_FACE('',(#6282),#6123,.F.);
#6282 = FACE_BOUND('',#6283,.F.);
#6283 = EDGE_LOOP('',(#6284,#6285,#6308,#6336));
#6284 = ORIENTED_EDGE('',*,*,#6106,.T.);
#6285 = ORIENTED_EDGE('',*,*,#6286,.T.);
#6286 = EDGE_CURVE('',#6109,#6287,#6289,.T.);
#6287 = VERTEX_POINT('',#6288);
#6288 = CARTESIAN_POINT('',(158.5,-144.396,-4.85));
#6289 = SURFACE_CURVE('',#6290,(#6294,#6301),.PCURVE_S1.);
#6290 = LINE('',#6291,#6292);
#6291 = CARTESIAN_POINT('',(158.5,-144.396,-5.66));
#6292 = VECTOR('',#6293,1.);
#6293 = DIRECTION('',(0.,0.,1.));
#6294 = PCURVE('',#6123,#6295);
#6295 = DEFINITIONAL_REPRESENTATION('',(#6296),#6300);
#6296 = LINE('',#6297,#6298);
#6297 = CARTESIAN_POINT('',(0.,0.));
#6298 = VECTOR('',#6299,1.);
#6299 = DIRECTION('',(0.,-1.));
#6300 = ( GEOMETRIC_REPRESENTATION_CONTEXT(2) 
PARAMETRIC_REPRESENTATION_CONTEXT() REPRESENTATION_CONTEXT('2D SPACE',''
  ) );
#6301 = PCURVE('',#6149,#6302);
#6302 = DEFINITIONAL_REPRESENTATION('',(#6303),#6307);
#6303 = LINE('',#6304,#6305);
#6304 = CARTESIAN_POINT('',(20.,0.));
#6305 = VECTOR('',#6306,1.);
#6306 = DIRECTION('',(0.,-1.));
#6307 = ( GEOMETRIC_REPRESENTATION_CONTEXT(2) 
PARAMETRIC_REPRESENTATION_CONTEXT() REPRESENTATION_CONTEXT('2D SPACE',''
  ) );
#6308 = ORIENTED_EDGE('',*,*,#6309,.T.);
#6309 = EDGE_CURVE('',#6287,#6310,#6312,.T.);
#6310 = VERTEX_POINT('',#6311);
#6311 = CARTESIAN_POINT('',(158.5,-122.396,-4.85));
#6312 = SURFACE_CURVE('',#6313,(#6317,#6324),.PCURVE_S1.);
#6313 = LINE('',#6314,#6315);
#6314 = CARTESIAN_POINT('',(158.5,-144.396,-4.85));
#6315 = VECTOR('',#6316,1.);
#6316 = DIRECTION('',(0.,1.,0.));
#6317 = PCURVE('',#6123,#6318);
#6318 = DEFINITIONAL_REPRESENTATION('',(#6319),#6323);
#6319 = LINE('',#6320,#6321);
#6320 = CARTESIAN_POINT('',(0.,-0.81));
#6321 = VECTOR('',#6322,1.);
#6322 = DIRECTION('',(1.,0.));
#6323 = ( GEOMETRIC_REPRESENTATION_CONTEXT(2) 
PARAMETRIC_REPRESENTATION_CONTEXT() REPRESENTATION_CONTEXT('2D SPACE',''
  ) );
#6324 = PCURVE('',#6325,#6330);
#6325 = PLANE('',#6326);
#6326 = AXIS2_PLACEMENT_3D('',#6327,#6328,#6329);
#6327 = CARTESIAN_POINT('',(148.5,-133.396,-4.85));
#6328 = DIRECTION('',(0.,0.,1.));
#6329 = DIRECTION('',(1.,0.,-0.));
#6330 = DEFINITIONAL_REPRESENTATION('',(#6331),#6335);
#6331 = LINE('',#6332,#6333);
#6332 = CARTESIAN_POINT('',(10.,-11.));
#6333 = VECTOR('',#6334,1.);
#6334 = DIRECTION('',(0.,1.));
#6335 = ( GEOMETRIC_REPRESENTATION_CONTEXT(2) 
PARAMETRIC_REPRESENTATION_CONTEXT() REPRESENTATION_CONTEXT('2D SPACE',''
  ) );
#6336 = ORIENTED_EDGE('',*,*,#6337,.F.);
#6337 = EDGE_CURVE('',#6107,#6310,#6338,.T.);
#6338 = SURFACE_CURVE('',#6339,(#6343,#6350),.PCURVE_S1.);
#6339 = LINE('',#6340,#6341);
#6340 = CARTESIAN_POINT('',(158.5,-122.396,-5.66));
#6341 = VECTOR('',#6342,1.);
#6342 = DIRECTION('',(0.,0.,1.));
#6343 = PCURVE('',#6123,#6344);
#6344 = DEFINITIONAL_REPRESENTATION('',(#6345),#6349);
#6345 = LINE('',#6346,#6347);
#6346 = CARTESIAN_POINT('',(22.,0.));
#6347 = VECTOR('',#6348,1.);
#6348 = DIRECTION('',(0.,-1.));
#6349 = ( GEOMETRIC_REPRESENTATION_CONTEXT(2) 
PARAMETRIC_REPRESENTATION_CONTEXT() REPRESENTATION_CONTEXT('2D SPACE',''
  ) );
#6350 = PCURVE('',#6199,#6351);
#6351 = DEFINITIONAL_REPRESENTATION('',(#6352),#6356);
#6352 = LINE('',#6353,#6354);
#6353 = CARTESIAN_POINT('',(0.,-0.));
#6354 = VECTOR('',#6355,1.);
#6355 = DIRECTION('',(0.,-1.));
#6356 = ( GEOMETRIC_REPRESENTATION_CONTEXT(2) 
PARAMETRIC_REPRESENTATION_CONTEXT() REPRESENTATION_CONTEXT('2D SPACE',''
  ) );
#6357 = ADVANCED_FACE('',(#6358),#6199,.F.);
#6358 = FACE_BOUND('',#6359,.F.);
#6359 = EDGE_LOOP('',(#6360,#6361,#6362,#6385));
#6360 = ORIENTED_EDGE('',*,*,#6186,.T.);
#6361 = ORIENTED_EDGE('',*,*,#6337,.T.);
#6362 = ORIENTED_EDGE('',*,*,#6363,.T.);
#6363 = EDGE_CURVE('',#6310,#6364,#6366,.T.);
#6364 = VERTEX_POINT('',#6365);
#6365 = CARTESIAN_POINT('',(138.5,-122.396,-4.85));
#6366 = SURFACE_CURVE('',#6367,(#6371,#6378),.PCURVE_S1.);
#6367 = LINE('',#6368,#6369);
#6368 = CARTESIAN_POINT('',(158.5,-122.396,-4.85));
#6369 = VECTOR('',#6370,1.);
#6370 = DIRECTION('',(-1.,0.,0.));
#6371 = PCURVE('',#6199,#6372);
#6372 = DEFINITIONAL_REPRESENTATION('',(#6373),#6377);
#6373 = LINE('',#6374,#6375);
#6374 = CARTESIAN_POINT('',(0.,-0.81));
#6375 = VECTOR('',#6376,1.);
#6376 = DIRECTION('',(1.,0.));
#6377 = ( GEOMETRIC_REPRESENTATION_CONTEXT(2) 
PARAMETRIC_REPRESENTATION_CONTEXT() REPRESENTATION_CONTEXT('2D SPACE',''
  ) );
#6378 = PCURVE('',#6325,#6379);
#6379 = DEFINITIONAL_REPRESENTATION('',(#6380),#6384);
#6380 = LINE('',#6381,#6382);
#6381 = CARTESIAN_POINT('',(10.,11.));
#6382 = VECTOR('',#6383,1.);
#6383 = DIRECTION('',(-1.,0.));
#6384 = ( GEOMETRIC_REPRESENTATION_CONTEXT(2) 
PARAMETRIC_REPRESENTATION_CONTEXT() REPRESENTATION_CONTEXT('2D SPACE',''
  ) );
#6385 = ORIENTED_EDGE('',*,*,#6386,.F.);
#6386 = EDGE_CURVE('',#6161,#6364,#6387,.T.);
#6387 = SURFACE_CURVE('',#6388,(#6392,#6399),.PCURVE_S1.);
#6388 = LINE('',#6389,#6390);
#6389 = CARTESIAN_POINT('',(138.5,-122.396,-5.66));
#6390 = VECTOR('',#6391,1.);
#6391 = DIRECTION('',(0.,0.,1.));
#6392 = PCURVE('',#6199,#6393);
#6393 = DEFINITIONAL_REPRESENTATION('',(#6394),#6398);
#6394 = LINE('',#6395,#6396);
#6395 = CARTESIAN_POINT('',(20.,0.));
#6396 = VECTOR('',#6397,1.);
#6397 = DIRECTION('',(0.,-1.));
#6398 = ( GEOMETRIC_REPRESENTATION_CONTEXT(2) 
PARAMETRIC_REPRESENTATION_CONTEXT() REPRESENTATION_CONTEXT('2D SPACE',''
  ) );
#6399 = PCURVE('',#6175,#6400);
#6400 = DEFINITIONAL_REPRESENTATION('',(#6401),#6405);
#6401 = LINE('',#6402,#6403);
#6402 = CARTESIAN_POINT('',(0.,0.));
#6403 = VECTOR('',#6404,1.);
#6404 = DIRECTION('',(0.,-1.));
#6405 = ( GEOMETRIC_REPRESENTATION_CONTEXT(2) 
PARAMETRIC_REPRESENTATION_CONTEXT() REPRESENTATION_CONTEXT('2D SPACE',''
  ) );
#6406 = ADVANCED_FACE('',(#6407),#6175,.F.);
#6407 = FACE_BOUND('',#6408,.F.);
#6408 = EDGE_LOOP('',(#6409,#6410,#6411,#6434));
#6409 = ORIENTED_EDGE('',*,*,#6160,.T.);
#6410 = ORIENTED_EDGE('',*,*,#6386,.T.);
#6411 = ORIENTED_EDGE('',*,*,#6412,.T.);
#6412 = EDGE_CURVE('',#6364,#6413,#6415,.T.);
#6413 = VERTEX_POINT('',#6414);
#6414 = CARTESIAN_POINT('',(138.5,-144.396,-4.85));
#6415 = SURFACE_CURVE('',#6416,(#6420,#6427),.PCURVE_S1.);
#6416 = LINE('',#6417,#6418);
#6417 = CARTESIAN_POINT('',(138.5,-122.396,-4.85));
#6418 = VECTOR('',#6419,1.);
#6419 = DIRECTION('',(0.,-1.,0.));
#6420 = PCURVE('',#6175,#6421);
#6421 = DEFINITIONAL_REPRESENTATION('',(#6422),#6426);
#6422 = LINE('',#6423,#6424);
#6423 = CARTESIAN_POINT('',(0.,-0.81));
#6424 = VECTOR('',#6425,1.);
#6425 = DIRECTION('',(1.,0.));
#6426 = ( GEOMETRIC_REPRESENTATION_CONTEXT(2) 
PARAMETRIC_REPRESENTATION_CONTEXT() REPRESENTATION_CONTEXT('2D SPACE',''
  ) );
#6427 = PCURVE('',#6325,#6428);
#6428 = DEFINITIONAL_REPRESENTATION('',(#6429),#6433);
#6429 = LINE('',#6430,#6431);
#6430 = CARTESIAN_POINT('',(-10.,11.));
#6431 = VECTOR('',#6432,1.);
#6432 = DIRECTION('',(0.,-1.));
#6433 = ( GEOMETRIC_REPRESENTATION_CONTEXT(2) 
PARAMETRIC_REPRESENTATION_CONTEXT() REPRESENTATION_CONTEXT('2D SPACE',''
  ) );
#6434 = ORIENTED_EDGE('',*,*,#6435,.F.);
#6435 = EDGE_CURVE('',#6135,#6413,#6436,.T.);
#6436 = SURFACE_CURVE('',#6437,(#6441,#6448),.PCURVE_S1.);
#6437 = LINE('',#6438,#6439);
#6438 = CARTESIAN_POINT('',(138.5,-144.396,-5.66));
#6439 = VECTOR('',#6440,1.);
#6440 = DIRECTION('',(0.,0.,1.));
#6441 = PCURVE('',#6175,#6442);
#6442 = DEFINITIONAL_REPRESENTATION('',(#6443),#6447);
#6443 = LINE('',#6444,#6445);
#6444 = CARTESIAN_POINT('',(22.,0.));
#6445 = VECTOR('',#6446,1.);
#6446 = DIRECTION('',(0.,-1.));
#6447 = ( GEOMETRIC_REPRESENTATION_CONTEXT(2) 
PARAMETRIC_REPRESENTATION_CONTEXT() REPRESENTATION_CONTEXT('2D SPACE',''
  ) );
#6448 = PCURVE('',#6149,#6449);
#6449 = DEFINITIONAL_REPRESENTATION('',(#6450),#6454);
#6450 = LINE('',#6451,#6452);
#6451 = CARTESIAN_POINT('',(0.,0.));
#6452 = VECTOR('',#6453,1.);
#6453 = DIRECTION('',(0.,-1.));
#6454 = ( GEOMETRIC_REPRESENTATION_CONTEXT(2) 
PARAMETRIC_REPRESENTATION_CONTEXT() REPRESENTATION_CONTEXT('2D SPACE',''
  ) );
#6455 = ADVANCED_FACE('',(#6456),#6149,.F.);
#6456 = FACE_BOUND('',#6457,.F.);
#6457 = EDGE_LOOP('',(#6458,#6459,#6460,#6481));
#6458 = ORIENTED_EDGE('',*,*,#6134,.T.);
#6459 = ORIENTED_EDGE('',*,*,#6435,.T.);
#6460 = ORIENTED_EDGE('',*,*,#6461,.T.);
#6461 = EDGE_CURVE('',#6413,#6287,#6462,.T.);
#6462 = SURFACE_CURVE('',#6463,(#6467,#6474),.PCURVE_S1.);
#6463 = LINE('',#6464,#6465);
#6464 = CARTESIAN_POINT('',(138.5,-144.396,-4.85));
#6465 = VECTOR('',#6466,1.);
#6466 = DIRECTION('',(1.,0.,0.));
#6467 = PCURVE('',#6149,#6468);
#6468 = DEFINITIONAL_REPRESENTATION('',(#6469),#6473);
#6469 = LINE('',#6470,#6471);
#6470 = CARTESIAN_POINT('',(0.,-0.81));
#6471 = VECTOR('',#6472,1.);
#6472 = DIRECTION('',(1.,0.));
#6473 = ( GEOMETRIC_REPRESENTATION_CONTEXT(2) 
PARAMETRIC_REPRESENTATION_CONTEXT() REPRESENTATION_CONTEXT('2D SPACE',''
  ) );
#6474 = PCURVE('',#6325,#6475);
#6475 = DEFINITIONAL_REPRESENTATION('',(#6476),#6480);
#6476 = LINE('',#6477,#6478);
#6477 = CARTESIAN_POINT('',(-10.,-11.));
#6478 = VECTOR('',#6479,1.);
#6479 = DIRECTION('',(1.,0.));
#6480 = ( GEOMETRIC_REPRESENTATION_CONTEXT(2) 
PARAMETRIC_REPRESENTATION_CONTEXT() REPRESENTATION_CONTEXT('2D SPACE',''
  ) );
#6481 = ORIENTED_EDGE('',*,*,#6286,.F.);
#6482 = ADVANCED_FACE('',(#6483),#6270,.F.);
#6483 = FACE_BOUND('',#6484,.T.);
#6484 = EDGE_LOOP('',(#6485,#6514,#6535,#6536));
#6485 = ORIENTED_EDGE('',*,*,#6486,.F.);
#6486 = EDGE_CURVE('',#6487,#6487,#6489,.T.);
#6487 = VERTEX_POINT('',#6488);
#6488 = CARTESIAN_POINT('',(149.35,-147.396,-5.65));
#6489 = SURFACE_CURVE('',#6490,(#6495,#6502),.PCURVE_S1.);
#6490 = CIRCLE('',#6491,0.85);
#6491 = AXIS2_PLACEMENT_3D('',#6492,#6493,#6494);
#6492 = CARTESIAN_POINT('',(148.5,-147.396,-5.65));
#6493 = DIRECTION('',(0.,0.,1.));
#6494 = DIRECTION('',(1.,0.,0.));
#6495 = PCURVE('',#6270,#6496);
#6496 = DEFINITIONAL_REPRESENTATION('',(#6497),#6501);
#6497 = LINE('',#6498,#6499);
#6498 = CARTESIAN_POINT('',(-0.,0.));
#6499 = VECTOR('',#6500,1.);
#6500 = DIRECTION('',(-1.,0.));
#6501 = ( GEOMETRIC_REPRESENTATION_CONTEXT(2) 
PARAMETRIC_REPRESENTATION_CONTEXT() REPRESENTATION_CONTEXT('2D SPACE',''
  ) );
#6502 = PCURVE('',#6503,#6508);
#6503 = PLANE('',#6504);
#6504 = AXIS2_PLACEMENT_3D('',#6505,#6506,#6507);
#6505 = CARTESIAN_POINT('',(148.5,-147.396,-5.65));
#6506 = DIRECTION('',(0.,0.,1.));
#6507 = DIRECTION('',(1.,0.,-0.));
#6508 = DEFINITIONAL_REPRESENTATION('',(#6509),#6513);
#6509 = CIRCLE('',#6510,0.85);
#6510 = AXIS2_PLACEMENT_2D('',#6511,#6512);
#6511 = CARTESIAN_POINT('',(0.,0.));
#6512 = DIRECTION('',(1.,0.));
#6513 = ( GEOMETRIC_REPRESENTATION_CONTEXT(2) 
PARAMETRIC_REPRESENTATION_CONTEXT() REPRESENTATION_CONTEXT('2D SPACE',''
  ) );
#6514 = ORIENTED_EDGE('',*,*,#6515,.T.);
#6515 = EDGE_CURVE('',#6487,#6250,#6516,.T.);
#6516 = SEAM_CURVE('',#6517,(#6521,#6528),.PCURVE_S1.);
#6517 = LINE('',#6518,#6519);
#6518 = CARTESIAN_POINT('',(149.35,-147.396,-5.65));
#6519 = VECTOR('',#6520,1.);
#6520 = DIRECTION('',(0.,0.,1.));
#6521 = PCURVE('',#6270,#6522);
#6522 = DEFINITIONAL_REPRESENTATION('',(#6523),#6527);
#6523 = LINE('',#6524,#6525);
#6524 = CARTESIAN_POINT('',(-6.28318530718,0.));
#6525 = VECTOR('',#6526,1.);
#6526 = DIRECTION('',(-0.,-1.));
#6527 = ( GEOMETRIC_REPRESENTATION_CONTEXT(2) 
PARAMETRIC_REPRESENTATION_CONTEXT() REPRESENTATION_CONTEXT('2D SPACE',''
  ) );
#6528 = PCURVE('',#6270,#6529);
#6529 = DEFINITIONAL_REPRESENTATION('',(#6530),#6534);
#6530 = LINE('',#6531,#6532);
#6531 = CARTESIAN_POINT('',(-0.,0.));
#6532 = VECTOR('',#6533,1.);
#6533 = DIRECTION('',(-0.,-1.));
#6534 = ( GEOMETRIC_REPRESENTATION_CONTEXT(2) 
PARAMETRIC_REPRESENTATION_CONTEXT() REPRESENTATION_CONTEXT('2D SPACE',''
  ) );
#6535 = ORIENTED_EDGE('',*,*,#6249,.F.);
#6536 = ORIENTED_EDGE('',*,*,#6515,.F.);
#6537 = ADVANCED_FACE('',(#6538),#6325,.T.);
#6538 = FACE_BOUND('',#6539,.T.);
#6539 = EDGE_LOOP('',(#6540,#6541,#6542,#6543));
#6540 = ORIENTED_EDGE('',*,*,#6461,.T.);
#6541 = ORIENTED_EDGE('',*,*,#6309,.T.);
#6542 = ORIENTED_EDGE('',*,*,#6363,.T.);
#6543 = ORIENTED_EDGE('',*,*,#6412,.T.);
#6544 = ADVANCED_FACE('',(#6545),#6503,.T.);
#6545 = FACE_BOUND('',#6546,.T.);
#6546 = EDGE_LOOP('',(#6547));
#6547 = ORIENTED_EDGE('',*,*,#6486,.T.);
#6548 = ( GEOMETRIC_REPRESENTATION_CONTEXT(3) 
GLOBAL_UNCERTAINTY_ASSIGNED_CONTEXT((#6552)) 
GLOBAL_UNIT_ASSIGNED_CONTEXT((#6549,#6550,#6551)) REPRESENTATION_CONTEXT
('Context #1','3D Context with UNIT and UNCERTAINTY') );
#6549 = ( LENGTH_UNIT() NAMED_UNIT(*) SI_UNIT(.MILLI.,.METRE.) );
#6550 = ( NAMED_UNIT(*) PLANE_ANGLE_UNIT() SI_UNIT($,.RADIAN.) );
#6551 = ( NAMED_UNIT(*) SI_UNIT($,.STERADIAN.) SOLID_ANGLE_UNIT() );
#6552 = UNCERTAINTY_MEASURE_WITH_UNIT(LENGTH_MEASURE(1.E-07),#6549,
  'distance_accuracy_value','confusion accuracy');
#6553 = CONTEXT_DEPENDENT_SHAPE_REPRESENTATION(#6554,#6556);
#6554 = ( REPRESENTATION_RELATIONSHIP('','',#40,#10) 
REPRESENTATION_RELATIONSHIP_WITH_TRANSFORMATION(#6555) 
SHAPE_REPRESENTATION_RELATIONSHIP() );
#6555 = ITEM_DEFINED_TRANSFORMATION('','',#11,#15);
#6556 = PRODUCT_DEFINITION_SHAPE('Placement','Placement of an item',
  #6557);
#6557 = NEXT_ASSEMBLY_USAGE_OCCURRENCE('1','','',#5,#35,$);
#6558 = PRODUCT_RELATED_PRODUCT_CATEGORY('part',$,(#37));
#6559 = SHAPE_DEFINITION_REPRESENTATION(#6560,#6566);
#6560 = PRODUCT_DEFINITION_SHAPE('','',#6561);
#6561 = PRODUCT_DEFINITION('design','',#6562,#6565);
#6562 = PRODUCT_DEFINITION_FORMATION('','',#6563);
#6563 = PRODUCT('Open CASCADE STEP translator 7.9 1.2',
  'Open CASCADE STEP translator 7.9 1.2','',(#6564));
#6564 = PRODUCT_CONTEXT('',#2,'mechanical');
#6565 = PRODUCT_DEFINITION_CONTEXT('part definition',#2,'design');
#6566 = ADVANCED_BREP_SHAPE_REPRESENTATION('',(#11,#6567),#7206);
#6567 = MANIFOLD_SOLID_BREP('',#6568);
#6568 = CLOSED_SHELL('',(#6569,#6801,#6882,#6929,#6974,#7021,#7071,#7116
    ,#7168,#7195));
#6569 = ADVANCED_FACE('',(#6570),#6585,.F.);
#6570 = FACE_BOUND('',#6571,.F.);
#6571 = EDGE_LOOP('',(#6572,#6607,#6635,#6668,#6694,#6723,#6749,#6775));
#6572 = ORIENTED_EDGE('',*,*,#6573,.T.);
#6573 = EDGE_CURVE('',#6574,#6576,#6578,.T.);
#6574 = VERTEX_POINT('',#6575);
#6575 = CARTESIAN_POINT('',(137.18,-151.796,0.));
#6576 = VERTEX_POINT('',#6577);
#6577 = CARTESIAN_POINT('',(137.98,-152.596,0.));
#6578 = SURFACE_CURVE('',#6579,(#6584,#6596),.PCURVE_S1.);
#6579 = CIRCLE('',#6580,0.8);
#6580 = AXIS2_PLACEMENT_3D('',#6581,#6582,#6583);
#6581 = CARTESIAN_POINT('',(137.98,-151.796,0.));
#6582 = DIRECTION('',(0.,0.,1.));
#6583 = DIRECTION('',(0.,-1.,0.));
#6584 = PCURVE('',#6585,#6590);
#6585 = PLANE('',#6586);
#6586 = AXIS2_PLACEMENT_3D('',#6587,#6588,#6589);
#6587 = CARTESIAN_POINT('',(148.5,-120.828,0.));
#6588 = DIRECTION('',(0.,0.,1.));
#6589 = DIRECTION('',(1.,0.,-0.));
#6590 = DEFINITIONAL_REPRESENTATION('',(#6591),#6595);
#6591 = CIRCLE('',#6592,0.8);
#6592 = AXIS2_PLACEMENT_2D('',#6593,#6594);
#6593 = CARTESIAN_POINT('',(-10.52,-30.968));
#6594 = DIRECTION('',(0.,-1.));
#6595 = ( GEOMETRIC_REPRESENTATION_CONTEXT(2) 
PARAMETRIC_REPRESENTATION_CONTEXT() REPRESENTATION_CONTEXT('2D SPACE',''
  ) );
#6596 = PCURVE('',#6597,#6602);
#6597 = CYLINDRICAL_SURFACE('',#6598,0.8);
#6598 = AXIS2_PLACEMENT_3D('',#6599,#6600,#6601);
#6599 = CARTESIAN_POINT('',(137.98,-151.796,0.));
#6600 = DIRECTION('',(0.,0.,1.));
#6601 = DIRECTION('',(0.,-1.,0.));
#6602 = DEFINITIONAL_REPRESENTATION('',(#6603),#6606);
#6603 = B_SPLINE_CURVE_WITH_KNOTS('',1,(#6604,#6605),.UNSPECIFIED.,.F.,
  .F.,(2,2),(4.712388980385,6.28318530718),.PIECEWISE_BEZIER_KNOTS.);
#6604 = CARTESIAN_POINT('',(-1.570796326795,0.));
#6605 = CARTESIAN_POINT('',(0.,0.));
#6606 = ( GEOMETRIC_REPRESENTATION_CONTEXT(2) 
PARAMETRIC_REPRESENTATION_CONTEXT() REPRESENTATION_CONTEXT('2D SPACE',''
  ) );
#6607 = ORIENTED_EDGE('',*,*,#6608,.F.);
#6608 = EDGE_CURVE('',#6609,#6576,#6611,.T.);
#6609 = VERTEX_POINT('',#6610);
#6610 = CARTESIAN_POINT('',(146.58166739068,-152.596,0.));
#6611 = SURFACE_CURVE('',#6612,(#6616,#6623),.PCURVE_S1.);
#6612 = LINE('',#6613,#6614);
#6613 = CARTESIAN_POINT('',(142.84,-152.596,0.));
#6614 = VECTOR('',#6615,1.);
#6615 = DIRECTION('',(-1.,0.,0.));
#6616 = PCURVE('',#6585,#6617);
#6617 = DEFINITIONAL_REPRESENTATION('',(#6618),#6622);
#6618 = LINE('',#6619,#6620);
#6619 = CARTESIAN_POINT('',(-5.66,-31.768));
#6620 = VECTOR('',#6621,1.);
#6621 = DIRECTION('',(-1.,0.));
#6622 = ( GEOMETRIC_REPRESENTATION_CONTEXT(2) 
PARAMETRIC_REPRESENTATION_CONTEXT() REPRESENTATION_CONTEXT('2D SPACE',''
  ) );
#6623 = PCURVE('',#6624,#6629);
#6624 = PLANE('',#6625);
#6625 = AXIS2_PLACEMENT_3D('',#6626,#6627,#6628);
#6626 = CARTESIAN_POINT('',(137.18,-152.596,0.));
#6627 = DIRECTION('',(0.,1.,0.));
#6628 = DIRECTION('',(1.,0.,0.));
#6629 = DEFINITIONAL_REPRESENTATION('',(#6630),#6634);
#6630 = LINE('',#6631,#6632);
#6631 = CARTESIAN_POINT('',(5.66,0.));
#6632 = VECTOR('',#6633,1.);
#6633 = DIRECTION('',(-1.,0.));
#6634 = ( GEOMETRIC_REPRESENTATION_CONTEXT(2) 
PARAMETRIC_REPRESENTATION_CONTEXT() REPRESENTATION_CONTEXT('2D SPACE',''
  ) );
#6635 = ORIENTED_EDGE('',*,*,#6636,.T.);
#6636 = EDGE_CURVE('',#6609,#6637,#6639,.T.);
#6637 = VERTEX_POINT('',#6638);
#6638 = CARTESIAN_POINT('',(145.9920127592,-151.696,0.));
#6639 = SURFACE_CURVE('',#6640,(#6645,#6656),.PCURVE_S1.);
#6640 = CIRCLE('',#6641,2.7);
#6641 = AXIS2_PLACEMENT_3D('',#6642,#6643,#6644);
#6642 = CARTESIAN_POINT('',(148.5,-150.696,0.));
#6643 = DIRECTION('',(0.,0.,-1.));
#6644 = DIRECTION('',(1.,0.,0.));
#6645 = PCURVE('',#6585,#6646);
#6646 = DEFINITIONAL_REPRESENTATION('',(#6647),#6655);
#6647 = ( BOUNDED_CURVE() B_SPLINE_CURVE(2,(#6648,#6649,#6650,#6651,
#6652,#6653,#6654),.UNSPECIFIED.,.T.,.F.) B_SPLINE_CURVE_WITH_KNOTS((1,2
    ,2,2,2,1),(-2.094395102393,0.,2.094395102393,4.188790204786,
6.28318530718,8.377580409573),.UNSPECIFIED.) CURVE() 
GEOMETRIC_REPRESENTATION_ITEM() RATIONAL_B_SPLINE_CURVE((1.,0.5,1.,0.5,
1.,0.5,1.)) REPRESENTATION_ITEM('') );
#6648 = CARTESIAN_POINT('',(2.7,-29.868));
#6649 = CARTESIAN_POINT('',(2.7,-34.54453718043));
#6650 = CARTESIAN_POINT('',(-1.35,-32.20626859021));
#6651 = CARTESIAN_POINT('',(-5.4,-29.868));
#6652 = CARTESIAN_POINT('',(-1.35,-27.52973140978));
#6653 = CARTESIAN_POINT('',(2.7,-25.19146281956));
#6654 = CARTESIAN_POINT('',(2.7,-29.868));
#6655 = ( GEOMETRIC_REPRESENTATION_CONTEXT(2) 
PARAMETRIC_REPRESENTATION_CONTEXT() REPRESENTATION_CONTEXT('2D SPACE',''
  ) );
#6656 = PCURVE('',#6657,#6662);
#6657 = CYLINDRICAL_SURFACE('',#6658,2.7);
#6658 = AXIS2_PLACEMENT_3D('',#6659,#6660,#6661);
#6659 = CARTESIAN_POINT('',(148.5,-150.696,-1.));
#6660 = DIRECTION('',(-0.,-0.,-1.));
#6661 = DIRECTION('',(1.,0.,0.));
#6662 = DEFINITIONAL_REPRESENTATION('',(#6663),#6667);
#6663 = LINE('',#6664,#6665);
#6664 = CARTESIAN_POINT('',(-6.28318530718,-1.));
#6665 = VECTOR('',#6666,1.);
#6666 = DIRECTION('',(1.,-0.));
#6667 = ( GEOMETRIC_REPRESENTATION_CONTEXT(2) 
PARAMETRIC_REPRESENTATION_CONTEXT() REPRESENTATION_CONTEXT('2D SPACE',''
  ) );
#6668 = ORIENTED_EDGE('',*,*,#6669,.T.);
#6669 = EDGE_CURVE('',#6637,#6670,#6672,.T.);
#6670 = VERTEX_POINT('',#6671);
#6671 = CARTESIAN_POINT('',(138.88,-151.696,0.));
#6672 = SURFACE_CURVE('',#6673,(#6677,#6683),.PCURVE_S1.);
#6673 = LINE('',#6674,#6675);
#6674 = CARTESIAN_POINT('',(143.29,-151.696,0.));
#6675 = VECTOR('',#6676,1.);
#6676 = DIRECTION('',(-1.,0.,0.));
#6677 = PCURVE('',#6585,#6678);
#6678 = DEFINITIONAL_REPRESENTATION('',(#6679),#6682);
#6679 = B_SPLINE_CURVE_WITH_KNOTS('',1,(#6680,#6681),.UNSPECIFIED.,.F.,
  .F.,(2,2),(-14.83,4.41),.PIECEWISE_BEZIER_KNOTS.);
#6680 = CARTESIAN_POINT('',(9.62,-30.868));
#6681 = CARTESIAN_POINT('',(-9.62,-30.868));
#6682 = ( GEOMETRIC_REPRESENTATION_CONTEXT(2) 
PARAMETRIC_REPRESENTATION_CONTEXT() REPRESENTATION_CONTEXT('2D SPACE',''
  ) );
#6683 = PCURVE('',#6684,#6689);
#6684 = PLANE('',#6685);
#6685 = AXIS2_PLACEMENT_3D('',#6686,#6687,#6688);
#6686 = CARTESIAN_POINT('',(138.08,-151.696,-1.));
#6687 = DIRECTION('',(0.,1.,0.));
#6688 = DIRECTION('',(1.,0.,0.));
#6689 = DEFINITIONAL_REPRESENTATION('',(#6690),#6693);
#6690 = B_SPLINE_CURVE_WITH_KNOTS('',1,(#6691,#6692),.UNSPECIFIED.,.F.,
  .F.,(2,2),(-14.83,4.41),.PIECEWISE_BEZIER_KNOTS.);
#6691 = CARTESIAN_POINT('',(20.04,-1.));
#6692 = CARTESIAN_POINT('',(0.8,-1.));
#6693 = ( GEOMETRIC_REPRESENTATION_CONTEXT(2) 
PARAMETRIC_REPRESENTATION_CONTEXT() REPRESENTATION_CONTEXT('2D SPACE',''
  ) );
#6694 = ORIENTED_EDGE('',*,*,#6695,.F.);
#6695 = EDGE_CURVE('',#6696,#6670,#6698,.T.);
#6696 = VERTEX_POINT('',#6697);
#6697 = CARTESIAN_POINT('',(138.08,-150.896,0.));
#6698 = SURFACE_CURVE('',#6699,(#6704,#6711),.PCURVE_S1.);
#6699 = CIRCLE('',#6700,0.8);
#6700 = AXIS2_PLACEMENT_3D('',#6701,#6702,#6703);
#6701 = CARTESIAN_POINT('',(138.88,-150.896,0.));
#6702 = DIRECTION('',(0.,0.,1.));
#6703 = DIRECTION('',(0.,-1.,0.));
#6704 = PCURVE('',#6585,#6705);
#6705 = DEFINITIONAL_REPRESENTATION('',(#6706),#6710);
#6706 = CIRCLE('',#6707,0.8);
#6707 = AXIS2_PLACEMENT_2D('',#6708,#6709);
#6708 = CARTESIAN_POINT('',(-9.62,-30.068));
#6709 = DIRECTION('',(0.,-1.));
#6710 = ( GEOMETRIC_REPRESENTATION_CONTEXT(2) 
PARAMETRIC_REPRESENTATION_CONTEXT() REPRESENTATION_CONTEXT('2D SPACE',''
  ) );
#6711 = PCURVE('',#6712,#6717);
#6712 = CYLINDRICAL_SURFACE('',#6713,0.8);
#6713 = AXIS2_PLACEMENT_3D('',#6714,#6715,#6716);
#6714 = CARTESIAN_POINT('',(138.88,-150.896,-1.));
#6715 = DIRECTION('',(0.,0.,1.));
#6716 = DIRECTION('',(0.,-1.,0.));
#6717 = DEFINITIONAL_REPRESENTATION('',(#6718),#6722);
#6718 = LINE('',#6719,#6720);
#6719 = CARTESIAN_POINT('',(-6.28318530718,1.));
#6720 = VECTOR('',#6721,1.);
#6721 = DIRECTION('',(1.,-0.));
#6722 = ( GEOMETRIC_REPRESENTATION_CONTEXT(2) 
PARAMETRIC_REPRESENTATION_CONTEXT() REPRESENTATION_CONTEXT('2D SPACE',''
  ) );
#6723 = ORIENTED_EDGE('',*,*,#6724,.T.);
#6724 = EDGE_CURVE('',#6696,#6725,#6727,.T.);
#6725 = VERTEX_POINT('',#6726);
#6726 = CARTESIAN_POINT('',(138.08,-122.14,0.));
#6727 = SURFACE_CURVE('',#6728,(#6732,#6738),.PCURVE_S1.);
#6728 = LINE('',#6729,#6730);
#6729 = CARTESIAN_POINT('',(138.08,-105.394,0.));
#6730 = VECTOR('',#6731,1.);
#6731 = DIRECTION('',(-0.,1.,0.));
#6732 = PCURVE('',#6585,#6733);
#6733 = DEFINITIONAL_REPRESENTATION('',(#6734),#6737);
#6734 = B_SPLINE_CURVE_WITH_KNOTS('',1,(#6735,#6736),.UNSPECIFIED.,.F.,
  .F.,(2,2),(-45.502,14.634),.PIECEWISE_BEZIER_KNOTS.);
#6735 = CARTESIAN_POINT('',(-10.42,-30.068));
#6736 = CARTESIAN_POINT('',(-10.42,30.068));
#6737 = ( GEOMETRIC_REPRESENTATION_CONTEXT(2) 
PARAMETRIC_REPRESENTATION_CONTEXT() REPRESENTATION_CONTEXT('2D SPACE',''
  ) );
#6738 = PCURVE('',#6739,#6744);
#6739 = PLANE('',#6740);
#6740 = AXIS2_PLACEMENT_3D('',#6741,#6742,#6743);
#6741 = CARTESIAN_POINT('',(138.08,-89.96,-1.));
#6742 = DIRECTION('',(1.,0.,-0.));
#6743 = DIRECTION('',(0.,-1.,0.));
#6744 = DEFINITIONAL_REPRESENTATION('',(#6745),#6748);
#6745 = B_SPLINE_CURVE_WITH_KNOTS('',1,(#6746,#6747),.UNSPECIFIED.,.F.,
  .F.,(2,2),(-45.502,14.634),.PIECEWISE_BEZIER_KNOTS.);
#6746 = CARTESIAN_POINT('',(60.936,-1.));
#6747 = CARTESIAN_POINT('',(0.8,-1.));
#6748 = ( GEOMETRIC_REPRESENTATION_CONTEXT(2) 
PARAMETRIC_REPRESENTATION_CONTEXT() REPRESENTATION_CONTEXT('2D SPACE',''
  ) );
#6749 = ORIENTED_EDGE('',*,*,#6750,.T.);
#6750 = EDGE_CURVE('',#6725,#6751,#6753,.T.);
#6751 = VERTEX_POINT('',#6752);
#6752 = CARTESIAN_POINT('',(137.18,-122.14,0.));
#6753 = SURFACE_CURVE('',#6754,(#6758,#6764),.PCURVE_S1.);
#6754 = LINE('',#6755,#6756);
#6755 = CARTESIAN_POINT('',(142.34,-122.14,0.));
#6756 = VECTOR('',#6757,1.);
#6757 = DIRECTION('',(-1.,0.,0.));
#6758 = PCURVE('',#6585,#6759);
#6759 = DEFINITIONAL_REPRESENTATION('',(#6760),#6763);
#6760 = B_SPLINE_CURVE_WITH_KNOTS('',1,(#6761,#6762),.UNSPECIFIED.,.F.,
  .F.,(2,2),(-17.48,5.16),.PIECEWISE_BEZIER_KNOTS.);
#6761 = CARTESIAN_POINT('',(11.32,-1.312));
#6762 = CARTESIAN_POINT('',(-11.32,-1.312));
#6763 = ( GEOMETRIC_REPRESENTATION_CONTEXT(2) 
PARAMETRIC_REPRESENTATION_CONTEXT() REPRESENTATION_CONTEXT('2D SPACE',''
  ) );
#6764 = PCURVE('',#6765,#6770);
#6765 = PLANE('',#6766);
#6766 = AXIS2_PLACEMENT_3D('',#6767,#6768,#6769);
#6767 = CARTESIAN_POINT('',(136.18,-122.14,-1.));
#6768 = DIRECTION('',(0.,1.,0.));
#6769 = DIRECTION('',(1.,0.,0.));
#6770 = DEFINITIONAL_REPRESENTATION('',(#6771),#6774);
#6771 = B_SPLINE_CURVE_WITH_KNOTS('',1,(#6772,#6773),.UNSPECIFIED.,.F.,
  .F.,(2,2),(-17.48,5.16),.PIECEWISE_BEZIER_KNOTS.);
#6772 = CARTESIAN_POINT('',(23.64,-1.));
#6773 = CARTESIAN_POINT('',(1.,-1.));
#6774 = ( GEOMETRIC_REPRESENTATION_CONTEXT(2) 
PARAMETRIC_REPRESENTATION_CONTEXT() REPRESENTATION_CONTEXT('2D SPACE',''
  ) );
#6775 = ORIENTED_EDGE('',*,*,#6776,.F.);
#6776 = EDGE_CURVE('',#6574,#6751,#6777,.T.);
#6777 = SURFACE_CURVE('',#6778,(#6782,#6789),.PCURVE_S1.);
#6778 = LINE('',#6779,#6780);
#6779 = CARTESIAN_POINT('',(137.18,-104.994,0.));
#6780 = VECTOR('',#6781,1.);
#6781 = DIRECTION('',(-0.,1.,0.));
#6782 = PCURVE('',#6585,#6783);
#6783 = DEFINITIONAL_REPRESENTATION('',(#6784),#6788);
#6784 = LINE('',#6785,#6786);
#6785 = CARTESIAN_POINT('',(-11.32,15.834));
#6786 = VECTOR('',#6787,1.);
#6787 = DIRECTION('',(0.,1.));
#6788 = ( GEOMETRIC_REPRESENTATION_CONTEXT(2) 
PARAMETRIC_REPRESENTATION_CONTEXT() REPRESENTATION_CONTEXT('2D SPACE',''
  ) );
#6789 = PCURVE('',#6790,#6795);
#6790 = PLANE('',#6791);
#6791 = AXIS2_PLACEMENT_3D('',#6792,#6793,#6794);
#6792 = CARTESIAN_POINT('',(137.18,-89.06,0.));
#6793 = DIRECTION('',(1.,0.,-0.));
#6794 = DIRECTION('',(0.,-1.,0.));
#6795 = DEFINITIONAL_REPRESENTATION('',(#6796),#6800);
#6796 = LINE('',#6797,#6798);
#6797 = CARTESIAN_POINT('',(15.934,0.));
#6798 = VECTOR('',#6799,1.);
#6799 = DIRECTION('',(-1.,-0.));
#6800 = ( GEOMETRIC_REPRESENTATION_CONTEXT(2) 
PARAMETRIC_REPRESENTATION_CONTEXT() REPRESENTATION_CONTEXT('2D SPACE',''
  ) );
#6801 = ADVANCED_FACE('',(#6802),#6597,.T.);
#6802 = FACE_BOUND('',#6803,.F.);
#6803 = EDGE_LOOP('',(#6804,#6805,#6828,#6861));
#6804 = ORIENTED_EDGE('',*,*,#6573,.F.);
#6805 = ORIENTED_EDGE('',*,*,#6806,.T.);
#6806 = EDGE_CURVE('',#6574,#6807,#6809,.T.);
#6807 = VERTEX_POINT('',#6808);
#6808 = CARTESIAN_POINT('',(137.18,-151.796,1.2));
#6809 = SURFACE_CURVE('',#6810,(#6814,#6821),.PCURVE_S1.);
#6810 = LINE('',#6811,#6812);
#6811 = CARTESIAN_POINT('',(137.18,-151.796,0.));
#6812 = VECTOR('',#6813,1.);
#6813 = DIRECTION('',(0.,0.,1.));
#6814 = PCURVE('',#6597,#6815);
#6815 = DEFINITIONAL_REPRESENTATION('',(#6816),#6820);
#6816 = LINE('',#6817,#6818);
#6817 = CARTESIAN_POINT('',(-1.570796326795,0.));
#6818 = VECTOR('',#6819,1.);
#6819 = DIRECTION('',(-0.,1.));
#6820 = ( GEOMETRIC_REPRESENTATION_CONTEXT(2) 
PARAMETRIC_REPRESENTATION_CONTEXT() REPRESENTATION_CONTEXT('2D SPACE',''
  ) );
#6821 = PCURVE('',#6790,#6822);
#6822 = DEFINITIONAL_REPRESENTATION('',(#6823),#6827);
#6823 = LINE('',#6824,#6825);
#6824 = CARTESIAN_POINT('',(62.736,0.));
#6825 = VECTOR('',#6826,1.);
#6826 = DIRECTION('',(0.,-1.));
#6827 = ( GEOMETRIC_REPRESENTATION_CONTEXT(2) 
PARAMETRIC_REPRESENTATION_CONTEXT() REPRESENTATION_CONTEXT('2D SPACE',''
  ) );
#6828 = ORIENTED_EDGE('',*,*,#6829,.F.);
#6829 = EDGE_CURVE('',#6830,#6807,#6832,.T.);
#6830 = VERTEX_POINT('',#6831);
#6831 = CARTESIAN_POINT('',(137.98,-152.596,1.2));
#6832 = SURFACE_CURVE('',#6833,(#6838,#6845),.PCURVE_S1.);
#6833 = CIRCLE('',#6834,0.8);
#6834 = AXIS2_PLACEMENT_3D('',#6835,#6836,#6837);
#6835 = CARTESIAN_POINT('',(137.98,-151.796,1.2));
#6836 = DIRECTION('',(-0.,-0.,-1.));
#6837 = DIRECTION('',(0.,-1.,0.));
#6838 = PCURVE('',#6597,#6839);
#6839 = DEFINITIONAL_REPRESENTATION('',(#6840),#6844);
#6840 = LINE('',#6841,#6842);
#6841 = CARTESIAN_POINT('',(-0.,1.2));
#6842 = VECTOR('',#6843,1.);
#6843 = DIRECTION('',(-1.,0.));
#6844 = ( GEOMETRIC_REPRESENTATION_CONTEXT(2) 
PARAMETRIC_REPRESENTATION_CONTEXT() REPRESENTATION_CONTEXT('2D SPACE',''
  ) );
#6845 = PCURVE('',#6846,#6851);
#6846 = PLANE('',#6847);
#6847 = AXIS2_PLACEMENT_3D('',#6848,#6849,#6850);
#6848 = CARTESIAN_POINT('',(148.5,-120.828,1.2));
#6849 = DIRECTION('',(0.,0.,1.));
#6850 = DIRECTION('',(1.,0.,-0.));
#6851 = DEFINITIONAL_REPRESENTATION('',(#6852),#6860);
#6852 = ( BOUNDED_CURVE() B_SPLINE_CURVE(2,(#6853,#6854,#6855,#6856,
#6857,#6858,#6859),.UNSPECIFIED.,.T.,.F.) B_SPLINE_CURVE_WITH_KNOTS((1,2
    ,2,2,2,1),(-2.094395102393,0.,2.094395102393,4.188790204786,
6.28318530718,8.377580409573),.UNSPECIFIED.) CURVE() 
GEOMETRIC_REPRESENTATION_ITEM() RATIONAL_B_SPLINE_CURVE((1.,0.5,1.,0.5,
1.,0.5,1.)) REPRESENTATION_ITEM('') );
#6853 = CARTESIAN_POINT('',(-10.52,-31.768));
#6854 = CARTESIAN_POINT('',(-11.90564064605,-31.768));
#6855 = CARTESIAN_POINT('',(-11.21282032302,-30.568));
#6856 = CARTESIAN_POINT('',(-10.52,-29.368));
#6857 = CARTESIAN_POINT('',(-9.827179676972,-30.568));
#6858 = CARTESIAN_POINT('',(-9.134359353945,-31.768));
#6859 = CARTESIAN_POINT('',(-10.52,-31.768));
#6860 = ( GEOMETRIC_REPRESENTATION_CONTEXT(2) 
PARAMETRIC_REPRESENTATION_CONTEXT() REPRESENTATION_CONTEXT('2D SPACE',''
  ) );
#6861 = ORIENTED_EDGE('',*,*,#6862,.F.);
#6862 = EDGE_CURVE('',#6576,#6830,#6863,.T.);
#6863 = SURFACE_CURVE('',#6864,(#6868,#6875),.PCURVE_S1.);
#6864 = LINE('',#6865,#6866);
#6865 = CARTESIAN_POINT('',(137.98,-152.596,0.));
#6866 = VECTOR('',#6867,1.);
#6867 = DIRECTION('',(0.,0.,1.));
#6868 = PCURVE('',#6597,#6869);
#6869 = DEFINITIONAL_REPRESENTATION('',(#6870),#6874);
#6870 = LINE('',#6871,#6872);
#6871 = CARTESIAN_POINT('',(-0.,0.));
#6872 = VECTOR('',#6873,1.);
#6873 = DIRECTION('',(-0.,1.));
#6874 = ( GEOMETRIC_REPRESENTATION_CONTEXT(2) 
PARAMETRIC_REPRESENTATION_CONTEXT() REPRESENTATION_CONTEXT('2D SPACE',''
  ) );
#6875 = PCURVE('',#6624,#6876);
#6876 = DEFINITIONAL_REPRESENTATION('',(#6877),#6881);
#6877 = LINE('',#6878,#6879);
#6878 = CARTESIAN_POINT('',(0.8,0.));
#6879 = VECTOR('',#6880,1.);
#6880 = DIRECTION('',(0.,-1.));
#6881 = ( GEOMETRIC_REPRESENTATION_CONTEXT(2) 
PARAMETRIC_REPRESENTATION_CONTEXT() REPRESENTATION_CONTEXT('2D SPACE',''
  ) );
#6882 = ADVANCED_FACE('',(#6883),#6790,.F.);
#6883 = FACE_BOUND('',#6884,.F.);
#6884 = EDGE_LOOP('',(#6885,#6886,#6907,#6928));
#6885 = ORIENTED_EDGE('',*,*,#6776,.T.);
#6886 = ORIENTED_EDGE('',*,*,#6887,.T.);
#6887 = EDGE_CURVE('',#6751,#6888,#6890,.T.);
#6888 = VERTEX_POINT('',#6889);
#6889 = CARTESIAN_POINT('',(137.18,-122.14,1.2));
#6890 = SURFACE_CURVE('',#6891,(#6895,#6901),.PCURVE_S1.);
#6891 = LINE('',#6892,#6893);
#6892 = CARTESIAN_POINT('',(137.18,-122.14,-0.5));
#6893 = VECTOR('',#6894,1.);
#6894 = DIRECTION('',(0.,-0.,1.));
#6895 = PCURVE('',#6790,#6896);
#6896 = DEFINITIONAL_REPRESENTATION('',(#6897),#6900);
#6897 = B_SPLINE_CURVE_WITH_KNOTS('',1,(#6898,#6899),.UNSPECIFIED.,.F.,
  .F.,(2,2),(0.5,1.7),.PIECEWISE_BEZIER_KNOTS.);
#6898 = CARTESIAN_POINT('',(33.08,0.));
#6899 = CARTESIAN_POINT('',(33.08,-1.2));
#6900 = ( GEOMETRIC_REPRESENTATION_CONTEXT(2) 
PARAMETRIC_REPRESENTATION_CONTEXT() REPRESENTATION_CONTEXT('2D SPACE',''
  ) );
#6901 = PCURVE('',#6765,#6902);
#6902 = DEFINITIONAL_REPRESENTATION('',(#6903),#6906);
#6903 = B_SPLINE_CURVE_WITH_KNOTS('',1,(#6904,#6905),.UNSPECIFIED.,.F.,
  .F.,(2,2),(0.5,1.7),.PIECEWISE_BEZIER_KNOTS.);
#6904 = CARTESIAN_POINT('',(1.,-1.));
#6905 = CARTESIAN_POINT('',(1.,-2.2));
#6906 = ( GEOMETRIC_REPRESENTATION_CONTEXT(2) 
PARAMETRIC_REPRESENTATION_CONTEXT() REPRESENTATION_CONTEXT('2D SPACE',''
  ) );
#6907 = ORIENTED_EDGE('',*,*,#6908,.T.);
#6908 = EDGE_CURVE('',#6888,#6807,#6909,.T.);
#6909 = SURFACE_CURVE('',#6910,(#6914,#6921),.PCURVE_S1.);
#6910 = LINE('',#6911,#6912);
#6911 = CARTESIAN_POINT('',(137.18,-89.06,1.2));
#6912 = VECTOR('',#6913,1.);
#6913 = DIRECTION('',(0.,-1.,0.));
#6914 = PCURVE('',#6790,#6915);
#6915 = DEFINITIONAL_REPRESENTATION('',(#6916),#6920);
#6916 = LINE('',#6917,#6918);
#6917 = CARTESIAN_POINT('',(0.,-1.2));
#6918 = VECTOR('',#6919,1.);
#6919 = DIRECTION('',(1.,0.));
#6920 = ( GEOMETRIC_REPRESENTATION_CONTEXT(2) 
PARAMETRIC_REPRESENTATION_CONTEXT() REPRESENTATION_CONTEXT('2D SPACE',''
  ) );
#6921 = PCURVE('',#6846,#6922);
#6922 = DEFINITIONAL_REPRESENTATION('',(#6923),#6927);
#6923 = LINE('',#6924,#6925);
#6924 = CARTESIAN_POINT('',(-11.32,31.768));
#6925 = VECTOR('',#6926,1.);
#6926 = DIRECTION('',(0.,-1.));
#6927 = ( GEOMETRIC_REPRESENTATION_CONTEXT(2) 
PARAMETRIC_REPRESENTATION_CONTEXT() REPRESENTATION_CONTEXT('2D SPACE',''
  ) );
#6928 = ORIENTED_EDGE('',*,*,#6806,.F.);
#6929 = ADVANCED_FACE('',(#6930),#6765,.T.);
#6930 = FACE_BOUND('',#6931,.T.);
#6931 = EDGE_LOOP('',(#6932,#6953,#6954,#6955));
#6932 = ORIENTED_EDGE('',*,*,#6933,.F.);
#6933 = EDGE_CURVE('',#6725,#6934,#6936,.T.);
#6934 = VERTEX_POINT('',#6935);
#6935 = CARTESIAN_POINT('',(138.08,-122.14,1.2));
#6936 = SURFACE_CURVE('',#6937,(#6941,#6947),.PCURVE_S1.);
#6937 = LINE('',#6938,#6939);
#6938 = CARTESIAN_POINT('',(138.08,-122.14,-1.));
#6939 = VECTOR('',#6940,1.);
#6940 = DIRECTION('',(0.,-0.,1.));
#6941 = PCURVE('',#6765,#6942);
#6942 = DEFINITIONAL_REPRESENTATION('',(#6943),#6946);
#6943 = B_SPLINE_CURVE_WITH_KNOTS('',1,(#6944,#6945),.UNSPECIFIED.,.F.,
  .F.,(2,2),(1.,2.2),.PIECEWISE_BEZIER_KNOTS.);
#6944 = CARTESIAN_POINT('',(1.9,-1.));
#6945 = CARTESIAN_POINT('',(1.9,-2.2));
#6946 = ( GEOMETRIC_REPRESENTATION_CONTEXT(2) 
PARAMETRIC_REPRESENTATION_CONTEXT() REPRESENTATION_CONTEXT('2D SPACE',''
  ) );
#6947 = PCURVE('',#6739,#6948);
#6948 = DEFINITIONAL_REPRESENTATION('',(#6949),#6952);
#6949 = B_SPLINE_CURVE_WITH_KNOTS('',1,(#6950,#6951),.UNSPECIFIED.,.F.,
  .F.,(2,2),(1.,2.2),.PIECEWISE_BEZIER_KNOTS.);
#6950 = CARTESIAN_POINT('',(32.18,-1.));
#6951 = CARTESIAN_POINT('',(32.18,-2.2));
#6952 = ( GEOMETRIC_REPRESENTATION_CONTEXT(2) 
PARAMETRIC_REPRESENTATION_CONTEXT() REPRESENTATION_CONTEXT('2D SPACE',''
  ) );
#6953 = ORIENTED_EDGE('',*,*,#6750,.T.);
#6954 = ORIENTED_EDGE('',*,*,#6887,.T.);
#6955 = ORIENTED_EDGE('',*,*,#6956,.F.);
#6956 = EDGE_CURVE('',#6934,#6888,#6957,.T.);
#6957 = SURFACE_CURVE('',#6958,(#6962,#6968),.PCURVE_S1.);
#6958 = LINE('',#6959,#6960);
#6959 = CARTESIAN_POINT('',(142.34,-122.14,1.2));
#6960 = VECTOR('',#6961,1.);
#6961 = DIRECTION('',(-1.,0.,0.));
#6962 = PCURVE('',#6765,#6963);
#6963 = DEFINITIONAL_REPRESENTATION('',(#6964),#6967);
#6964 = B_SPLINE_CURVE_WITH_KNOTS('',1,(#6965,#6966),.UNSPECIFIED.,.F.,
  .F.,(2,2),(-17.48,5.16),.PIECEWISE_BEZIER_KNOTS.);
#6965 = CARTESIAN_POINT('',(23.64,-2.2));
#6966 = CARTESIAN_POINT('',(1.,-2.2));
#6967 = ( GEOMETRIC_REPRESENTATION_CONTEXT(2) 
PARAMETRIC_REPRESENTATION_CONTEXT() REPRESENTATION_CONTEXT('2D SPACE',''
  ) );
#6968 = PCURVE('',#6846,#6969);
#6969 = DEFINITIONAL_REPRESENTATION('',(#6970),#6973);
#6970 = B_SPLINE_CURVE_WITH_KNOTS('',1,(#6971,#6972),.UNSPECIFIED.,.F.,
  .F.,(2,2),(-17.48,5.16),.PIECEWISE_BEZIER_KNOTS.);
#6971 = CARTESIAN_POINT('',(11.32,-1.312));
#6972 = CARTESIAN_POINT('',(-11.32,-1.312));
#6973 = ( GEOMETRIC_REPRESENTATION_CONTEXT(2) 
PARAMETRIC_REPRESENTATION_CONTEXT() REPRESENTATION_CONTEXT('2D SPACE',''
  ) );
#6974 = ADVANCED_FACE('',(#6975),#6739,.T.);
#6975 = FACE_BOUND('',#6976,.T.);
#6976 = EDGE_LOOP('',(#6977,#7000,#7001,#7002));
#6977 = ORIENTED_EDGE('',*,*,#6978,.F.);
#6978 = EDGE_CURVE('',#6696,#6979,#6981,.T.);
#6979 = VERTEX_POINT('',#6980);
#6980 = CARTESIAN_POINT('',(138.08,-150.896,1.2));
#6981 = SURFACE_CURVE('',#6982,(#6986,#6993),.PCURVE_S1.);
#6982 = LINE('',#6983,#6984);
#6983 = CARTESIAN_POINT('',(138.08,-150.896,-1.));
#6984 = VECTOR('',#6985,1.);
#6985 = DIRECTION('',(0.,0.,1.));
#6986 = PCURVE('',#6739,#6987);
#6987 = DEFINITIONAL_REPRESENTATION('',(#6988),#6992);
#6988 = LINE('',#6989,#6990);
#6989 = CARTESIAN_POINT('',(60.936,0.));
#6990 = VECTOR('',#6991,1.);
#6991 = DIRECTION('',(0.,-1.));
#6992 = ( GEOMETRIC_REPRESENTATION_CONTEXT(2) 
PARAMETRIC_REPRESENTATION_CONTEXT() REPRESENTATION_CONTEXT('2D SPACE',''
  ) );
#6993 = PCURVE('',#6712,#6994);
#6994 = DEFINITIONAL_REPRESENTATION('',(#6995),#6999);
#6995 = LINE('',#6996,#6997);
#6996 = CARTESIAN_POINT('',(-1.570796326795,0.));
#6997 = VECTOR('',#6998,1.);
#6998 = DIRECTION('',(-0.,1.));
#6999 = ( GEOMETRIC_REPRESENTATION_CONTEXT(2) 
PARAMETRIC_REPRESENTATION_CONTEXT() REPRESENTATION_CONTEXT('2D SPACE',''
  ) );
#7000 = ORIENTED_EDGE('',*,*,#6724,.T.);
#7001 = ORIENTED_EDGE('',*,*,#6933,.T.);
#7002 = ORIENTED_EDGE('',*,*,#7003,.F.);
#7003 = EDGE_CURVE('',#6979,#6934,#7004,.T.);
#7004 = SURFACE_CURVE('',#7005,(#7009,#7015),.PCURVE_S1.);
#7005 = LINE('',#7006,#7007);
#7006 = CARTESIAN_POINT('',(138.08,-105.394,1.2));
#7007 = VECTOR('',#7008,1.);
#7008 = DIRECTION('',(-0.,1.,0.));
#7009 = PCURVE('',#6739,#7010);
#7010 = DEFINITIONAL_REPRESENTATION('',(#7011),#7014);
#7011 = B_SPLINE_CURVE_WITH_KNOTS('',1,(#7012,#7013),.UNSPECIFIED.,.F.,
  .F.,(2,2),(-45.502,14.634),.PIECEWISE_BEZIER_KNOTS.);
#7012 = CARTESIAN_POINT('',(60.936,-2.2));
#7013 = CARTESIAN_POINT('',(0.8,-2.2));
#7014 = ( GEOMETRIC_REPRESENTATION_CONTEXT(2) 
PARAMETRIC_REPRESENTATION_CONTEXT() REPRESENTATION_CONTEXT('2D SPACE',''
  ) );
#7015 = PCURVE('',#6846,#7016);
#7016 = DEFINITIONAL_REPRESENTATION('',(#7017),#7020);
#7017 = B_SPLINE_CURVE_WITH_KNOTS('',1,(#7018,#7019),.UNSPECIFIED.,.F.,
  .F.,(2,2),(-45.502,14.634),.PIECEWISE_BEZIER_KNOTS.);
#7018 = CARTESIAN_POINT('',(-10.42,-30.068));
#7019 = CARTESIAN_POINT('',(-10.42,30.068));
#7020 = ( GEOMETRIC_REPRESENTATION_CONTEXT(2) 
PARAMETRIC_REPRESENTATION_CONTEXT() REPRESENTATION_CONTEXT('2D SPACE',''
  ) );
#7021 = ADVANCED_FACE('',(#7022),#6712,.F.);
#7022 = FACE_BOUND('',#7023,.T.);
#7023 = EDGE_LOOP('',(#7024,#7047,#7048,#7049));
#7024 = ORIENTED_EDGE('',*,*,#7025,.F.);
#7025 = EDGE_CURVE('',#6670,#7026,#7028,.T.);
#7026 = VERTEX_POINT('',#7027);
#7027 = CARTESIAN_POINT('',(138.88,-151.696,1.2));
#7028 = SURFACE_CURVE('',#7029,(#7033,#7040),.PCURVE_S1.);
#7029 = LINE('',#7030,#7031);
#7030 = CARTESIAN_POINT('',(138.88,-151.696,-1.));
#7031 = VECTOR('',#7032,1.);
#7032 = DIRECTION('',(0.,0.,1.));
#7033 = PCURVE('',#6712,#7034);
#7034 = DEFINITIONAL_REPRESENTATION('',(#7035),#7039);
#7035 = LINE('',#7036,#7037);
#7036 = CARTESIAN_POINT('',(-0.,0.));
#7037 = VECTOR('',#7038,1.);
#7038 = DIRECTION('',(-0.,1.));
#7039 = ( GEOMETRIC_REPRESENTATION_CONTEXT(2) 
PARAMETRIC_REPRESENTATION_CONTEXT() REPRESENTATION_CONTEXT('2D SPACE',''
  ) );
#7040 = PCURVE('',#6684,#7041);
#7041 = DEFINITIONAL_REPRESENTATION('',(#7042),#7046);
#7042 = LINE('',#7043,#7044);
#7043 = CARTESIAN_POINT('',(0.8,0.));
#7044 = VECTOR('',#7045,1.);
#7045 = DIRECTION('',(0.,-1.));
#7046 = ( GEOMETRIC_REPRESENTATION_CONTEXT(2) 
PARAMETRIC_REPRESENTATION_CONTEXT() REPRESENTATION_CONTEXT('2D SPACE',''
  ) );
#7047 = ORIENTED_EDGE('',*,*,#6695,.F.);
#7048 = ORIENTED_EDGE('',*,*,#6978,.T.);
#7049 = ORIENTED_EDGE('',*,*,#7050,.T.);
#7050 = EDGE_CURVE('',#6979,#7026,#7051,.T.);
#7051 = SURFACE_CURVE('',#7052,(#7057,#7064),.PCURVE_S1.);
#7052 = CIRCLE('',#7053,0.8);
#7053 = AXIS2_PLACEMENT_3D('',#7054,#7055,#7056);
#7054 = CARTESIAN_POINT('',(138.88,-150.896,1.2));
#7055 = DIRECTION('',(0.,0.,1.));
#7056 = DIRECTION('',(0.,-1.,0.));
#7057 = PCURVE('',#6712,#7058);
#7058 = DEFINITIONAL_REPRESENTATION('',(#7059),#7063);
#7059 = LINE('',#7060,#7061);
#7060 = CARTESIAN_POINT('',(-6.28318530718,2.2));
#7061 = VECTOR('',#7062,1.);
#7062 = DIRECTION('',(1.,-0.));
#7063 = ( GEOMETRIC_REPRESENTATION_CONTEXT(2) 
PARAMETRIC_REPRESENTATION_CONTEXT() REPRESENTATION_CONTEXT('2D SPACE',''
  ) );
#7064 = PCURVE('',#6846,#7065);
#7065 = DEFINITIONAL_REPRESENTATION('',(#7066),#7070);
#7066 = CIRCLE('',#7067,0.8);
#7067 = AXIS2_PLACEMENT_2D('',#7068,#7069);
#7068 = CARTESIAN_POINT('',(-9.62,-30.068));
#7069 = DIRECTION('',(0.,-1.));
#7070 = ( GEOMETRIC_REPRESENTATION_CONTEXT(2) 
PARAMETRIC_REPRESENTATION_CONTEXT() REPRESENTATION_CONTEXT('2D SPACE',''
  ) );
#7071 = ADVANCED_FACE('',(#7072),#6684,.T.);
#7072 = FACE_BOUND('',#7073,.T.);
#7073 = EDGE_LOOP('',(#7074,#7095,#7096,#7097));
#7074 = ORIENTED_EDGE('',*,*,#7075,.T.);
#7075 = EDGE_CURVE('',#7076,#6637,#7078,.T.);
#7076 = VERTEX_POINT('',#7077);
#7077 = CARTESIAN_POINT('',(145.9920127592,-151.696,1.2));
#7078 = SURFACE_CURVE('',#7079,(#7083,#7089),.PCURVE_S1.);
#7079 = LINE('',#7080,#7081);
#7080 = CARTESIAN_POINT('',(145.9920127592,-151.696,-1.));
#7081 = VECTOR('',#7082,1.);
#7082 = DIRECTION('',(-0.,-0.,-1.));
#7083 = PCURVE('',#6684,#7084);
#7084 = DEFINITIONAL_REPRESENTATION('',(#7085),#7088);
#7085 = B_SPLINE_CURVE_WITH_KNOTS('',1,(#7086,#7087),.UNSPECIFIED.,.F.,
  .F.,(2,2),(-2.32,-0.88),.PIECEWISE_BEZIER_KNOTS.);
#7086 = CARTESIAN_POINT('',(7.912012759203,-2.32));
#7087 = CARTESIAN_POINT('',(7.912012759203,-0.88));
#7088 = ( GEOMETRIC_REPRESENTATION_CONTEXT(2) 
PARAMETRIC_REPRESENTATION_CONTEXT() REPRESENTATION_CONTEXT('2D SPACE',''
  ) );
#7089 = PCURVE('',#6657,#7090);
#7090 = DEFINITIONAL_REPRESENTATION('',(#7091),#7094);
#7091 = B_SPLINE_CURVE_WITH_KNOTS('',1,(#7092,#7093),.UNSPECIFIED.,.F.,
  .F.,(2,2),(-2.32,-0.88),.PIECEWISE_BEZIER_KNOTS.);
#7092 = CARTESIAN_POINT('',(-3.521000368718,-2.32));
#7093 = CARTESIAN_POINT('',(-3.521000368718,-0.88));
#7094 = ( GEOMETRIC_REPRESENTATION_CONTEXT(2) 
PARAMETRIC_REPRESENTATION_CONTEXT() REPRESENTATION_CONTEXT('2D SPACE',''
  ) );
#7095 = ORIENTED_EDGE('',*,*,#6669,.T.);
#7096 = ORIENTED_EDGE('',*,*,#7025,.T.);
#7097 = ORIENTED_EDGE('',*,*,#7098,.F.);
#7098 = EDGE_CURVE('',#7076,#7026,#7099,.T.);
#7099 = SURFACE_CURVE('',#7100,(#7104,#7110),.PCURVE_S1.);
#7100 = LINE('',#7101,#7102);
#7101 = CARTESIAN_POINT('',(143.29,-151.696,1.2));
#7102 = VECTOR('',#7103,1.);
#7103 = DIRECTION('',(-1.,0.,0.));
#7104 = PCURVE('',#6684,#7105);
#7105 = DEFINITIONAL_REPRESENTATION('',(#7106),#7109);
#7106 = B_SPLINE_CURVE_WITH_KNOTS('',1,(#7107,#7108),.UNSPECIFIED.,.F.,
  .F.,(2,2),(-14.83,4.41),.PIECEWISE_BEZIER_KNOTS.);
#7107 = CARTESIAN_POINT('',(20.04,-2.2));
#7108 = CARTESIAN_POINT('',(0.8,-2.2));
#7109 = ( GEOMETRIC_REPRESENTATION_CONTEXT(2) 
PARAMETRIC_REPRESENTATION_CONTEXT() REPRESENTATION_CONTEXT('2D SPACE',''
  ) );
#7110 = PCURVE('',#6846,#7111);
#7111 = DEFINITIONAL_REPRESENTATION('',(#7112),#7115);
#7112 = B_SPLINE_CURVE_WITH_KNOTS('',1,(#7113,#7114),.UNSPECIFIED.,.F.,
  .F.,(2,2),(-14.83,4.41),.PIECEWISE_BEZIER_KNOTS.);
#7113 = CARTESIAN_POINT('',(9.62,-30.868));
#7114 = CARTESIAN_POINT('',(-9.62,-30.868));
#7115 = ( GEOMETRIC_REPRESENTATION_CONTEXT(2) 
PARAMETRIC_REPRESENTATION_CONTEXT() REPRESENTATION_CONTEXT('2D SPACE',''
  ) );
#7116 = ADVANCED_FACE('',(#7117),#6657,.F.);
#7117 = FACE_BOUND('',#7118,.T.);
#7118 = EDGE_LOOP('',(#7119,#7147,#7166,#7167));
#7119 = ORIENTED_EDGE('',*,*,#7120,.F.);
#7120 = EDGE_CURVE('',#7121,#7076,#7123,.T.);
#7121 = VERTEX_POINT('',#7122);
#7122 = CARTESIAN_POINT('',(146.58166739068,-152.596,1.2));
#7123 = SURFACE_CURVE('',#7124,(#7129,#7136),.PCURVE_S1.);
#7124 = CIRCLE('',#7125,2.7);
#7125 = AXIS2_PLACEMENT_3D('',#7126,#7127,#7128);
#7126 = CARTESIAN_POINT('',(148.5,-150.696,1.2));
#7127 = DIRECTION('',(0.,0.,-1.));
#7128 = DIRECTION('',(1.,0.,0.));
#7129 = PCURVE('',#6657,#7130);
#7130 = DEFINITIONAL_REPRESENTATION('',(#7131),#7135);
#7131 = LINE('',#7132,#7133);
#7132 = CARTESIAN_POINT('',(-6.28318530718,-2.2));
#7133 = VECTOR('',#7134,1.);
#7134 = DIRECTION('',(1.,-0.));
#7135 = ( GEOMETRIC_REPRESENTATION_CONTEXT(2) 
PARAMETRIC_REPRESENTATION_CONTEXT() REPRESENTATION_CONTEXT('2D SPACE',''
  ) );
#7136 = PCURVE('',#6846,#7137);
#7137 = DEFINITIONAL_REPRESENTATION('',(#7138),#7146);
#7138 = ( BOUNDED_CURVE() B_SPLINE_CURVE(2,(#7139,#7140,#7141,#7142,
#7143,#7144,#7145),.UNSPECIFIED.,.T.,.F.) B_SPLINE_CURVE_WITH_KNOTS((1,2
    ,2,2,2,1),(-2.094395102393,0.,2.094395102393,4.188790204786,
6.28318530718,8.377580409573),.UNSPECIFIED.) CURVE() 
GEOMETRIC_REPRESENTATION_ITEM() RATIONAL_B_SPLINE_CURVE((1.,0.5,1.,0.5,
1.,0.5,1.)) REPRESENTATION_ITEM('') );
#7139 = CARTESIAN_POINT('',(2.7,-29.868));
#7140 = CARTESIAN_POINT('',(2.7,-34.54453718043));
#7141 = CARTESIAN_POINT('',(-1.35,-32.20626859021));
#7142 = CARTESIAN_POINT('',(-5.4,-29.868));
#7143 = CARTESIAN_POINT('',(-1.35,-27.52973140978));
#7144 = CARTESIAN_POINT('',(2.7,-25.19146281956));
#7145 = CARTESIAN_POINT('',(2.7,-29.868));
#7146 = ( GEOMETRIC_REPRESENTATION_CONTEXT(2) 
PARAMETRIC_REPRESENTATION_CONTEXT() REPRESENTATION_CONTEXT('2D SPACE',''
  ) );
#7147 = ORIENTED_EDGE('',*,*,#7148,.T.);
#7148 = EDGE_CURVE('',#7121,#6609,#7149,.T.);
#7149 = SURFACE_CURVE('',#7150,(#7154,#7160),.PCURVE_S1.);
#7150 = LINE('',#7151,#7152);
#7151 = CARTESIAN_POINT('',(146.58166739067,-152.596,-1.));
#7152 = VECTOR('',#7153,1.);
#7153 = DIRECTION('',(-0.,-0.,-1.));
#7154 = PCURVE('',#6657,#7155);
#7155 = DEFINITIONAL_REPRESENTATION('',(#7156),#7159);
#7156 = B_SPLINE_CURVE_WITH_KNOTS('',1,(#7157,#7158),.UNSPECIFIED.,.F.,
  .F.,(2,2),(-2.32,-0.88),.PIECEWISE_BEZIER_KNOTS.);
#7157 = CARTESIAN_POINT('',(-3.922189645812,-2.32));
#7158 = CARTESIAN_POINT('',(-3.922189645812,-0.88));
#7159 = ( GEOMETRIC_REPRESENTATION_CONTEXT(2) 
PARAMETRIC_REPRESENTATION_CONTEXT() REPRESENTATION_CONTEXT('2D SPACE',''
  ) );
#7160 = PCURVE('',#6624,#7161);
#7161 = DEFINITIONAL_REPRESENTATION('',(#7162),#7165);
#7162 = B_SPLINE_CURVE_WITH_KNOTS('',1,(#7163,#7164),.UNSPECIFIED.,.F.,
  .F.,(2,2),(-2.32,-0.88),.PIECEWISE_BEZIER_KNOTS.);
#7163 = CARTESIAN_POINT('',(9.401667390675,-1.32));
#7164 = CARTESIAN_POINT('',(9.401667390675,0.12));
#7165 = ( GEOMETRIC_REPRESENTATION_CONTEXT(2) 
PARAMETRIC_REPRESENTATION_CONTEXT() REPRESENTATION_CONTEXT('2D SPACE',''
  ) );
#7166 = ORIENTED_EDGE('',*,*,#6636,.T.);
#7167 = ORIENTED_EDGE('',*,*,#7075,.F.);
#7168 = ADVANCED_FACE('',(#7169),#6624,.F.);
#7169 = FACE_BOUND('',#7170,.F.);
#7170 = EDGE_LOOP('',(#7171,#7172,#7173,#7194));
#7171 = ORIENTED_EDGE('',*,*,#6608,.T.);
#7172 = ORIENTED_EDGE('',*,*,#6862,.T.);
#7173 = ORIENTED_EDGE('',*,*,#7174,.T.);
#7174 = EDGE_CURVE('',#6830,#7121,#7175,.T.);
#7175 = SURFACE_CURVE('',#7176,(#7180,#7187),.PCURVE_S1.);
#7176 = LINE('',#7177,#7178);
#7177 = CARTESIAN_POINT('',(137.18,-152.596,1.2));
#7178 = VECTOR('',#7179,1.);
#7179 = DIRECTION('',(1.,0.,0.));
#7180 = PCURVE('',#6624,#7181);
#7181 = DEFINITIONAL_REPRESENTATION('',(#7182),#7186);
#7182 = LINE('',#7183,#7184);
#7183 = CARTESIAN_POINT('',(0.,-1.2));
#7184 = VECTOR('',#7185,1.);
#7185 = DIRECTION('',(1.,0.));
#7186 = ( GEOMETRIC_REPRESENTATION_CONTEXT(2) 
PARAMETRIC_REPRESENTATION_CONTEXT() REPRESENTATION_CONTEXT('2D SPACE',''
  ) );
#7187 = PCURVE('',#6846,#7188);
#7188 = DEFINITIONAL_REPRESENTATION('',(#7189),#7193);
#7189 = LINE('',#7190,#7191);
#7190 = CARTESIAN_POINT('',(-11.32,-31.768));
#7191 = VECTOR('',#7192,1.);
#7192 = DIRECTION('',(1.,0.));
#7193 = ( GEOMETRIC_REPRESENTATION_CONTEXT(2) 
PARAMETRIC_REPRESENTATION_CONTEXT() REPRESENTATION_CONTEXT('2D SPACE',''
  ) );
#7194 = ORIENTED_EDGE('',*,*,#7148,.T.);
#7195 = ADVANCED_FACE('',(#7196),#6846,.T.);
#7196 = FACE_BOUND('',#7197,.T.);
#7197 = EDGE_LOOP('',(#7198,#7199,#7200,#7201,#7202,#7203,#7204,#7205));
#7198 = ORIENTED_EDGE('',*,*,#6829,.F.);
#7199 = ORIENTED_EDGE('',*,*,#7174,.T.);
#7200 = ORIENTED_EDGE('',*,*,#7120,.T.);
#7201 = ORIENTED_EDGE('',*,*,#7098,.T.);
#7202 = ORIENTED_EDGE('',*,*,#7050,.F.);
#7203 = ORIENTED_EDGE('',*,*,#7003,.T.);
#7204 = ORIENTED_EDGE('',*,*,#6956,.T.);
#7205 = ORIENTED_EDGE('',*,*,#6908,.T.);
#7206 = ( GEOMETRIC_REPRESENTATION_CONTEXT(3) 
GLOBAL_UNCERTAINTY_ASSIGNED_CONTEXT((#7210)) 
GLOBAL_UNIT_ASSIGNED_CONTEXT((#7207,#7208,#7209)) REPRESENTATION_CONTEXT
('Context #1','3D Context with UNIT and UNCERTAINTY') );
#7207 = ( LENGTH_UNIT() NAMED_UNIT(*) SI_UNIT(.MILLI.,.METRE.) );
#7208 = ( NAMED_UNIT(*) PLANE_ANGLE_UNIT() SI_UNIT($,.RADIAN.) );
#7209 = ( NAMED_UNIT(*) SI_UNIT($,.STERADIAN.) SOLID_ANGLE_UNIT() );
#7210 = UNCERTAINTY_MEASURE_WITH_UNIT(LENGTH_MEASURE(1.E-07),#7207,
  'distance_accuracy_value','confusion accuracy');
#7211 = CONTEXT_DEPENDENT_SHAPE_REPRESENTATION(#7212,#7214);
#7212 = ( REPRESENTATION_RELATIONSHIP('','',#6566,#10) 
REPRESENTATION_RELATIONSHIP_WITH_TRANSFORMATION(#7213) 
SHAPE_REPRESENTATION_RELATIONSHIP() );
#7213 = ITEM_DEFINED_TRANSFORMATION('','',#11,#19);
#7214 = PRODUCT_DEFINITION_SHAPE('Placement','Placement of an item',
  #7215);
#7215 = NEXT_ASSEMBLY_USAGE_OCCURRENCE('2','','',#5,#6561,$);
#7216 = PRODUCT_RELATED_PRODUCT_CATEGORY('part',$,(#6563));
#7217 = SHAPE_DEFINITION_REPRESENTATION(#7218,#7224);
#7218 = PRODUCT_DEFINITION_SHAPE('','',#7219);
#7219 = PRODUCT_DEFINITION('design','',#7220,#7223);
#7220 = PRODUCT_DEFINITION_FORMATION('','',#7221);
#7221 = PRODUCT('Open CASCADE STEP translator 7.9 1.3',
  'Open CASCADE STEP translator 7.9 1.3','',(#7222));
#7222 = PRODUCT_CONTEXT('',#2,'mechanical');
#7223 = PRODUCT_DEFINITION_CONTEXT('part definition',#2,'design');
#7224 = ADVANCED_BREP_SHAPE_REPRESENTATION('',(#11,#7225),#7860);
#7225 = MANIFOLD_SOLID_BREP('',#7226);
#7226 = CLOSED_SHELL('',(#7227,#7345,#7533,#7583,#7724,#7749,#7776,#7803
    ,#7828,#7853));
#7227 = ADVANCED_FACE('',(#7228),#7242,.F.);
#7228 = FACE_BOUND('',#7229,.F.);
#7229 = EDGE_LOOP('',(#7230,#7265,#7291,#7319));
#7230 = ORIENTED_EDGE('',*,*,#7231,.T.);
#7231 = EDGE_CURVE('',#7232,#7234,#7236,.T.);
#7232 = VERTEX_POINT('',#7233);
#7233 = CARTESIAN_POINT('',(159.02,-152.596,0.));
#7234 = VERTEX_POINT('',#7235);
#7235 = CARTESIAN_POINT('',(150.41833260932,-152.596,0.));
#7236 = SURFACE_CURVE('',#7237,(#7241,#7253),.PCURVE_S1.);
#7237 = LINE('',#7238,#7239);
#7238 = CARTESIAN_POINT('',(142.84,-152.596,0.));
#7239 = VECTOR('',#7240,1.);
#7240 = DIRECTION('',(-1.,0.,0.));
#7241 = PCURVE('',#7242,#7247);
#7242 = PLANE('',#7243);
#7243 = AXIS2_PLACEMENT_3D('',#7244,#7245,#7246);
#7244 = CARTESIAN_POINT('',(137.18,-152.596,0.));
#7245 = DIRECTION('',(0.,1.,0.));
#7246 = DIRECTION('',(1.,0.,0.));
#7247 = DEFINITIONAL_REPRESENTATION('',(#7248),#7252);
#7248 = LINE('',#7249,#7250);
#7249 = CARTESIAN_POINT('',(5.66,0.));
#7250 = VECTOR('',#7251,1.);
#7251 = DIRECTION('',(-1.,0.));
#7252 = ( GEOMETRIC_REPRESENTATION_CONTEXT(2) 
PARAMETRIC_REPRESENTATION_CONTEXT() REPRESENTATION_CONTEXT('2D SPACE',''
  ) );
#7253 = PCURVE('',#7254,#7259);
#7254 = PLANE('',#7255);
#7255 = AXIS2_PLACEMENT_3D('',#7256,#7257,#7258);
#7256 = CARTESIAN_POINT('',(148.5,-120.828,0.));
#7257 = DIRECTION('',(0.,0.,1.));
#7258 = DIRECTION('',(1.,0.,-0.));
#7259 = DEFINITIONAL_REPRESENTATION('',(#7260),#7264);
#7260 = LINE('',#7261,#7262);
#7261 = CARTESIAN_POINT('',(-5.66,-31.768));
#7262 = VECTOR('',#7263,1.);
#7263 = DIRECTION('',(-1.,0.));
#7264 = ( GEOMETRIC_REPRESENTATION_CONTEXT(2) 
PARAMETRIC_REPRESENTATION_CONTEXT() REPRESENTATION_CONTEXT('2D SPACE',''
  ) );
#7265 = ORIENTED_EDGE('',*,*,#7266,.F.);
#7266 = EDGE_CURVE('',#7267,#7234,#7269,.T.);
#7267 = VERTEX_POINT('',#7268);
#7268 = CARTESIAN_POINT('',(150.41833260932,-152.596,1.2));
#7269 = SURFACE_CURVE('',#7270,(#7274,#7280),.PCURVE_S1.);
#7270 = LINE('',#7271,#7272);
#7271 = CARTESIAN_POINT('',(150.41833260932,-152.596,-1.));
#7272 = VECTOR('',#7273,1.);
#7273 = DIRECTION('',(-0.,-0.,-1.));
#7274 = PCURVE('',#7242,#7275);
#7275 = DEFINITIONAL_REPRESENTATION('',(#7276),#7279);
#7276 = B_SPLINE_CURVE_WITH_KNOTS('',1,(#7277,#7278),.UNSPECIFIED.,.F.,
  .F.,(2,2),(-2.32,-0.88),.PIECEWISE_BEZIER_KNOTS.);
#7277 = CARTESIAN_POINT('',(13.238332609325,-1.32));
#7278 = CARTESIAN_POINT('',(13.238332609325,0.12));
#7279 = ( GEOMETRIC_REPRESENTATION_CONTEXT(2) 
PARAMETRIC_REPRESENTATION_CONTEXT() REPRESENTATION_CONTEXT('2D SPACE',''
  ) );
#7280 = PCURVE('',#7281,#7286);
#7281 = CYLINDRICAL_SURFACE('',#7282,2.7);
#7282 = AXIS2_PLACEMENT_3D('',#7283,#7284,#7285);
#7283 = CARTESIAN_POINT('',(148.5,-150.696,-1.));
#7284 = DIRECTION('',(-0.,-0.,-1.));
#7285 = DIRECTION('',(1.,0.,0.));
#7286 = DEFINITIONAL_REPRESENTATION('',(#7287),#7290);
#7287 = B_SPLINE_CURVE_WITH_KNOTS('',1,(#7288,#7289),.UNSPECIFIED.,.F.,
  .F.,(2,2),(-2.32,-0.88),.PIECEWISE_BEZIER_KNOTS.);
#7288 = CARTESIAN_POINT('',(-5.502588314957,-2.32));
#7289 = CARTESIAN_POINT('',(-5.502588314957,-0.88));
#7290 = ( GEOMETRIC_REPRESENTATION_CONTEXT(2) 
PARAMETRIC_REPRESENTATION_CONTEXT() REPRESENTATION_CONTEXT('2D SPACE',''
  ) );
#7291 = ORIENTED_EDGE('',*,*,#7292,.T.);
#7292 = EDGE_CURVE('',#7267,#7293,#7295,.T.);
#7293 = VERTEX_POINT('',#7294);
#7294 = CARTESIAN_POINT('',(159.02,-152.596,1.2));
#7295 = SURFACE_CURVE('',#7296,(#7300,#7307),.PCURVE_S1.);
#7296 = LINE('',#7297,#7298);
#7297 = CARTESIAN_POINT('',(137.18,-152.596,1.2));
#7298 = VECTOR('',#7299,1.);
#7299 = DIRECTION('',(1.,0.,0.));
#7300 = PCURVE('',#7242,#7301);
#7301 = DEFINITIONAL_REPRESENTATION('',(#7302),#7306);
#7302 = LINE('',#7303,#7304);
#7303 = CARTESIAN_POINT('',(0.,-1.2));
#7304 = VECTOR('',#7305,1.);
#7305 = DIRECTION('',(1.,0.));
#7306 = ( GEOMETRIC_REPRESENTATION_CONTEXT(2) 
PARAMETRIC_REPRESENTATION_CONTEXT() REPRESENTATION_CONTEXT('2D SPACE',''
  ) );
#7307 = PCURVE('',#7308,#7313);
#7308 = PLANE('',#7309);
#7309 = AXIS2_PLACEMENT_3D('',#7310,#7311,#7312);
#7310 = CARTESIAN_POINT('',(148.5,-120.828,1.2));
#7311 = DIRECTION('',(0.,0.,1.));
#7312 = DIRECTION('',(1.,0.,-0.));
#7313 = DEFINITIONAL_REPRESENTATION('',(#7314),#7318);
#7314 = LINE('',#7315,#7316);
#7315 = CARTESIAN_POINT('',(-11.32,-31.768));
#7316 = VECTOR('',#7317,1.);
#7317 = DIRECTION('',(1.,0.));
#7318 = ( GEOMETRIC_REPRESENTATION_CONTEXT(2) 
PARAMETRIC_REPRESENTATION_CONTEXT() REPRESENTATION_CONTEXT('2D SPACE',''
  ) );
#7319 = ORIENTED_EDGE('',*,*,#7320,.F.);
#7320 = EDGE_CURVE('',#7232,#7293,#7321,.T.);
#7321 = SURFACE_CURVE('',#7322,(#7326,#7333),.PCURVE_S1.);
#7322 = LINE('',#7323,#7324);
#7323 = CARTESIAN_POINT('',(159.02,-152.596,0.));
#7324 = VECTOR('',#7325,1.);
#7325 = DIRECTION('',(0.,0.,1.));
#7326 = PCURVE('',#7242,#7327);
#7327 = DEFINITIONAL_REPRESENTATION('',(#7328),#7332);
#7328 = LINE('',#7329,#7330);
#7329 = CARTESIAN_POINT('',(21.84,0.));
#7330 = VECTOR('',#7331,1.);
#7331 = DIRECTION('',(0.,-1.));
#7332 = ( GEOMETRIC_REPRESENTATION_CONTEXT(2) 
PARAMETRIC_REPRESENTATION_CONTEXT() REPRESENTATION_CONTEXT('2D SPACE',''
  ) );
#7333 = PCURVE('',#7334,#7339);
#7334 = CYLINDRICAL_SURFACE('',#7335,0.8);
#7335 = AXIS2_PLACEMENT_3D('',#7336,#7337,#7338);
#7336 = CARTESIAN_POINT('',(159.02,-151.796,0.));
#7337 = DIRECTION('',(0.,0.,1.));
#7338 = DIRECTION('',(0.,-1.,0.));
#7339 = DEFINITIONAL_REPRESENTATION('',(#7340),#7344);
#7340 = LINE('',#7341,#7342);
#7341 = CARTESIAN_POINT('',(0.,0.));
#7342 = VECTOR('',#7343,1.);
#7343 = DIRECTION('',(0.,1.));
#7344 = ( GEOMETRIC_REPRESENTATION_CONTEXT(2) 
PARAMETRIC_REPRESENTATION_CONTEXT() REPRESENTATION_CONTEXT('2D SPACE',''
  ) );
#7345 = ADVANCED_FACE('',(#7346),#7254,.F.);
#7346 = FACE_BOUND('',#7347,.F.);
#7347 = EDGE_LOOP('',(#7348,#7376,#7377,#7400,#7428,#7454,#7480,#7509));
#7348 = ORIENTED_EDGE('',*,*,#7349,.T.);
#7349 = EDGE_CURVE('',#7350,#7234,#7352,.T.);
#7350 = VERTEX_POINT('',#7351);
#7351 = CARTESIAN_POINT('',(151.00798724079,-151.696,0.));
#7352 = SURFACE_CURVE('',#7353,(#7358,#7369),.PCURVE_S1.);
#7353 = CIRCLE('',#7354,2.7);
#7354 = AXIS2_PLACEMENT_3D('',#7355,#7356,#7357);
#7355 = CARTESIAN_POINT('',(148.5,-150.696,0.));
#7356 = DIRECTION('',(0.,0.,-1.));
#7357 = DIRECTION('',(1.,0.,0.));
#7358 = PCURVE('',#7254,#7359);
#7359 = DEFINITIONAL_REPRESENTATION('',(#7360),#7368);
#7360 = ( BOUNDED_CURVE() B_SPLINE_CURVE(2,(#7361,#7362,#7363,#7364,
#7365,#7366,#7367),.UNSPECIFIED.,.T.,.F.) B_SPLINE_CURVE_WITH_KNOTS((1,2
    ,2,2,2,1),(-2.094395102393,0.,2.094395102393,4.188790204786,
6.28318530718,8.377580409573),.UNSPECIFIED.) CURVE() 
GEOMETRIC_REPRESENTATION_ITEM() RATIONAL_B_SPLINE_CURVE((1.,0.5,1.,0.5,
1.,0.5,1.)) REPRESENTATION_ITEM('') );
#7361 = CARTESIAN_POINT('',(2.7,-29.868));
#7362 = CARTESIAN_POINT('',(2.7,-34.54453718043));
#7363 = CARTESIAN_POINT('',(-1.35,-32.20626859021));
#7364 = CARTESIAN_POINT('',(-5.4,-29.868));
#7365 = CARTESIAN_POINT('',(-1.35,-27.52973140978));
#7366 = CARTESIAN_POINT('',(2.7,-25.19146281956));
#7367 = CARTESIAN_POINT('',(2.7,-29.868));
#7368 = ( GEOMETRIC_REPRESENTATION_CONTEXT(2) 
PARAMETRIC_REPRESENTATION_CONTEXT() REPRESENTATION_CONTEXT('2D SPACE',''
  ) );
#7369 = PCURVE('',#7281,#7370);
#7370 = DEFINITIONAL_REPRESENTATION('',(#7371),#7375);
#7371 = LINE('',#7372,#7373);
#7372 = CARTESIAN_POINT('',(-6.28318530718,-1.));
#7373 = VECTOR('',#7374,1.);
#7374 = DIRECTION('',(1.,-0.));
#7375 = ( GEOMETRIC_REPRESENTATION_CONTEXT(2) 
PARAMETRIC_REPRESENTATION_CONTEXT() REPRESENTATION_CONTEXT('2D SPACE',''
  ) );
#7376 = ORIENTED_EDGE('',*,*,#7231,.F.);
#7377 = ORIENTED_EDGE('',*,*,#7378,.T.);
#7378 = EDGE_CURVE('',#7232,#7379,#7381,.T.);
#7379 = VERTEX_POINT('',#7380);
#7380 = CARTESIAN_POINT('',(159.82,-151.796,0.));
#7381 = SURFACE_CURVE('',#7382,(#7387,#7394),.PCURVE_S1.);
#7382 = CIRCLE('',#7383,0.8);
#7383 = AXIS2_PLACEMENT_3D('',#7384,#7385,#7386);
#7384 = CARTESIAN_POINT('',(159.02,-151.796,0.));
#7385 = DIRECTION('',(0.,0.,1.));
#7386 = DIRECTION('',(0.,-1.,0.));
#7387 = PCURVE('',#7254,#7388);
#7388 = DEFINITIONAL_REPRESENTATION('',(#7389),#7393);
#7389 = CIRCLE('',#7390,0.8);
#7390 = AXIS2_PLACEMENT_2D('',#7391,#7392);
#7391 = CARTESIAN_POINT('',(10.52,-30.968));
#7392 = DIRECTION('',(0.,-1.));
#7393 = ( GEOMETRIC_REPRESENTATION_CONTEXT(2) 
PARAMETRIC_REPRESENTATION_CONTEXT() REPRESENTATION_CONTEXT('2D SPACE',''
  ) );
#7394 = PCURVE('',#7334,#7395);
#7395 = DEFINITIONAL_REPRESENTATION('',(#7396),#7399);
#7396 = B_SPLINE_CURVE_WITH_KNOTS('',1,(#7397,#7398),.UNSPECIFIED.,.F.,
  .F.,(2,2),(0.,1.570796326795),.PIECEWISE_BEZIER_KNOTS.);
#7397 = CARTESIAN_POINT('',(0.,0.));
#7398 = CARTESIAN_POINT('',(1.570796326795,0.));
#7399 = ( GEOMETRIC_REPRESENTATION_CONTEXT(2) 
PARAMETRIC_REPRESENTATION_CONTEXT() REPRESENTATION_CONTEXT('2D SPACE',''
  ) );
#7400 = ORIENTED_EDGE('',*,*,#7401,.F.);
#7401 = EDGE_CURVE('',#7402,#7379,#7404,.T.);
#7402 = VERTEX_POINT('',#7403);
#7403 = CARTESIAN_POINT('',(159.82,-122.14,0.));
#7404 = SURFACE_CURVE('',#7405,(#7409,#7416),.PCURVE_S1.);
#7405 = LINE('',#7406,#7407);
#7406 = CARTESIAN_POINT('',(159.82,-136.762,0.));
#7407 = VECTOR('',#7408,1.);
#7408 = DIRECTION('',(0.,-1.,0.));
#7409 = PCURVE('',#7254,#7410);
#7410 = DEFINITIONAL_REPRESENTATION('',(#7411),#7415);
#7411 = LINE('',#7412,#7413);
#7412 = CARTESIAN_POINT('',(11.32,-15.934));
#7413 = VECTOR('',#7414,1.);
#7414 = DIRECTION('',(0.,-1.));
#7415 = ( GEOMETRIC_REPRESENTATION_CONTEXT(2) 
PARAMETRIC_REPRESENTATION_CONTEXT() REPRESENTATION_CONTEXT('2D SPACE',''
  ) );
#7416 = PCURVE('',#7417,#7422);
#7417 = PLANE('',#7418);
#7418 = AXIS2_PLACEMENT_3D('',#7419,#7420,#7421);
#7419 = CARTESIAN_POINT('',(159.82,-152.596,0.));
#7420 = DIRECTION('',(-1.,0.,0.));
#7421 = DIRECTION('',(0.,1.,0.));
#7422 = DEFINITIONAL_REPRESENTATION('',(#7423),#7427);
#7423 = LINE('',#7424,#7425);
#7424 = CARTESIAN_POINT('',(15.834,0.));
#7425 = VECTOR('',#7426,1.);
#7426 = DIRECTION('',(-1.,0.));
#7427 = ( GEOMETRIC_REPRESENTATION_CONTEXT(2) 
PARAMETRIC_REPRESENTATION_CONTEXT() REPRESENTATION_CONTEXT('2D SPACE',''
  ) );
#7428 = ORIENTED_EDGE('',*,*,#7429,.T.);
#7429 = EDGE_CURVE('',#7402,#7430,#7432,.T.);
#7430 = VERTEX_POINT('',#7431);
#7431 = CARTESIAN_POINT('',(158.92,-122.14,0.));
#7432 = SURFACE_CURVE('',#7433,(#7437,#7443),.PCURVE_S1.);
#7433 = LINE('',#7434,#7435);
#7434 = CARTESIAN_POINT('',(142.34,-122.14,0.));
#7435 = VECTOR('',#7436,1.);
#7436 = DIRECTION('',(-1.,0.,0.));
#7437 = PCURVE('',#7254,#7438);
#7438 = DEFINITIONAL_REPRESENTATION('',(#7439),#7442);
#7439 = B_SPLINE_CURVE_WITH_KNOTS('',1,(#7440,#7441),.UNSPECIFIED.,.F.,
  .F.,(2,2),(-17.48,5.16),.PIECEWISE_BEZIER_KNOTS.);
#7440 = CARTESIAN_POINT('',(11.32,-1.312));
#7441 = CARTESIAN_POINT('',(-11.32,-1.312));
#7442 = ( GEOMETRIC_REPRESENTATION_CONTEXT(2) 
PARAMETRIC_REPRESENTATION_CONTEXT() REPRESENTATION_CONTEXT('2D SPACE',''
  ) );
#7443 = PCURVE('',#7444,#7449);
#7444 = PLANE('',#7445);
#7445 = AXIS2_PLACEMENT_3D('',#7446,#7447,#7448);
#7446 = CARTESIAN_POINT('',(136.18,-122.14,-1.));
#7447 = DIRECTION('',(0.,1.,0.));
#7448 = DIRECTION('',(1.,0.,0.));
#7449 = DEFINITIONAL_REPRESENTATION('',(#7450),#7453);
#7450 = B_SPLINE_CURVE_WITH_KNOTS('',1,(#7451,#7452),.UNSPECIFIED.,.F.,
  .F.,(2,2),(-17.48,5.16),.PIECEWISE_BEZIER_KNOTS.);
#7451 = CARTESIAN_POINT('',(23.64,-1.));
#7452 = CARTESIAN_POINT('',(1.,-1.));
#7453 = ( GEOMETRIC_REPRESENTATION_CONTEXT(2) 
PARAMETRIC_REPRESENTATION_CONTEXT() REPRESENTATION_CONTEXT('2D SPACE',''
  ) );
#7454 = ORIENTED_EDGE('',*,*,#7455,.T.);
#7455 = EDGE_CURVE('',#7430,#7456,#7458,.T.);
#7456 = VERTEX_POINT('',#7457);
#7457 = CARTESIAN_POINT('',(158.92,-150.896,0.));
#7458 = SURFACE_CURVE('',#7459,(#7463,#7469),.PCURVE_S1.);
#7459 = LINE('',#7460,#7461);
#7460 = CARTESIAN_POINT('',(158.92,-136.262,0.));
#7461 = VECTOR('',#7462,1.);
#7462 = DIRECTION('',(0.,-1.,0.));
#7463 = PCURVE('',#7254,#7464);
#7464 = DEFINITIONAL_REPRESENTATION('',(#7465),#7468);
#7465 = B_SPLINE_CURVE_WITH_KNOTS('',1,(#7466,#7467),.UNSPECIFIED.,.F.,
  .F.,(2,2),(-45.502,14.634),.PIECEWISE_BEZIER_KNOTS.);
#7466 = CARTESIAN_POINT('',(10.42,30.068));
#7467 = CARTESIAN_POINT('',(10.42,-30.068));
#7468 = ( GEOMETRIC_REPRESENTATION_CONTEXT(2) 
PARAMETRIC_REPRESENTATION_CONTEXT() REPRESENTATION_CONTEXT('2D SPACE',''
  ) );
#7469 = PCURVE('',#7470,#7475);
#7470 = PLANE('',#7471);
#7471 = AXIS2_PLACEMENT_3D('',#7472,#7473,#7474);
#7472 = CARTESIAN_POINT('',(158.92,-151.696,-1.));
#7473 = DIRECTION('',(-1.,0.,0.));
#7474 = DIRECTION('',(0.,1.,0.));
#7475 = DEFINITIONAL_REPRESENTATION('',(#7476),#7479);
#7476 = B_SPLINE_CURVE_WITH_KNOTS('',1,(#7477,#7478),.UNSPECIFIED.,.F.,
  .F.,(2,2),(-45.502,14.634),.PIECEWISE_BEZIER_KNOTS.);
#7477 = CARTESIAN_POINT('',(60.936,-1.));
#7478 = CARTESIAN_POINT('',(0.8,-1.));
#7479 = ( GEOMETRIC_REPRESENTATION_CONTEXT(2) 
PARAMETRIC_REPRESENTATION_CONTEXT() REPRESENTATION_CONTEXT('2D SPACE',''
  ) );
#7480 = ORIENTED_EDGE('',*,*,#7481,.F.);
#7481 = EDGE_CURVE('',#7482,#7456,#7484,.T.);
#7482 = VERTEX_POINT('',#7483);
#7483 = CARTESIAN_POINT('',(158.12,-151.696,0.));
#7484 = SURFACE_CURVE('',#7485,(#7490,#7497),.PCURVE_S1.);
#7485 = CIRCLE('',#7486,0.8);
#7486 = AXIS2_PLACEMENT_3D('',#7487,#7488,#7489);
#7487 = CARTESIAN_POINT('',(158.12,-150.896,0.));
#7488 = DIRECTION('',(0.,0.,1.));
#7489 = DIRECTION('',(0.,-1.,0.));
#7490 = PCURVE('',#7254,#7491);
#7491 = DEFINITIONAL_REPRESENTATION('',(#7492),#7496);
#7492 = CIRCLE('',#7493,0.8);
#7493 = AXIS2_PLACEMENT_2D('',#7494,#7495);
#7494 = CARTESIAN_POINT('',(9.62,-30.068));
#7495 = DIRECTION('',(0.,-1.));
#7496 = ( GEOMETRIC_REPRESENTATION_CONTEXT(2) 
PARAMETRIC_REPRESENTATION_CONTEXT() REPRESENTATION_CONTEXT('2D SPACE',''
  ) );
#7497 = PCURVE('',#7498,#7503);
#7498 = CYLINDRICAL_SURFACE('',#7499,0.8);
#7499 = AXIS2_PLACEMENT_3D('',#7500,#7501,#7502);
#7500 = CARTESIAN_POINT('',(158.12,-150.896,-1.));
#7501 = DIRECTION('',(0.,0.,1.));
#7502 = DIRECTION('',(0.,-1.,0.));
#7503 = DEFINITIONAL_REPRESENTATION('',(#7504),#7508);
#7504 = LINE('',#7505,#7506);
#7505 = CARTESIAN_POINT('',(0.,1.));
#7506 = VECTOR('',#7507,1.);
#7507 = DIRECTION('',(1.,0.));
#7508 = ( GEOMETRIC_REPRESENTATION_CONTEXT(2) 
PARAMETRIC_REPRESENTATION_CONTEXT() REPRESENTATION_CONTEXT('2D SPACE',''
  ) );
#7509 = ORIENTED_EDGE('',*,*,#7510,.T.);
#7510 = EDGE_CURVE('',#7482,#7350,#7511,.T.);
#7511 = SURFACE_CURVE('',#7512,(#7516,#7522),.PCURVE_S1.);
#7512 = LINE('',#7513,#7514);
#7513 = CARTESIAN_POINT('',(143.29,-151.696,0.));
#7514 = VECTOR('',#7515,1.);
#7515 = DIRECTION('',(-1.,0.,0.));
#7516 = PCURVE('',#7254,#7517);
#7517 = DEFINITIONAL_REPRESENTATION('',(#7518),#7521);
#7518 = B_SPLINE_CURVE_WITH_KNOTS('',1,(#7519,#7520),.UNSPECIFIED.,.F.,
  .F.,(2,2),(-14.83,4.41),.PIECEWISE_BEZIER_KNOTS.);
#7519 = CARTESIAN_POINT('',(9.62,-30.868));
#7520 = CARTESIAN_POINT('',(-9.62,-30.868));
#7521 = ( GEOMETRIC_REPRESENTATION_CONTEXT(2) 
PARAMETRIC_REPRESENTATION_CONTEXT() REPRESENTATION_CONTEXT('2D SPACE',''
  ) );
#7522 = PCURVE('',#7523,#7528);
#7523 = PLANE('',#7524);
#7524 = AXIS2_PLACEMENT_3D('',#7525,#7526,#7527);
#7525 = CARTESIAN_POINT('',(138.08,-151.696,-1.));
#7526 = DIRECTION('',(0.,1.,0.));
#7527 = DIRECTION('',(1.,0.,0.));
#7528 = DEFINITIONAL_REPRESENTATION('',(#7529),#7532);
#7529 = B_SPLINE_CURVE_WITH_KNOTS('',1,(#7530,#7531),.UNSPECIFIED.,.F.,
  .F.,(2,2),(-14.83,4.41),.PIECEWISE_BEZIER_KNOTS.);
#7530 = CARTESIAN_POINT('',(20.04,-1.));
#7531 = CARTESIAN_POINT('',(0.8,-1.));
#7532 = ( GEOMETRIC_REPRESENTATION_CONTEXT(2) 
PARAMETRIC_REPRESENTATION_CONTEXT() REPRESENTATION_CONTEXT('2D SPACE',''
  ) );
#7533 = ADVANCED_FACE('',(#7534),#7334,.T.);
#7534 = FACE_BOUND('',#7535,.T.);
#7535 = EDGE_LOOP('',(#7536,#7537,#7560,#7582));
#7536 = ORIENTED_EDGE('',*,*,#7378,.T.);
#7537 = ORIENTED_EDGE('',*,*,#7538,.T.);
#7538 = EDGE_CURVE('',#7379,#7539,#7541,.T.);
#7539 = VERTEX_POINT('',#7540);
#7540 = CARTESIAN_POINT('',(159.82,-151.796,1.2));
#7541 = SURFACE_CURVE('',#7542,(#7546,#7553),.PCURVE_S1.);
#7542 = LINE('',#7543,#7544);
#7543 = CARTESIAN_POINT('',(159.82,-151.796,0.));
#7544 = VECTOR('',#7545,1.);
#7545 = DIRECTION('',(0.,0.,1.));
#7546 = PCURVE('',#7334,#7547);
#7547 = DEFINITIONAL_REPRESENTATION('',(#7548),#7552);
#7548 = LINE('',#7549,#7550);
#7549 = CARTESIAN_POINT('',(1.570796326795,0.));
#7550 = VECTOR('',#7551,1.);
#7551 = DIRECTION('',(0.,1.));
#7552 = ( GEOMETRIC_REPRESENTATION_CONTEXT(2) 
PARAMETRIC_REPRESENTATION_CONTEXT() REPRESENTATION_CONTEXT('2D SPACE',''
  ) );
#7553 = PCURVE('',#7417,#7554);
#7554 = DEFINITIONAL_REPRESENTATION('',(#7555),#7559);
#7555 = LINE('',#7556,#7557);
#7556 = CARTESIAN_POINT('',(0.8,0.));
#7557 = VECTOR('',#7558,1.);
#7558 = DIRECTION('',(0.,-1.));
#7559 = ( GEOMETRIC_REPRESENTATION_CONTEXT(2) 
PARAMETRIC_REPRESENTATION_CONTEXT() REPRESENTATION_CONTEXT('2D SPACE',''
  ) );
#7560 = ORIENTED_EDGE('',*,*,#7561,.F.);
#7561 = EDGE_CURVE('',#7293,#7539,#7562,.T.);
#7562 = SURFACE_CURVE('',#7563,(#7568,#7575),.PCURVE_S1.);
#7563 = CIRCLE('',#7564,0.8);
#7564 = AXIS2_PLACEMENT_3D('',#7565,#7566,#7567);
#7565 = CARTESIAN_POINT('',(159.02,-151.796,1.2));
#7566 = DIRECTION('',(0.,0.,1.));
#7567 = DIRECTION('',(0.,-1.,0.));
#7568 = PCURVE('',#7334,#7569);
#7569 = DEFINITIONAL_REPRESENTATION('',(#7570),#7574);
#7570 = LINE('',#7571,#7572);
#7571 = CARTESIAN_POINT('',(0.,1.2));
#7572 = VECTOR('',#7573,1.);
#7573 = DIRECTION('',(1.,0.));
#7574 = ( GEOMETRIC_REPRESENTATION_CONTEXT(2) 
PARAMETRIC_REPRESENTATION_CONTEXT() REPRESENTATION_CONTEXT('2D SPACE',''
  ) );
#7575 = PCURVE('',#7308,#7576);
#7576 = DEFINITIONAL_REPRESENTATION('',(#7577),#7581);
#7577 = CIRCLE('',#7578,0.8);
#7578 = AXIS2_PLACEMENT_2D('',#7579,#7580);
#7579 = CARTESIAN_POINT('',(10.52,-30.968));
#7580 = DIRECTION('',(0.,-1.));
#7581 = ( GEOMETRIC_REPRESENTATION_CONTEXT(2) 
PARAMETRIC_REPRESENTATION_CONTEXT() REPRESENTATION_CONTEXT('2D SPACE',''
  ) );
#7582 = ORIENTED_EDGE('',*,*,#7320,.F.);
#7583 = ADVANCED_FACE('',(#7584),#7308,.T.);
#7584 = FACE_BOUND('',#7585,.T.);
#7585 = EDGE_LOOP('',(#7586,#7614,#7615,#7616,#7639,#7660,#7681,#7705));
#7586 = ORIENTED_EDGE('',*,*,#7587,.T.);
#7587 = EDGE_CURVE('',#7588,#7267,#7590,.T.);
#7588 = VERTEX_POINT('',#7589);
#7589 = CARTESIAN_POINT('',(151.00798724079,-151.696,1.2));
#7590 = SURFACE_CURVE('',#7591,(#7596,#7607),.PCURVE_S1.);
#7591 = CIRCLE('',#7592,2.7);
#7592 = AXIS2_PLACEMENT_3D('',#7593,#7594,#7595);
#7593 = CARTESIAN_POINT('',(148.5,-150.696,1.2));
#7594 = DIRECTION('',(0.,0.,-1.));
#7595 = DIRECTION('',(1.,0.,0.));
#7596 = PCURVE('',#7308,#7597);
#7597 = DEFINITIONAL_REPRESENTATION('',(#7598),#7606);
#7598 = ( BOUNDED_CURVE() B_SPLINE_CURVE(2,(#7599,#7600,#7601,#7602,
#7603,#7604,#7605),.UNSPECIFIED.,.T.,.F.) B_SPLINE_CURVE_WITH_KNOTS((1,2
    ,2,2,2,1),(-2.094395102393,0.,2.094395102393,4.188790204786,
6.28318530718,8.377580409573),.UNSPECIFIED.) CURVE() 
GEOMETRIC_REPRESENTATION_ITEM() RATIONAL_B_SPLINE_CURVE((1.,0.5,1.,0.5,
1.,0.5,1.)) REPRESENTATION_ITEM('') );
#7599 = CARTESIAN_POINT('',(2.7,-29.868));
#7600 = CARTESIAN_POINT('',(2.7,-34.54453718043));
#7601 = CARTESIAN_POINT('',(-1.35,-32.20626859021));
#7602 = CARTESIAN_POINT('',(-5.4,-29.868));
#7603 = CARTESIAN_POINT('',(-1.35,-27.52973140978));
#7604 = CARTESIAN_POINT('',(2.7,-25.19146281956));
#7605 = CARTESIAN_POINT('',(2.7,-29.868));
#7606 = ( GEOMETRIC_REPRESENTATION_CONTEXT(2) 
PARAMETRIC_REPRESENTATION_CONTEXT() REPRESENTATION_CONTEXT('2D SPACE',''
  ) );
#7607 = PCURVE('',#7281,#7608);
#7608 = DEFINITIONAL_REPRESENTATION('',(#7609),#7613);
#7609 = LINE('',#7610,#7611);
#7610 = CARTESIAN_POINT('',(-6.28318530718,-2.2));
#7611 = VECTOR('',#7612,1.);
#7612 = DIRECTION('',(1.,-0.));
#7613 = ( GEOMETRIC_REPRESENTATION_CONTEXT(2) 
PARAMETRIC_REPRESENTATION_CONTEXT() REPRESENTATION_CONTEXT('2D SPACE',''
  ) );
#7614 = ORIENTED_EDGE('',*,*,#7292,.T.);
#7615 = ORIENTED_EDGE('',*,*,#7561,.T.);
#7616 = ORIENTED_EDGE('',*,*,#7617,.T.);
#7617 = EDGE_CURVE('',#7539,#7618,#7620,.T.);
#7618 = VERTEX_POINT('',#7619);
#7619 = CARTESIAN_POINT('',(159.82,-122.14,1.2));
#7620 = SURFACE_CURVE('',#7621,(#7625,#7632),.PCURVE_S1.);
#7621 = LINE('',#7622,#7623);
#7622 = CARTESIAN_POINT('',(159.82,-152.596,1.2));
#7623 = VECTOR('',#7624,1.);
#7624 = DIRECTION('',(0.,1.,0.));
#7625 = PCURVE('',#7308,#7626);
#7626 = DEFINITIONAL_REPRESENTATION('',(#7627),#7631);
#7627 = LINE('',#7628,#7629);
#7628 = CARTESIAN_POINT('',(11.32,-31.768));
#7629 = VECTOR('',#7630,1.);
#7630 = DIRECTION('',(0.,1.));
#7631 = ( GEOMETRIC_REPRESENTATION_CONTEXT(2) 
PARAMETRIC_REPRESENTATION_CONTEXT() REPRESENTATION_CONTEXT('2D SPACE',''
  ) );
#7632 = PCURVE('',#7417,#7633);
#7633 = DEFINITIONAL_REPRESENTATION('',(#7634),#7638);
#7634 = LINE('',#7635,#7636);
#7635 = CARTESIAN_POINT('',(0.,-1.2));
#7636 = VECTOR('',#7637,1.);
#7637 = DIRECTION('',(1.,0.));
#7638 = ( GEOMETRIC_REPRESENTATION_CONTEXT(2) 
PARAMETRIC_REPRESENTATION_CONTEXT() REPRESENTATION_CONTEXT('2D SPACE',''
  ) );
#7639 = ORIENTED_EDGE('',*,*,#7640,.T.);
#7640 = EDGE_CURVE('',#7618,#7641,#7643,.T.);
#7641 = VERTEX_POINT('',#7642);
#7642 = CARTESIAN_POINT('',(158.92,-122.14,1.2));
#7643 = SURFACE_CURVE('',#7644,(#7648,#7654),.PCURVE_S1.);
#7644 = LINE('',#7645,#7646);
#7645 = CARTESIAN_POINT('',(142.34,-122.14,1.2));
#7646 = VECTOR('',#7647,1.);
#7647 = DIRECTION('',(-1.,0.,0.));
#7648 = PCURVE('',#7308,#7649);
#7649 = DEFINITIONAL_REPRESENTATION('',(#7650),#7653);
#7650 = B_SPLINE_CURVE_WITH_KNOTS('',1,(#7651,#7652),.UNSPECIFIED.,.F.,
  .F.,(2,2),(-17.48,5.16),.PIECEWISE_BEZIER_KNOTS.);
#7651 = CARTESIAN_POINT('',(11.32,-1.312));
#7652 = CARTESIAN_POINT('',(-11.32,-1.312));
#7653 = ( GEOMETRIC_REPRESENTATION_CONTEXT(2) 
PARAMETRIC_REPRESENTATION_CONTEXT() REPRESENTATION_CONTEXT('2D SPACE',''
  ) );
#7654 = PCURVE('',#7444,#7655);
#7655 = DEFINITIONAL_REPRESENTATION('',(#7656),#7659);
#7656 = B_SPLINE_CURVE_WITH_KNOTS('',1,(#7657,#7658),.UNSPECIFIED.,.F.,
  .F.,(2,2),(-17.48,5.16),.PIECEWISE_BEZIER_KNOTS.);
#7657 = CARTESIAN_POINT('',(23.64,-2.2));
#7658 = CARTESIAN_POINT('',(1.,-2.2));
#7659 = ( GEOMETRIC_REPRESENTATION_CONTEXT(2) 
PARAMETRIC_REPRESENTATION_CONTEXT() REPRESENTATION_CONTEXT('2D SPACE',''
  ) );
#7660 = ORIENTED_EDGE('',*,*,#7661,.T.);
#7661 = EDGE_CURVE('',#7641,#7662,#7664,.T.);
#7662 = VERTEX_POINT('',#7663);
#7663 = CARTESIAN_POINT('',(158.92,-150.896,1.2));
#7664 = SURFACE_CURVE('',#7665,(#7669,#7675),.PCURVE_S1.);
#7665 = LINE('',#7666,#7667);
#7666 = CARTESIAN_POINT('',(158.92,-136.262,1.2));
#7667 = VECTOR('',#7668,1.);
#7668 = DIRECTION('',(0.,-1.,0.));
#7669 = PCURVE('',#7308,#7670);
#7670 = DEFINITIONAL_REPRESENTATION('',(#7671),#7674);
#7671 = B_SPLINE_CURVE_WITH_KNOTS('',1,(#7672,#7673),.UNSPECIFIED.,.F.,
  .F.,(2,2),(-45.502,14.634),.PIECEWISE_BEZIER_KNOTS.);
#7672 = CARTESIAN_POINT('',(10.42,30.068));
#7673 = CARTESIAN_POINT('',(10.42,-30.068));
#7674 = ( GEOMETRIC_REPRESENTATION_CONTEXT(2) 
PARAMETRIC_REPRESENTATION_CONTEXT() REPRESENTATION_CONTEXT('2D SPACE',''
  ) );
#7675 = PCURVE('',#7470,#7676);
#7676 = DEFINITIONAL_REPRESENTATION('',(#7677),#7680);
#7677 = B_SPLINE_CURVE_WITH_KNOTS('',1,(#7678,#7679),.UNSPECIFIED.,.F.,
  .F.,(2,2),(-45.502,14.634),.PIECEWISE_BEZIER_KNOTS.);
#7678 = CARTESIAN_POINT('',(60.936,-2.2));
#7679 = CARTESIAN_POINT('',(0.8,-2.2));
#7680 = ( GEOMETRIC_REPRESENTATION_CONTEXT(2) 
PARAMETRIC_REPRESENTATION_CONTEXT() REPRESENTATION_CONTEXT('2D SPACE',''
  ) );
#7681 = ORIENTED_EDGE('',*,*,#7682,.F.);
#7682 = EDGE_CURVE('',#7683,#7662,#7685,.T.);
#7683 = VERTEX_POINT('',#7684);
#7684 = CARTESIAN_POINT('',(158.12,-151.696,1.2));
#7685 = SURFACE_CURVE('',#7686,(#7691,#7698),.PCURVE_S1.);
#7686 = CIRCLE('',#7687,0.8);
#7687 = AXIS2_PLACEMENT_3D('',#7688,#7689,#7690);
#7688 = CARTESIAN_POINT('',(158.12,-150.896,1.2));
#7689 = DIRECTION('',(0.,0.,1.));
#7690 = DIRECTION('',(0.,-1.,0.));
#7691 = PCURVE('',#7308,#7692);
#7692 = DEFINITIONAL_REPRESENTATION('',(#7693),#7697);
#7693 = CIRCLE('',#7694,0.8);
#7694 = AXIS2_PLACEMENT_2D('',#7695,#7696);
#7695 = CARTESIAN_POINT('',(9.62,-30.068));
#7696 = DIRECTION('',(0.,-1.));
#7697 = ( GEOMETRIC_REPRESENTATION_CONTEXT(2) 
PARAMETRIC_REPRESENTATION_CONTEXT() REPRESENTATION_CONTEXT('2D SPACE',''
  ) );
#7698 = PCURVE('',#7498,#7699);
#7699 = DEFINITIONAL_REPRESENTATION('',(#7700),#7704);
#7700 = LINE('',#7701,#7702);
#7701 = CARTESIAN_POINT('',(0.,2.2));
#7702 = VECTOR('',#7703,1.);
#7703 = DIRECTION('',(1.,0.));
#7704 = ( GEOMETRIC_REPRESENTATION_CONTEXT(2) 
PARAMETRIC_REPRESENTATION_CONTEXT() REPRESENTATION_CONTEXT('2D SPACE',''
  ) );
#7705 = ORIENTED_EDGE('',*,*,#7706,.T.);
#7706 = EDGE_CURVE('',#7683,#7588,#7707,.T.);
#7707 = SURFACE_CURVE('',#7708,(#7712,#7718),.PCURVE_S1.);
#7708 = LINE('',#7709,#7710);
#7709 = CARTESIAN_POINT('',(143.29,-151.696,1.2));
#7710 = VECTOR('',#7711,1.);
#7711 = DIRECTION('',(-1.,0.,0.));
#7712 = PCURVE('',#7308,#7713);
#7713 = DEFINITIONAL_REPRESENTATION('',(#7714),#7717);
#7714 = B_SPLINE_CURVE_WITH_KNOTS('',1,(#7715,#7716),.UNSPECIFIED.,.F.,
  .F.,(2,2),(-14.83,4.41),.PIECEWISE_BEZIER_KNOTS.);
#7715 = CARTESIAN_POINT('',(9.62,-30.868));
#7716 = CARTESIAN_POINT('',(-9.62,-30.868));
#7717 = ( GEOMETRIC_REPRESENTATION_CONTEXT(2) 
PARAMETRIC_REPRESENTATION_CONTEXT() REPRESENTATION_CONTEXT('2D SPACE',''
  ) );
#7718 = PCURVE('',#7523,#7719);
#7719 = DEFINITIONAL_REPRESENTATION('',(#7720),#7723);
#7720 = B_SPLINE_CURVE_WITH_KNOTS('',1,(#7721,#7722),.UNSPECIFIED.,.F.,
  .F.,(2,2),(-14.83,4.41),.PIECEWISE_BEZIER_KNOTS.);
#7721 = CARTESIAN_POINT('',(20.04,-2.2));
#7722 = CARTESIAN_POINT('',(0.8,-2.2));
#7723 = ( GEOMETRIC_REPRESENTATION_CONTEXT(2) 
PARAMETRIC_REPRESENTATION_CONTEXT() REPRESENTATION_CONTEXT('2D SPACE',''
  ) );
#7724 = ADVANCED_FACE('',(#7725),#7281,.F.);
#7725 = FACE_BOUND('',#7726,.T.);
#7726 = EDGE_LOOP('',(#7727,#7728,#7729,#7748));
#7727 = ORIENTED_EDGE('',*,*,#7266,.F.);
#7728 = ORIENTED_EDGE('',*,*,#7587,.F.);
#7729 = ORIENTED_EDGE('',*,*,#7730,.T.);
#7730 = EDGE_CURVE('',#7588,#7350,#7731,.T.);
#7731 = SURFACE_CURVE('',#7732,(#7736,#7742),.PCURVE_S1.);
#7732 = LINE('',#7733,#7734);
#7733 = CARTESIAN_POINT('',(151.00798724079,-151.696,-1.));
#7734 = VECTOR('',#7735,1.);
#7735 = DIRECTION('',(-0.,-0.,-1.));
#7736 = PCURVE('',#7281,#7737);
#7737 = DEFINITIONAL_REPRESENTATION('',(#7738),#7741);
#7738 = B_SPLINE_CURVE_WITH_KNOTS('',1,(#7739,#7740),.UNSPECIFIED.,.F.,
  .F.,(2,2),(-2.32,-0.88),.PIECEWISE_BEZIER_KNOTS.);
#7739 = CARTESIAN_POINT('',(-5.903777592052,-2.32));
#7740 = CARTESIAN_POINT('',(-5.903777592052,-0.88));
#7741 = ( GEOMETRIC_REPRESENTATION_CONTEXT(2) 
PARAMETRIC_REPRESENTATION_CONTEXT() REPRESENTATION_CONTEXT('2D SPACE',''
  ) );
#7742 = PCURVE('',#7523,#7743);
#7743 = DEFINITIONAL_REPRESENTATION('',(#7744),#7747);
#7744 = B_SPLINE_CURVE_WITH_KNOTS('',1,(#7745,#7746),.UNSPECIFIED.,.F.,
  .F.,(2,2),(-2.32,-0.88),.PIECEWISE_BEZIER_KNOTS.);
#7745 = CARTESIAN_POINT('',(12.927987240797,-2.32));
#7746 = CARTESIAN_POINT('',(12.927987240797,-0.88));
#7747 = ( GEOMETRIC_REPRESENTATION_CONTEXT(2) 
PARAMETRIC_REPRESENTATION_CONTEXT() REPRESENTATION_CONTEXT('2D SPACE',''
  ) );
#7748 = ORIENTED_EDGE('',*,*,#7349,.T.);
#7749 = ADVANCED_FACE('',(#7750),#7523,.T.);
#7750 = FACE_BOUND('',#7751,.T.);
#7751 = EDGE_LOOP('',(#7752,#7773,#7774,#7775));
#7752 = ORIENTED_EDGE('',*,*,#7753,.F.);
#7753 = EDGE_CURVE('',#7482,#7683,#7754,.T.);
#7754 = SURFACE_CURVE('',#7755,(#7759,#7766),.PCURVE_S1.);
#7755 = LINE('',#7756,#7757);
#7756 = CARTESIAN_POINT('',(158.12,-151.696,-1.));
#7757 = VECTOR('',#7758,1.);
#7758 = DIRECTION('',(0.,0.,1.));
#7759 = PCURVE('',#7523,#7760);
#7760 = DEFINITIONAL_REPRESENTATION('',(#7761),#7765);
#7761 = LINE('',#7762,#7763);
#7762 = CARTESIAN_POINT('',(20.04,0.));
#7763 = VECTOR('',#7764,1.);
#7764 = DIRECTION('',(0.,-1.));
#7765 = ( GEOMETRIC_REPRESENTATION_CONTEXT(2) 
PARAMETRIC_REPRESENTATION_CONTEXT() REPRESENTATION_CONTEXT('2D SPACE',''
  ) );
#7766 = PCURVE('',#7498,#7767);
#7767 = DEFINITIONAL_REPRESENTATION('',(#7768),#7772);
#7768 = LINE('',#7769,#7770);
#7769 = CARTESIAN_POINT('',(0.,0.));
#7770 = VECTOR('',#7771,1.);
#7771 = DIRECTION('',(0.,1.));
#7772 = ( GEOMETRIC_REPRESENTATION_CONTEXT(2) 
PARAMETRIC_REPRESENTATION_CONTEXT() REPRESENTATION_CONTEXT('2D SPACE',''
  ) );
#7773 = ORIENTED_EDGE('',*,*,#7510,.T.);
#7774 = ORIENTED_EDGE('',*,*,#7730,.F.);
#7775 = ORIENTED_EDGE('',*,*,#7706,.F.);
#7776 = ADVANCED_FACE('',(#7777),#7498,.F.);
#7777 = FACE_BOUND('',#7778,.F.);
#7778 = EDGE_LOOP('',(#7779,#7780,#7781,#7802));
#7779 = ORIENTED_EDGE('',*,*,#7753,.F.);
#7780 = ORIENTED_EDGE('',*,*,#7481,.T.);
#7781 = ORIENTED_EDGE('',*,*,#7782,.T.);
#7782 = EDGE_CURVE('',#7456,#7662,#7783,.T.);
#7783 = SURFACE_CURVE('',#7784,(#7788,#7795),.PCURVE_S1.);
#7784 = LINE('',#7785,#7786);
#7785 = CARTESIAN_POINT('',(158.92,-150.896,-1.));
#7786 = VECTOR('',#7787,1.);
#7787 = DIRECTION('',(0.,0.,1.));
#7788 = PCURVE('',#7498,#7789);
#7789 = DEFINITIONAL_REPRESENTATION('',(#7790),#7794);
#7790 = LINE('',#7791,#7792);
#7791 = CARTESIAN_POINT('',(1.570796326795,0.));
#7792 = VECTOR('',#7793,1.);
#7793 = DIRECTION('',(0.,1.));
#7794 = ( GEOMETRIC_REPRESENTATION_CONTEXT(2) 
PARAMETRIC_REPRESENTATION_CONTEXT() REPRESENTATION_CONTEXT('2D SPACE',''
  ) );
#7795 = PCURVE('',#7470,#7796);
#7796 = DEFINITIONAL_REPRESENTATION('',(#7797),#7801);
#7797 = LINE('',#7798,#7799);
#7798 = CARTESIAN_POINT('',(0.8,0.));
#7799 = VECTOR('',#7800,1.);
#7800 = DIRECTION('',(0.,-1.));
#7801 = ( GEOMETRIC_REPRESENTATION_CONTEXT(2) 
PARAMETRIC_REPRESENTATION_CONTEXT() REPRESENTATION_CONTEXT('2D SPACE',''
  ) );
#7802 = ORIENTED_EDGE('',*,*,#7682,.F.);
#7803 = ADVANCED_FACE('',(#7804),#7470,.T.);
#7804 = FACE_BOUND('',#7805,.T.);
#7805 = EDGE_LOOP('',(#7806,#7825,#7826,#7827));
#7806 = ORIENTED_EDGE('',*,*,#7807,.T.);
#7807 = EDGE_CURVE('',#7641,#7430,#7808,.T.);
#7808 = SURFACE_CURVE('',#7809,(#7813,#7819),.PCURVE_S1.);
#7809 = LINE('',#7810,#7811);
#7810 = CARTESIAN_POINT('',(158.92,-122.14,-1.));
#7811 = VECTOR('',#7812,1.);
#7812 = DIRECTION('',(0.,0.,-1.));
#7813 = PCURVE('',#7470,#7814);
#7814 = DEFINITIONAL_REPRESENTATION('',(#7815),#7818);
#7815 = B_SPLINE_CURVE_WITH_KNOTS('',1,(#7816,#7817),.UNSPECIFIED.,.F.,
  .F.,(2,2),(-2.2,-1.),.PIECEWISE_BEZIER_KNOTS.);
#7816 = CARTESIAN_POINT('',(29.556,-2.2));
#7817 = CARTESIAN_POINT('',(29.556,-1.));
#7818 = ( GEOMETRIC_REPRESENTATION_CONTEXT(2) 
PARAMETRIC_REPRESENTATION_CONTEXT() REPRESENTATION_CONTEXT('2D SPACE',''
  ) );
#7819 = PCURVE('',#7444,#7820);
#7820 = DEFINITIONAL_REPRESENTATION('',(#7821),#7824);
#7821 = B_SPLINE_CURVE_WITH_KNOTS('',1,(#7822,#7823),.UNSPECIFIED.,.F.,
  .F.,(2,2),(-2.2,-1.),.PIECEWISE_BEZIER_KNOTS.);
#7822 = CARTESIAN_POINT('',(22.74,-2.2));
#7823 = CARTESIAN_POINT('',(22.74,-1.));
#7824 = ( GEOMETRIC_REPRESENTATION_CONTEXT(2) 
PARAMETRIC_REPRESENTATION_CONTEXT() REPRESENTATION_CONTEXT('2D SPACE',''
  ) );
#7825 = ORIENTED_EDGE('',*,*,#7455,.T.);
#7826 = ORIENTED_EDGE('',*,*,#7782,.T.);
#7827 = ORIENTED_EDGE('',*,*,#7661,.F.);
#7828 = ADVANCED_FACE('',(#7829),#7444,.T.);
#7829 = FACE_BOUND('',#7830,.T.);
#7830 = EDGE_LOOP('',(#7831,#7850,#7851,#7852));
#7831 = ORIENTED_EDGE('',*,*,#7832,.T.);
#7832 = EDGE_CURVE('',#7618,#7402,#7833,.T.);
#7833 = SURFACE_CURVE('',#7834,(#7838,#7844),.PCURVE_S1.);
#7834 = LINE('',#7835,#7836);
#7835 = CARTESIAN_POINT('',(159.82,-122.14,-0.5));
#7836 = VECTOR('',#7837,1.);
#7837 = DIRECTION('',(0.,0.,-1.));
#7838 = PCURVE('',#7444,#7839);
#7839 = DEFINITIONAL_REPRESENTATION('',(#7840),#7843);
#7840 = B_SPLINE_CURVE_WITH_KNOTS('',1,(#7841,#7842),.UNSPECIFIED.,.F.,
  .F.,(2,2),(-1.7,-0.5),.PIECEWISE_BEZIER_KNOTS.);
#7841 = CARTESIAN_POINT('',(23.64,-2.2));
#7842 = CARTESIAN_POINT('',(23.64,-1.));
#7843 = ( GEOMETRIC_REPRESENTATION_CONTEXT(2) 
PARAMETRIC_REPRESENTATION_CONTEXT() REPRESENTATION_CONTEXT('2D SPACE',''
  ) );
#7844 = PCURVE('',#7417,#7845);
#7845 = DEFINITIONAL_REPRESENTATION('',(#7846),#7849);
#7846 = B_SPLINE_CURVE_WITH_KNOTS('',1,(#7847,#7848),.UNSPECIFIED.,.F.,
  .F.,(2,2),(-1.7,-0.5),.PIECEWISE_BEZIER_KNOTS.);
#7847 = CARTESIAN_POINT('',(30.456,-1.2));
#7848 = CARTESIAN_POINT('',(30.456,0.));
#7849 = ( GEOMETRIC_REPRESENTATION_CONTEXT(2) 
PARAMETRIC_REPRESENTATION_CONTEXT() REPRESENTATION_CONTEXT('2D SPACE',''
  ) );
#7850 = ORIENTED_EDGE('',*,*,#7429,.T.);
#7851 = ORIENTED_EDGE('',*,*,#7807,.F.);
#7852 = ORIENTED_EDGE('',*,*,#7640,.F.);
#7853 = ADVANCED_FACE('',(#7854),#7417,.F.);
#7854 = FACE_BOUND('',#7855,.F.);
#7855 = EDGE_LOOP('',(#7856,#7857,#7858,#7859));
#7856 = ORIENTED_EDGE('',*,*,#7401,.T.);
#7857 = ORIENTED_EDGE('',*,*,#7538,.T.);
#7858 = ORIENTED_EDGE('',*,*,#7617,.T.);
#7859 = ORIENTED_EDGE('',*,*,#7832,.T.);
#7860 = ( GEOMETRIC_REPRESENTATION_CONTEXT(3) 
GLOBAL_UNCERTAINTY_ASSIGNED_CONTEXT((#7864)) 
GLOBAL_UNIT_ASSIGNED_CONTEXT((#7861,#7862,#7863)) REPRESENTATION_CONTEXT
('Context #1','3D Context with UNIT and UNCERTAINTY') );
#7861 = ( LENGTH_UNIT() NAMED_UNIT(*) SI_UNIT(.MILLI.,.METRE.) );
#7862 = ( NAMED_UNIT(*) PLANE_ANGLE_UNIT() SI_UNIT($,.RADIAN.) );
#7863 = ( NAMED_UNIT(*) SI_UNIT($,.STERADIAN.) SOLID_ANGLE_UNIT() );
#7864 = UNCERTAINTY_MEASURE_WITH_UNIT(LENGTH_MEASURE(1.E-07),#7861,
  'distance_accuracy_value','confusion accuracy');
#7865 = CONTEXT_DEPENDENT_SHAPE_REPRESENTATION(#7866,#7868);
#7866 = ( REPRESENTATION_RELATIONSHIP('','',#7224,#10) 
REPRESENTATION_RELATIONSHIP_WITH_TRANSFORMATION(#7867) 
SHAPE_REPRESENTATION_RELATIONSHIP() );
#7867 = ITEM_DEFINED_TRANSFORMATION('','',#11,#23);
#7868 = PRODUCT_DEFINITION_SHAPE('Placement','Placement of an item',
  #7869);
#7869 = NEXT_ASSEMBLY_USAGE_OCCURRENCE('3','','',#5,#7219,$);
#7870 = PRODUCT_RELATED_PRODUCT_CATEGORY('part',$,(#7221));
ENDSEC;
END-ISO-10303-21;
